// =============================================================
// [Cheat_Sheet_for_Stupid]  
// Author: 烛鵼 Young 
// "The shadow-bird mends broken wings of hardware"  
// =============================================================

#include "font.h"

// ASCII Data (32-126), 4x8
static const uint8_t fonta_data[][4] = {
    { 0x00, 0x00, 0x00, 0x00 }, // ' '
    { 0x00, 0x5e, 0x00, 0x00 }, // '!'
    { 0x00, 0x06, 0x00, 0x06 }, // '\"'
    { 0x24, 0x7e, 0x24, 0x7e }, // '#'
    { 0x48, 0x54, 0xfe, 0x54 }, // '$'
    { 0x44, 0x20, 0x18, 0x44 }, // '%'
    { 0x34, 0x4a, 0x34, 0x50 }, // '&'
    { 0x00, 0x06, 0x00, 0x00 }, // '''
    { 0x00, 0x7c, 0x82, 0x00 }, // '('
    { 0x82, 0x7c, 0x00, 0x00 }, // ')'
    { 0x28, 0x1c, 0x28, 0x00 }, // '*'
    { 0x10, 0x38, 0x10, 0x00 }, // '+'
    { 0x80, 0x40, 0x00, 0x00 }, // ','
    { 0x10, 0x10, 0x10, 0x00 }, // '-'
    { 0x00, 0x40, 0x00, 0x00 }, // '.'
    { 0xc0, 0x38, 0x06, 0x00 }, // '/'
    { 0x3c, 0x52, 0x4a, 0x3c }, // '0'
    { 0x00, 0x44, 0x7e, 0x40 }, // '1'
    { 0x64, 0x52, 0x52, 0x4c }, // '2'
    { 0x24, 0x42, 0x4a, 0x34 }, // '3'
    { 0x38, 0x24, 0x7e, 0x20 }, // '4'
    { 0x4e, 0x4a, 0x4a, 0x32 }, // '5'
    { 0x3c, 0x4a, 0x4a, 0x30 }, // '6'
    { 0x02, 0x02, 0x72, 0x0e }, // '7'
    { 0x34, 0x4a, 0x4a, 0x34 }, // '8'
    { 0x0c, 0x52, 0x52, 0x3c }, // '9'
    { 0x00, 0x48, 0x00, 0x00 }, // ':'
    { 0x80, 0x48, 0x00, 0x00 }, // ';'
    { 0x10, 0x28, 0x44, 0x00 }, // '<'
    { 0x28, 0x28, 0x28, 0x00 }, // '='
    { 0x44, 0x28, 0x10, 0x00 }, // '>'
    { 0x04, 0x02, 0x52, 0x0c }, // '?'
    { 0x3c, 0x4a, 0x56, 0x5c }, // '@'
    { 0x7c, 0x12, 0x12, 0x7c }, // 'A'
    { 0x7e, 0x4a, 0x4a, 0x34 }, // 'B'
    { 0x3c, 0x42, 0x42, 0x42 }, // 'C'
    { 0x7e, 0x42, 0x42, 0x3c }, // 'D'
    { 0x7e, 0x4a, 0x4a, 0x42 }, // 'E'
    { 0x7e, 0x0a, 0x0a, 0x02 }, // 'F'
    { 0x3c, 0x42, 0x52, 0x72 }, // 'G'
    { 0x7e, 0x08, 0x08, 0x7e }, // 'H'
    { 0x42, 0x7e, 0x42, 0x00 }, // 'I'
    { 0x20, 0x40, 0x40, 0x3e }, // 'J'
    { 0x7e, 0x08, 0x14, 0x62 }, // 'K'
    { 0x7e, 0x40, 0x40, 0x00 }, // 'L'
    { 0x7e, 0x0c, 0x70, 0x0c }, // 'M'
    { 0x7e, 0x04, 0x08, 0x7e }, // 'N'
    { 0x3c, 0x42, 0x42, 0x3c }, // 'O'
    { 0x7e, 0x12, 0x12, 0x0c }, // 'P'
    { 0x3c, 0x42, 0x42, 0xbc }, // 'Q'
    { 0x7e, 0x12, 0x12, 0x6c }, // 'R'
    { 0x44, 0x4a, 0x4a, 0x32 }, // 'S'
    { 0x02, 0x02, 0x7e, 0x02 }, // 'T'
    { 0x3e, 0x40, 0x40, 0x3e }, // 'U'
    { 0x7e, 0x40, 0x30, 0x0e }, // 'V'
    { 0x1e, 0x60, 0x1e, 0x60 }, // 'W'
    { 0x76, 0x08, 0x08, 0x76 }, // 'X'
    { 0x02, 0x0c, 0x70, 0x0c }, // 'Y'
    { 0x62, 0x52, 0x4a, 0x46 }, // 'Z'
    { 0x00, 0xfe, 0x82, 0x00 }, // '['
    { 0x06, 0x38, 0xc0, 0x00 }, // '\\'
    { 0x82, 0xfe, 0x00, 0x00 }, // ']'
    { 0x04, 0x02, 0x04, 0x00 }, // '^'
    { 0x80, 0x80, 0x80, 0x00 }, // '_'
    { 0x00, 0x02, 0x04, 0x00 }, // '`'
    { 0x30, 0x48, 0x78, 0x00 }, // 'a'
    { 0x7e, 0x48, 0x30, 0x00 }, // 'b'
    { 0x30, 0x48, 0x48, 0x00 }, // 'c'
    { 0x30, 0x48, 0x7e, 0x00 }, // 'd'
    { 0x30, 0x68, 0x58, 0x00 }, // 'e'
    { 0x08, 0x7c, 0x0a, 0x00 }, // 'f'
    { 0x90, 0xa8, 0x78, 0x00 }, // 'g'
    { 0x7e, 0x08, 0x70, 0x00 }, // 'h'
    { 0x48, 0x7a, 0x40, 0x00 }, // 'i'
    { 0x88, 0x88, 0x7a, 0x00 }, // 'j'
    { 0x7e, 0x10, 0x68, 0x00 }, // 'k'
    { 0x02, 0x7e, 0x40, 0x00 }, // 'l'
    { 0x78, 0x08, 0x70, 0x08 }, // 'm'
    { 0x78, 0x08, 0x70, 0x00 }, // 'n'
    { 0x30, 0x48, 0x30, 0x00 }, // 'o'
    { 0xf8, 0x48, 0x30, 0x00 }, // 'p'
    { 0x30, 0x48, 0xf8, 0x00 }, // 'q'
    { 0x78, 0x10, 0x08, 0x00 }, // 'r'
    { 0x50, 0x78, 0x28, 0x00 }, // 's'
    { 0x08, 0x3c, 0x48, 0x00 }, // 't'
    { 0x38, 0x40, 0x78, 0x00 }, // 'u'
    { 0x78, 0x40, 0x20, 0x18 }, // 'v'
    { 0x18, 0x60, 0x18, 0x60 }, // 'w'
    { 0x68, 0x10, 0x68, 0x00 }, // 'x'
    { 0x98, 0xa0, 0x78, 0x00 }, // 'y'
    { 0x68, 0x58, 0x48, 0x00 }, // 'z'
    { 0x10, 0x6c, 0x82, 0x00 }, // '{'
    { 0x00, 0xfe, 0x00, 0x00 }, // '|'
    { 0x82, 0x6c, 0x10, 0x00 }, // '}'
    { 0x10, 0x08, 0x10, 0x08 }, // '~'
};

const ASCIIFont fonta = {
    .h = 8,
    .w = 4,
    .chars = (const uint8_t *)fonta_data
};

// Unicode Data (Sorted), 8x8
// Each entry: 4 bytes UTF-8 code + Bitmap data
static const uint8_t fontu_data[][12] = {
    { 0xc2, 0xb7, 0x00, 0x00, 0x00, 0x10, 0x00, 0x00, 0x00, 0x00, 0x00, 0x00 }, // ·
    { 0xe2, 0x80, 0x94, 0x00, 0x10, 0x10, 0x10, 0x10, 0x10, 0x10, 0x10, 0x00 }, // —
    { 0xe2, 0x80, 0x98, 0x00, 0x00, 0x00, 0x00, 0x00, 0x0c, 0x0a, 0x00, 0x00 }, // ‘
    { 0xe2, 0x80, 0x99, 0x00, 0x00, 0x0a, 0x06, 0x00, 0x00, 0x00, 0x00, 0x00 }, // ’
    { 0xe2, 0x80, 0x9c, 0x00, 0x00, 0x0c, 0x0a, 0x00, 0x0c, 0x0a, 0x00, 0x00 }, // “
    { 0xe2, 0x80, 0x9d, 0x00, 0x00, 0x0a, 0x06, 0x00, 0x0a, 0x06, 0x00, 0x00 }, // ”
    { 0xe2, 0x80, 0xa6, 0x00, 0x10, 0x00, 0x00, 0x10, 0x00, 0x00, 0x10, 0x00 }, // …
    { 0xe3, 0x80, 0x81, 0x00, 0x00, 0x20, 0xc0, 0x00, 0x00, 0x00, 0x00, 0x00 }, // 、
    { 0xe3, 0x80, 0x82, 0x00, 0x00, 0x40, 0xa0, 0x40, 0x00, 0x00, 0x00, 0x00 }, // 。
    { 0xe3, 0x80, 0x8a, 0x00, 0x00, 0x38, 0xc6, 0x00, 0x38, 0xc6, 0x00, 0x00 }, // 《
    { 0xe3, 0x80, 0x8b, 0x00, 0x00, 0xc6, 0x38, 0x00, 0xc6, 0x38, 0x00, 0x00 }, // 》
    { 0xe3, 0x80, 0x8c, 0x00, 0x00, 0x00, 0x00, 0x3e, 0x02, 0x02, 0x00, 0x00 }, // 「
    { 0xe3, 0x80, 0x8d, 0x00, 0x00, 0x80, 0x80, 0xf8, 0x00, 0x00, 0x00, 0x00 }, // 」
    { 0xe3, 0x80, 0x90, 0x00, 0x00, 0x00, 0x00, 0xfe, 0xc6, 0x82, 0x00, 0x00 }, // 【
    { 0xe3, 0x80, 0x91, 0x00, 0x00, 0x82, 0xc6, 0xfe, 0x00, 0x00, 0x00, 0x00 }, // 】
    { 0xe4, 0xb8, 0x80, 0x00, 0x10, 0x10, 0x10, 0x10, 0x10, 0x10, 0x10, 0x00 }, // 一
    { 0xe4, 0xb8, 0x81, 0x00, 0x02, 0x02, 0x82, 0xfe, 0x02, 0x02, 0x02, 0x00 }, // 丁
    { 0xe4, 0xb8, 0x83, 0x00, 0x10, 0x10, 0x7e, 0x90, 0x88, 0x88, 0xc8, 0x00 }, // 七
    { 0xe4, 0xb8, 0x87, 0x00, 0x82, 0x42, 0x3e, 0x0a, 0x8a, 0xfa, 0x02, 0x00 }, // 万
    { 0xe4, 0xb8, 0x88, 0x00, 0x84, 0x84, 0x54, 0x3e, 0x44, 0x84, 0x84, 0x00 }, // 丈
    { 0xe4, 0xb8, 0x89, 0x00, 0x80, 0x82, 0x92, 0x92, 0x92, 0x82, 0x80, 0x00 }, // 三
    { 0xe4, 0xb8, 0x8a, 0x00, 0x80, 0x80, 0x80, 0xfe, 0x88, 0x88, 0x80, 0x00 }, // 上
    { 0xe4, 0xb8, 0x8b, 0x00, 0x02, 0x02, 0x02, 0xfe, 0x0a, 0x12, 0x02, 0x00 }, // 下
    { 0xe4, 0xb8, 0x8d, 0x00, 0x22, 0x22, 0x12, 0xfe, 0x02, 0x12, 0x22, 0x00 }, // 不
    { 0xe4, 0xb8, 0x8e, 0x00, 0x40, 0x5e, 0x54, 0x54, 0x94, 0xf4, 0x04, 0x00 }, // 与
    { 0xe4, 0xb8, 0x90, 0x00, 0x02, 0x3a, 0x22, 0x3e, 0x2a, 0xaa, 0xe2, 0x00 }, // 丐
    { 0xe4, 0xb8, 0x91, 0x00, 0x90, 0x92, 0xf2, 0x9e, 0x92, 0xfe, 0x80, 0x00 }, // 丑
    { 0xe4, 0xb8, 0x93, 0x00, 0x10, 0x54, 0x74, 0x5e, 0x54, 0xd4, 0x10, 0x00 }, // 专
    { 0xe4, 0xb8, 0x94, 0x00, 0x80, 0xfe, 0xaa, 0xaa, 0xaa, 0xfe, 0x80, 0x00 }, // 且
    { 0xe4, 0xb8, 0x96, 0x00, 0x08, 0xfe, 0x88, 0xbe, 0xa8, 0xbe, 0x88, 0x00 }, // 世
    { 0xe4, 0xb8, 0x98, 0x00, 0x80, 0xfc, 0x94, 0x94, 0xf2, 0x92, 0x80, 0x00 }, // 丘
    { 0xe4, 0xb8, 0x99, 0x00, 0xfa, 0x4a, 0x2a, 0x1e, 0x2a, 0x8a, 0xfa, 0x00 }, // 丙
    { 0xe4, 0xb8, 0x9a, 0x00, 0x98, 0x80, 0xfe, 0x80, 0xfe, 0x90, 0x88, 0x00 }, // 业
    { 0xe4, 0xb8, 0x9b, 0x00, 0xa0, 0x98, 0x86, 0xa8, 0x90, 0x8e, 0xb0, 0x00 }, // 丛
    { 0xe4, 0xb8, 0x9c, 0x00, 0x84, 0x54, 0x9c, 0xf6, 0x14, 0x54, 0x84, 0x00 }, // 东
    { 0xe4, 0xb8, 0x9d, 0x00, 0xb4, 0xaa, 0xa0, 0x80, 0xb4, 0xaa, 0xa0, 0x00 }, // 丝
    { 0xe4, 0xb8, 0xa2, 0x00, 0xa4, 0xac, 0xec, 0xbc, 0xaa, 0x6a, 0xa2, 0x00 }, // 丢
    { 0xe4, 0xb8, 0xa4, 0x00, 0xfa, 0x2a, 0x1e, 0x2a, 0x1e, 0xaa, 0xfa, 0x00 }, // 两
    { 0xe4, 0xb8, 0xa5, 0x00, 0x8a, 0x62, 0x3e, 0x22, 0x3e, 0x22, 0x2a, 0x00 }, // 严
    { 0xe4, 0xb8, 0xa7, 0x00, 0x24, 0xec, 0xa4, 0xbe, 0x64, 0xac, 0xa4, 0x00 }, // 丧
    { 0xe4, 0xb8, 0xaa, 0x00, 0x08, 0x08, 0x04, 0xfa, 0x04, 0x08, 0x08, 0x00 }, // 个
    { 0xe4, 0xb8, 0xad, 0x00, 0x3c, 0x24, 0x24, 0xfe, 0x24, 0x24, 0x3c, 0x00 }, // 中
    { 0xe4, 0xb8, 0xb0, 0x00, 0x44, 0x54, 0x54, 0xfe, 0x54, 0x54, 0x44, 0x00 }, // 丰
    { 0xe4, 0xb8, 0xb2, 0x00, 0x60, 0x6c, 0x6c, 0xfe, 0x6c, 0x6c, 0x60, 0x00 }, // 串
    { 0xe4, 0xb8, 0xb4, 0x00, 0x7c, 0x00, 0xfe, 0xa8, 0xe6, 0xac, 0xe4, 0x00 }, // 临
    { 0xe4, 0xb8, 0xb8, 0x00, 0x84, 0x54, 0x3e, 0x24, 0xfc, 0x80, 0xc0, 0x00 }, // 丸
    { 0xe4, 0xb8, 0xb9, 0x00, 0xa0, 0x7e, 0x22, 0x2a, 0xa2, 0xfe, 0x20, 0x00 }, // 丹
    { 0xe4, 0xb8, 0xba, 0x00, 0x80, 0x4a, 0x38, 0x0e, 0x28, 0x88, 0xf8, 0x00 }, // 为
    { 0xe4, 0xb8, 0xbb, 0x00, 0x88, 0xa8, 0xaa, 0xfc, 0xa8, 0xa8, 0x88, 0x00 }, // 主
    { 0xe4, 0xb8, 0xbd, 0x00, 0xfa, 0x2a, 0xfa, 0x02, 0xfa, 0x2a, 0xfa, 0x00 }, // 丽
    { 0xe4, 0xb8, 0xbe, 0x00, 0x14, 0x4e, 0x54, 0xfe, 0x54, 0x4e, 0x14, 0x00 }, // 举
    { 0xe4, 0xb9, 0x83, 0x00, 0x82, 0x62, 0x1e, 0x02, 0x0e, 0x88, 0xf8, 0x00 }, // 乃
    { 0xe4, 0xb9, 0x85, 0x00, 0x90, 0x88, 0x46, 0x44, 0x34, 0x4c, 0x80, 0x00 }, // 久
    { 0xe4, 0xb9, 0x88, 0x00, 0x80, 0x90, 0xc8, 0xa6, 0x90, 0x48, 0x80, 0x00 }, // 么
    { 0xe4, 0xb9, 0x89, 0x00, 0x80, 0x88, 0x52, 0x24, 0x50, 0x8c, 0x80, 0x00 }, // 义
    { 0xe4, 0xb9, 0x8b, 0x00, 0x80, 0x44, 0x44, 0xa6, 0x94, 0x8c, 0x80, 0x00 }, // 之
    { 0xe4, 0xb9, 0x8c, 0x00, 0x80, 0xbc, 0xa4, 0xa6, 0xa4, 0x3c, 0xe0, 0x00 }, // 乌
    { 0xe4, 0xb9, 0x8d, 0x00, 0x10, 0x08, 0x06, 0xfc, 0x54, 0x54, 0x54, 0x00 }, // 乍
    { 0xe4, 0xb9, 0x8e, 0x00, 0x24, 0x2c, 0xa4, 0xfc, 0x22, 0x2a, 0x22, 0x00 }, // 乎
    { 0xe4, 0xb9, 0x8f, 0x00, 0x80, 0x4a, 0x4a, 0xae, 0x9a, 0x8a, 0x80, 0x00 }, // 乏
    { 0xe4, 0xb9, 0x90, 0x00, 0x80, 0x5c, 0x94, 0xfc, 0x12, 0x52, 0x80, 0x00 }, // 乐
    { 0xe4, 0xb9, 0x92, 0x00, 0xa0, 0xbc, 0x2c, 0x2c, 0x3a, 0x2a, 0x20, 0x00 }, // 乒
    { 0xe4, 0xb9, 0x93, 0x00, 0x20, 0x3c, 0x2c, 0x2c, 0x3a, 0xaa, 0xa0, 0x00 }, // 乓
    { 0xe4, 0xb9, 0x94, 0x00, 0x14, 0x94, 0x6e, 0x06, 0xee, 0x14, 0x14, 0x00 }, // 乔
    { 0xe4, 0xb9, 0x96, 0x00, 0x58, 0x7c, 0x0c, 0xfc, 0x0a, 0x7a, 0x58, 0x00 }, // 乖
    { 0xe4, 0xb9, 0x98, 0x00, 0xa8, 0xbc, 0x4c, 0xfc, 0x4a, 0xba, 0xa8, 0x00 }, // 乘
    { 0xe4, 0xb9, 0x99, 0x00, 0x40, 0xa2, 0x92, 0x8a, 0x86, 0x80, 0xc0, 0x00 }, // 乙
    { 0xe4, 0xb9, 0x9d, 0x00, 0x84, 0x64, 0x1e, 0x04, 0xfc, 0x80, 0xc0, 0x00 }, // 九
    { 0xe4, 0xb9, 0x9e, 0x00, 0x08, 0x46, 0xac, 0xac, 0x9c, 0x84, 0xc4, 0x00 }, // 乞
    { 0xe4, 0xb9, 0x9f, 0x00, 0x10, 0x7c, 0x88, 0xbe, 0x84, 0x9c, 0xc0, 0x00 }, // 也
    { 0xe4, 0xb9, 0xa0, 0x00, 0x00, 0x42, 0x4a, 0x2a, 0x22, 0x92, 0xfe, 0x00 }, // 习
    { 0xe4, 0xb9, 0xa1, 0x00, 0x80, 0xa4, 0xb4, 0x6a, 0x68, 0x24, 0x10, 0x00 }, // 乡
    { 0xe4, 0xb9, 0xa6, 0x00, 0x10, 0x14, 0x14, 0xfe, 0x14, 0x5c, 0x72, 0x00 }, // 书
    { 0xe4, 0xb9, 0xb0, 0x00, 0xa2, 0xaa, 0xb2, 0x62, 0x3e, 0xa2, 0xa6, 0x00 }, // 买
    { 0xe4, 0xb9, 0xb1, 0x00, 0x08, 0xec, 0xbc, 0xea, 0x08, 0xfe, 0x80, 0x00 }, // 乱
    { 0xe4, 0xb9, 0xb3, 0x00, 0x24, 0xac, 0xec, 0x3a, 0x26, 0xfe, 0x80, 0x00 }, // 乳
    { 0xe4, 0xb9, 0xbe, 0x00, 0x5a, 0xee, 0x5a, 0x46, 0xac, 0x9c, 0xc4, 0x00 }, // 乾
    { 0xe4, 0xba, 0x86, 0x00, 0x02, 0x02, 0x82, 0xfa, 0x0a, 0x06, 0x02, 0x00 }, // 了
    { 0xe4, 0xba, 0x88, 0x00, 0x10, 0x12, 0x96, 0xfa, 0x16, 0x12, 0x30, 0x00 }, // 予
    { 0xe4, 0xba, 0x89, 0x00, 0x14, 0x54, 0xda, 0xfa, 0x5e, 0x78, 0x10, 0x00 }, // 争
    { 0xe4, 0xba, 0x8b, 0x00, 0x54, 0x5c, 0xd4, 0xfe, 0x54, 0x7c, 0x24, 0x00 }, // 事
    { 0xe4, 0xba, 0x8c, 0x00, 0x40, 0x44, 0x44, 0x44, 0x44, 0x44, 0x40, 0x00 }, // 二
    { 0xe4, 0xba, 0x8e, 0x00, 0x10, 0x12, 0x92, 0xfe, 0x12, 0x12, 0x10, 0x00 }, // 于
    { 0xe4, 0xba, 0x8f, 0x00, 0x08, 0x0a, 0x3a, 0xaa, 0xaa, 0xea, 0x08, 0x00 }, // 亏
    { 0xe4, 0xba, 0x91, 0x00, 0x88, 0x8a, 0xca, 0xba, 0x8a, 0x4a, 0x88, 0x00 }, // 云
    { 0xe4, 0xba, 0x92, 0x00, 0x82, 0xa2, 0xbe, 0xaa, 0xea, 0x9a, 0x82, 0x00 }, // 互
    { 0xe4, 0xba, 0x94, 0x00, 0x80, 0x92, 0xf2, 0x9e, 0x92, 0xf2, 0x80, 0x00 }, // 五
    { 0xe4, 0xba, 0x95, 0x00, 0x24, 0xa4, 0x7e, 0x24, 0x24, 0xfe, 0x24, 0x00 }, // 井
    { 0xe4, 0xba, 0x9a, 0x00, 0xba, 0x82, 0xfe, 0x82, 0xfe, 0xa2, 0x9a, 0x00 }, // 亚
    { 0xe4, 0xba, 0x9b, 0x00, 0x9c, 0xb0, 0xbe, 0xb4, 0xa0, 0xbe, 0x94, 0x00 }, // 些
    { 0xe4, 0xba, 0xa1, 0x00, 0x04, 0xfc, 0x84, 0x86, 0x84, 0x84, 0x84, 0x00 }, // 亡
    { 0xe4, 0xba, 0xa4, 0x00, 0x94, 0x94, 0xac, 0x46, 0xac, 0x94, 0x94, 0x00 }, // 交
    { 0xe4, 0xba, 0xa5, 0x00, 0x84, 0x94, 0xbc, 0x56, 0x2c, 0x54, 0x84, 0x00 }, // 亥
    { 0xe4, 0xba, 0xa6, 0x00, 0x44, 0xb4, 0x7c, 0x86, 0xfc, 0x14, 0x64, 0x00 }, // 亦
    { 0xe4, 0xba, 0xa7, 0x00, 0x84, 0x74, 0x1c, 0x16, 0x14, 0x1c, 0x14, 0x00 }, // 产
    { 0xe4, 0xba, 0xa9, 0x00, 0x04, 0xfc, 0xac, 0xfe, 0xac, 0xfc, 0x04, 0x00 }, // 亩
    { 0xe4, 0xba, 0xab, 0x00, 0x44, 0x5c, 0x54, 0xd6, 0x74, 0x5c, 0x44, 0x00 }, // 享
    { 0xe4, 0xba, 0xac, 0x00, 0x84, 0x5c, 0x94, 0xf6, 0x14, 0x5c, 0x84, 0x00 }, // 京
    { 0xe4, 0xba, 0xad, 0x00, 0x34, 0x1c, 0xb4, 0xf6, 0x34, 0x1c, 0x34, 0x00 }, // 亭
    { 0xe4, 0xba, 0xae, 0x00, 0xb4, 0x9c, 0x54, 0x56, 0xd4, 0x9c, 0xb4, 0x00 }, // 亮
    { 0xe4, 0xba, 0xb2, 0x00, 0x90, 0x34, 0xbc, 0xf6, 0x3c, 0x34, 0x90, 0x00 }, // 亲
    { 0xe4, 0xba, 0xba, 0x00, 0x80, 0x40, 0x30, 0x0e, 0x30, 0x40, 0x80, 0x00 }, // 人
    { 0xe4, 0xba, 0xbf, 0x00, 0x08, 0xfc, 0x02, 0x62, 0x92, 0x8a, 0xc6, 0x00 }, // 亿
    { 0xe4, 0xbb, 0x80, 0x00, 0x08, 0xfc, 0x0a, 0x08, 0xfe, 0x08, 0x08, 0x00 }, // 什
    { 0xe4, 0xbb, 0x81, 0x00, 0x08, 0xfc, 0x02, 0x84, 0x84, 0x84, 0x84, 0x00 }, // 仁
    { 0xe4, 0xbb, 0x85, 0x00, 0x08, 0xfc, 0x02, 0x80, 0x9a, 0x62, 0x9e, 0x00 }, // 仅
    { 0xe4, 0xbb, 0x86, 0x00, 0x08, 0xfc, 0x02, 0x00, 0xfe, 0x10, 0x20, 0x00 }, // 仆
    { 0xe4, 0xbb, 0x87, 0x00, 0x08, 0xfc, 0x86, 0x7c, 0x06, 0xfc, 0x80, 0x00 }, // 仇
    { 0xe4, 0xbb, 0x8a, 0x00, 0x08, 0x28, 0xa4, 0xaa, 0x64, 0x28, 0x08, 0x00 }, // 今
    { 0xe4, 0xbb, 0x8b, 0x00, 0x08, 0x88, 0x74, 0x02, 0xf4, 0x08, 0x08, 0x00 }, // 介
    { 0xe4, 0xbb, 0x8d, 0x00, 0x08, 0xfc, 0x82, 0x7e, 0x02, 0x8e, 0xf8, 0x00 }, // 仍
    { 0xe4, 0xbb, 0x8e, 0x00, 0x80, 0x60, 0x1e, 0xa0, 0x40, 0x3e, 0xc0, 0x00 }, // 从
    { 0xe4, 0xbb, 0x91, 0x00, 0x08, 0x78, 0xa4, 0xa2, 0x94, 0x98, 0xc8, 0x00 }, // 仑
    { 0xe4, 0xbb, 0x93, 0x00, 0x08, 0x78, 0x94, 0x92, 0xb4, 0x88, 0xc8, 0x00 }, // 仓
    { 0xe4, 0xbb, 0x94, 0x00, 0x08, 0xfc, 0x12, 0x92, 0xfa, 0x16, 0x10, 0x00 }, // 仔
    { 0xe4, 0xbb, 0x96, 0x00, 0x08, 0xfc, 0x12, 0xfc, 0x88, 0xbe, 0xd8, 0x00 }, // 他
    { 0xe4, 0xbb, 0x97, 0x00, 0x08, 0xfc, 0x86, 0x54, 0x3e, 0x44, 0x84, 0x00 }, // 仗
    { 0xe4, 0xbb, 0x98, 0x00, 0x08, 0xfc, 0x02, 0x14, 0xa4, 0xfe, 0x04, 0x00 }, // 付
    { 0xe4, 0xbb, 0x99, 0x00, 0x08, 0xfc, 0xfa, 0x80, 0xfe, 0x80, 0xf8, 0x00 }, // 仙
    { 0xe4, 0xbb, 0xa3, 0x00, 0x08, 0xfc, 0x02, 0x08, 0x1e, 0x68, 0x8a, 0x00 }, // 代
    { 0xe4, 0xbb, 0xa4, 0x00, 0x08, 0x28, 0x64, 0xaa, 0xa4, 0x68, 0x08, 0x00 }, // 令
    { 0xe4, 0xbb, 0xa5, 0x00, 0x7e, 0x20, 0x84, 0x88, 0x40, 0x7e, 0x80, 0x00 }, // 以
    { 0xe4, 0xbb, 0xaa, 0x00, 0x08, 0xfc, 0x02, 0xb0, 0x46, 0xb0, 0x8c, 0x00 }, // 仪
    { 0xe4, 0xbb, 0xac, 0x00, 0x08, 0xfc, 0x02, 0xfa, 0x00, 0x82, 0xfe, 0x00 }, // 们
    { 0xe4, 0xbb, 0xb0, 0x00, 0x18, 0xfe, 0x7c, 0x22, 0xfc, 0x04, 0x3c, 0x00 }, // 仰
    { 0xe4, 0xbb, 0xb2, 0x00, 0x08, 0xfc, 0x3e, 0x24, 0xfe, 0x24, 0x3c, 0x00 }, // 仲
    { 0xe4, 0xbb, 0xb6, 0x00, 0x08, 0xfc, 0x02, 0x28, 0x26, 0xfe, 0x24, 0x00 }, // 件
    { 0xe4, 0xbb, 0xb7, 0x00, 0x08, 0xfc, 0x8a, 0x74, 0x02, 0xf4, 0x08, 0x00 }, // 价
    { 0xe4, 0xbb, 0xbb, 0x00, 0x08, 0xfc, 0x12, 0x94, 0xfc, 0x92, 0x10, 0x00 }, // 任
    { 0xe4, 0xbb, 0xbd, 0x00, 0x08, 0xfc, 0x8a, 0x76, 0x90, 0xf6, 0x08, 0x00 }, // 份
    { 0xe4, 0xbb, 0xbf, 0x00, 0x08, 0xfc, 0x02, 0x84, 0x7c, 0x96, 0xf4, 0x00 }, // 仿
    { 0xe4, 0xbc, 0x81, 0x00, 0x88, 0xe8, 0x84, 0xfa, 0xa4, 0xa8, 0x88, 0x00 }, // 企
    { 0xe4, 0xbc, 0x8a, 0x00, 0x08, 0xfc, 0x0a, 0xaa, 0x7e, 0x2a, 0x3e, 0x00 }, // 伊
    { 0xe4, 0xbc, 0x8d, 0x00, 0x08, 0xfc, 0x92, 0xf2, 0x9e, 0xf2, 0x80, 0x00 }, // 伍
    { 0xe4, 0xbc, 0x8f, 0x00, 0x08, 0xfc, 0x8a, 0x48, 0x3e, 0x48, 0x8a, 0x00 }, // 伏
    { 0xe4, 0xbc, 0x90, 0x00, 0x08, 0xfc, 0x02, 0x88, 0xbe, 0x48, 0xaa, 0x00 }, // 伐
    { 0xe4, 0xbc, 0x91, 0x00, 0x08, 0xfc, 0x46, 0x34, 0xfe, 0x34, 0x44, 0x00 }, // 休
    { 0xe4, 0xbc, 0x97, 0x00, 0x88, 0x48, 0x34, 0xa2, 0x44, 0x38, 0xc8, 0x00 }, // 众
    { 0xe4, 0xbc, 0x98, 0x00, 0x08, 0xfc, 0x82, 0x44, 0x3e, 0xf4, 0x86, 0x00 }, // 优
    { 0xe4, 0xbc, 0x99, 0x00, 0x08, 0xfc, 0x9a, 0x40, 0x3e, 0x50, 0x88, 0x00 }, // 伙
    { 0xe4, 0xbc, 0x9a, 0x00, 0xa8, 0xa8, 0xe4, 0xaa, 0xac, 0x68, 0xa8, 0x00 }, // 会
    { 0xe4, 0xbc, 0x9e, 0x00, 0x48, 0x58, 0x64, 0xfa, 0x64, 0x58, 0x48, 0x00 }, // 伞
    { 0xe4, 0xbc, 0x9f, 0x00, 0x08, 0xfc, 0x46, 0x54, 0xfe, 0x54, 0xc4, 0x00 }, // 伟
    { 0xe4, 0xbc, 0xa0, 0x00, 0x08, 0xfc, 0x12, 0x74, 0x5e, 0x54, 0xd0, 0x00 }, // 传
    { 0xe4, 0xbc, 0xa4, 0x00, 0x08, 0xfc, 0x02, 0xa8, 0x76, 0xa4, 0xe4, 0x00 }, // 伤
    { 0xe4, 0xbc, 0xa6, 0x00, 0x08, 0xfc, 0x0a, 0xf4, 0xa2, 0x94, 0xc8, 0x00 }, // 伦
    { 0xe4, 0xbc, 0xaa, 0x00, 0x08, 0xfc, 0x8a, 0x7e, 0x28, 0x88, 0xf8, 0x00 }, // 伪
    { 0xe4, 0xbc, 0xaf, 0x00, 0x08, 0xfc, 0x02, 0xfc, 0x96, 0x94, 0xfc, 0x00 }, // 伯
    { 0xe4, 0xbc, 0xb0, 0x00, 0x08, 0xfc, 0x0a, 0xe8, 0xbe, 0xe8, 0x08, 0x00 }, // 估
    { 0xe4, 0xbc, 0xb4, 0x00, 0x08, 0xfc, 0x02, 0x54, 0x50, 0xfe, 0x54, 0x00 }, // 伴
    { 0xe4, 0xbc, 0xb6, 0x00, 0x08, 0xfc, 0x2a, 0x64, 0xaa, 0xa4, 0x68, 0x00 }, // 伶
    { 0xe4, 0xbc, 0xb8, 0x00, 0x08, 0xfc, 0x7e, 0x54, 0xfe, 0x54, 0x7c, 0x00 }, // 伸
    { 0xe4, 0xbc, 0xba, 0x00, 0x08, 0xfc, 0x02, 0x6a, 0x6a, 0x82, 0xfe, 0x00 }, // 伺
    { 0xe4, 0xbc, 0xbc, 0x00, 0x08, 0xfc, 0x02, 0xbe, 0x90, 0x44, 0xbe, 0x00 }, // 似
    { 0xe4, 0xbd, 0x83, 0x00, 0x08, 0xfc, 0xfe, 0x92, 0xfe, 0x92, 0xfe, 0x00 }, // 佃
    { 0xe4, 0xbd, 0x86, 0x00, 0x08, 0xfc, 0x02, 0xbe, 0xaa, 0xaa, 0xbe, 0x00 }, // 但
    { 0xe4, 0xbd, 0x8d, 0x00, 0x08, 0xfc, 0x86, 0xb4, 0xc6, 0xbc, 0x84, 0x00 }, // 位
    { 0xe4, 0xbd, 0x8e, 0x00, 0x08, 0xfc, 0x02, 0xfc, 0xd4, 0x7c, 0x92, 0x00 }, // 低
    { 0xe4, 0xbd, 0x8f, 0x00, 0x08, 0xfc, 0x02, 0x88, 0xaa, 0xfc, 0xa8, 0x00 }, // 住
    { 0xe4, 0xbd, 0x91, 0x00, 0x08, 0xfc, 0x02, 0x24, 0xfe, 0x94, 0xf4, 0x00 }, // 佑
    { 0xe4, 0xbd, 0x93, 0x00, 0x08, 0xfc, 0x26, 0x54, 0xfe, 0x54, 0x24, 0x00 }, // 体
    { 0xe4, 0xbd, 0x95, 0x00, 0x08, 0xfc, 0x02, 0x3a, 0x2a, 0xba, 0xfe, 0x00 }, // 何
    { 0xe4, 0xbd, 0x99, 0x00, 0xa8, 0x68, 0xac, 0xfa, 0x2c, 0x68, 0xa8, 0x00 }, // 余
    { 0xe4, 0xbd, 0x9b, 0x00, 0x18, 0xfe, 0xb4, 0x7e, 0x2c, 0xfe, 0x6c, 0x00 }, // 佛
    { 0xe4, 0xbd, 0x9c, 0x00, 0x08, 0xfc, 0x02, 0x08, 0xfe, 0x54, 0x54, 0x00 }, // 作
    { 0xe4, 0xbd, 0xa0, 0x00, 0x08, 0xfc, 0x4a, 0xb6, 0xfc, 0x14, 0x6c, 0x00 }, // 你
    { 0xe4, 0xbd, 0xa3, 0x00, 0x08, 0xfc, 0x82, 0x7e, 0xfe, 0x2a, 0xfe, 0x00 }, // 佣
    { 0xe4, 0xbd, 0xa9, 0x00, 0x08, 0xfc, 0xfe, 0x6a, 0xfa, 0x6a, 0xfe, 0x00 }, // 佩
    { 0xe4, 0xbd, 0xb3, 0x00, 0x08, 0xfc, 0x92, 0xb4, 0xfe, 0xb4, 0x90, 0x00 }, // 佳
    { 0xe4, 0xbd, 0xbf, 0x00, 0x08, 0xfc, 0xa6, 0xbc, 0x7e, 0x94, 0x9c, 0x00 }, // 使
    { 0xe4, 0xbe, 0x84, 0x00, 0x08, 0xfc, 0x8a, 0xae, 0xfa, 0xa6, 0x8a, 0x00 }, // 侄
    { 0xe4, 0xbe, 0x88, 0x00, 0x08, 0xfc, 0x12, 0x94, 0xaa, 0x56, 0x30, 0x00 }, // 侈
    { 0xe4, 0xbe, 0x8b, 0x00, 0x08, 0xfc, 0x92, 0x6e, 0x3a, 0x9c, 0xfe, 0x00 }, // 例
    { 0xe4, 0xbe, 0x8d, 0x00, 0x08, 0xfc, 0x52, 0xd4, 0x5e, 0xf4, 0x50, 0x00 }, // 侍
    { 0xe4, 0xbe, 0x9b, 0x00, 0x18, 0xfe, 0xa4, 0x3e, 0x24, 0x3e, 0xa4, 0x00 }, // 供
    { 0xe4, 0xbe, 0x9d, 0x00, 0x08, 0xfc, 0x26, 0xf4, 0x9e, 0x64, 0x94, 0x00 }, // 依
    { 0xe4, 0xbe, 0xa0, 0x00, 0x08, 0xfc, 0xae, 0xa4, 0x7e, 0xa4, 0xac, 0x00 }, // 侠
    { 0xe4, 0xbe, 0xa3, 0x00, 0x08, 0xfc, 0x02, 0xee, 0xaa, 0xaa, 0xee, 0x00 }, // 侣
    { 0xe4, 0xbe, 0xa5, 0x00, 0x08, 0xfc, 0xa6, 0x74, 0x36, 0xec, 0xb4, 0x00 }, // 侥
    { 0xe4, 0xbe, 0xa6, 0x00, 0x08, 0xfc, 0x82, 0xb8, 0x6e, 0x3c, 0x84, 0x00 }, // 侦
    { 0xe4, 0xbe, 0xa7, 0x00, 0x08, 0xfc, 0xbe, 0x7a, 0xbe, 0x1c, 0xfe, 0x00 }, // 侧
    { 0xe4, 0xbe, 0xa8, 0x00, 0x18, 0xfe, 0x94, 0x6e, 0x06, 0xee, 0x14, 0x00 }, // 侨
    { 0xe4, 0xbe, 0xae, 0x00, 0x08, 0xfc, 0x12, 0x76, 0x5c, 0xfc, 0x54, 0x00 }, // 侮
    { 0xe4, 0xbe, 0xaf, 0x00, 0x08, 0xfc, 0x02, 0xa8, 0xba, 0x6e, 0xa8, 0x00 }, // 侯
    { 0xe4, 0xbe, 0xb5, 0x00, 0x08, 0xfc, 0xb2, 0xba, 0x5a, 0xbe, 0xb0, 0x00 }, // 侵
    { 0xe4, 0xbe, 0xbf, 0x00, 0x08, 0xfc, 0x82, 0xae, 0x7e, 0x8e, 0x82, 0x00 }, // 便
    { 0xe4, 0xbf, 0x83, 0x00, 0x08, 0xfc, 0x82, 0x6e, 0x8a, 0xfa, 0xae, 0x00 }, // 促
    { 0xe4, 0xbf, 0x84, 0x00, 0x18, 0xfe, 0x4c, 0xfc, 0x4a, 0x7e, 0xaa, 0x00 }, // 俄
    { 0xe4, 0xbf, 0x8a, 0x00, 0x08, 0xfc, 0x56, 0xae, 0x64, 0xac, 0x96, 0x00 }, // 俊
    { 0xe4, 0xbf, 0x8f, 0x00, 0x08, 0xfc, 0x02, 0xfa, 0x28, 0xae, 0xfa, 0x00 }, // 俏
    { 0xe4, 0xbf, 0x90, 0x00, 0x08, 0xfc, 0x6a, 0xfe, 0x2a, 0x9c, 0xfe, 0x00 }, // 俐
    { 0xe4, 0xbf, 0x97, 0x00, 0x18, 0xfe, 0x24, 0xd2, 0xc8, 0xd2, 0x24, 0x00 }, // 俗
    { 0xe4, 0xbf, 0x98, 0x00, 0x08, 0xfc, 0x26, 0xac, 0xec, 0x3a, 0x26, 0x00 }, // 俘
    { 0xe4, 0xbf, 0x9d, 0x00, 0x08, 0xfc, 0xa2, 0x6e, 0xfa, 0x6e, 0xa0, 0x00 }, // 保
    { 0xe4, 0xbf, 0xa1, 0x00, 0x08, 0xfc, 0x02, 0xc4, 0xd6, 0xd4, 0xc4, 0x00 }, // 信
    { 0xe4, 0xbf, 0xa9, 0x00, 0x08, 0xfc, 0xfa, 0x3e, 0x4a, 0xbe, 0xfa, 0x00 }, // 俩
    { 0xe4, 0xbf, 0xad, 0x00, 0x08, 0xfc, 0xaa, 0xc4, 0xaa, 0xcc, 0xa8, 0x00 }, // 俭
    { 0xe4, 0xbf, 0xae, 0x00, 0x08, 0xfc, 0x7e, 0x94, 0xaa, 0x56, 0x10, 0x00 }, // 修
    { 0xe4, 0xbf, 0xaf, 0x00, 0x08, 0xfc, 0x7e, 0xe4, 0x16, 0xa4, 0xf4, 0x00 }, // 俯
    { 0xe4, 0xbf, 0xb1, 0x00, 0x08, 0xfc, 0xa2, 0x3e, 0x2a, 0x3e, 0xa0, 0x00 }, // 俱
    { 0xe4, 0xbf, 0xba, 0x00, 0x08, 0xfc, 0x16, 0x6c, 0x76, 0xec, 0x94, 0x00 }, // 俺
    { 0xe5, 0x80, 0x8d, 0x00, 0x08, 0xfc, 0x16, 0xfc, 0xb6, 0xfc, 0x14, 0x00 }, // 倍
    { 0xe5, 0x80, 0x92, 0x00, 0x08, 0xfc, 0x5a, 0x76, 0x52, 0x9c, 0xfe, 0x00 }, // 倒
    { 0xe5, 0x80, 0x94, 0x00, 0x08, 0xfc, 0x7e, 0xca, 0x9a, 0xfa, 0xde, 0x00 }, // 倔
    { 0xe5, 0x80, 0x98, 0x00, 0x08, 0xfc, 0xfa, 0x08, 0x6e, 0x68, 0xfa, 0x00 }, // 倘
    { 0xe5, 0x80, 0x99, 0x00, 0x08, 0xfc, 0x7e, 0xa8, 0xba, 0x6e, 0xa8, 0x00 }, // 候
    { 0xe5, 0x80, 0x9a, 0x00, 0x08, 0xfc, 0x26, 0xb4, 0x2e, 0xf4, 0x24, 0x00 }, // 倚
    { 0xe5, 0x80, 0x9f, 0x00, 0x18, 0xfe, 0x14, 0xfe, 0xb4, 0xfe, 0x14, 0x00 }, // 借
    { 0xe5, 0x80, 0xa1, 0x00, 0x08, 0xfc, 0x02, 0xf8, 0xae, 0xae, 0xf8, 0x00 }, // 倡
    { 0xe5, 0x80, 0xa6, 0x00, 0x08, 0xfc, 0x2a, 0xdc, 0xae, 0x9c, 0x2a, 0x00 }, // 倦
    { 0xe5, 0x80, 0xba, 0x00, 0x08, 0xfc, 0xb2, 0x94, 0x5e, 0x14, 0xb0, 0x00 }, // 债
    { 0xe5, 0x80, 0xbc, 0x00, 0x08, 0xfc, 0x86, 0xf4, 0xde, 0xf4, 0x84, 0x00 }, // 值
    { 0xe5, 0x80, 0xbe, 0x00, 0x08, 0xfc, 0x7e, 0x48, 0xba, 0x6e, 0xba, 0x00 }, // 倾
    { 0xe5, 0x81, 0x87, 0x00, 0x08, 0xfc, 0xfe, 0x56, 0xb0, 0x5a, 0xbe, 0x00 }, // 假
    { 0xe5, 0x81, 0x8e, 0x00, 0x08, 0xfc, 0x22, 0xee, 0xaa, 0x6e, 0xae, 0x00 }, // 偎
    { 0xe5, 0x81, 0x8f, 0x00, 0x08, 0xfc, 0x42, 0x3c, 0xee, 0x6c, 0xe0, 0x00 }, // 偏
    { 0xe5, 0x81, 0x9a, 0x00, 0x18, 0xfe, 0x74, 0x5e, 0xf4, 0x7e, 0xbc, 0x00 }, // 做
    { 0xe5, 0x81, 0x9c, 0x00, 0x08, 0xfc, 0x16, 0xbc, 0xf6, 0x3c, 0x34, 0x00 }, // 停
    { 0xe5, 0x81, 0xa5, 0x00, 0x08, 0xfc, 0xaa, 0x76, 0xac, 0xfe, 0xac, 0x00 }, // 健
    { 0xe5, 0x81, 0xb6, 0x00, 0x08, 0xfc, 0xf2, 0x96, 0xfe, 0x56, 0xf0, 0x00 }, // 偶
    { 0xe5, 0x81, 0xb7, 0x00, 0x08, 0xfc, 0x0a, 0xe4, 0xea, 0x0c, 0xe8, 0x00 }, // 偷
    { 0xe5, 0x81, 0xbf, 0x00, 0x08, 0xfc, 0xae, 0xe4, 0xae, 0x6c, 0xae, 0x00 }, // 偿
    { 0xe5, 0x82, 0x80, 0x00, 0x08, 0xfc, 0xbe, 0x54, 0xfe, 0xd4, 0xbc, 0x00 }, // 傀
    { 0xe5, 0x82, 0x85, 0x00, 0x08, 0xfc, 0x26, 0x7c, 0xae, 0xfc, 0x26, 0x00 }, // 傅
    { 0xe5, 0x82, 0x8d, 0x00, 0x08, 0xfc, 0x36, 0x9c, 0x76, 0xdc, 0x34, 0x00 }, // 傍
    { 0xe5, 0x82, 0xa8, 0x00, 0x18, 0xfe, 0x08, 0xfa, 0x34, 0xde, 0xd4, 0x00 }, // 储
    { 0xe5, 0x82, 0xac, 0x00, 0x08, 0xfc, 0x26, 0xfc, 0x96, 0xfc, 0x96, 0x00 }, // 催
    { 0xe5, 0x82, 0xb2, 0x00, 0x18, 0xfe, 0x94, 0x7e, 0xd4, 0x7e, 0xbc, 0x00 }, // 傲
    { 0xe5, 0x82, 0xbb, 0x00, 0x08, 0xfc, 0x92, 0xac, 0x5e, 0xbc, 0x90, 0x00 }, // 傻
    { 0xe5, 0x83, 0x8f, 0x00, 0xfc, 0x02, 0x5c, 0xb6, 0xfe, 0x56, 0xac, 0x00 }, // 像
    { 0xe5, 0x83, 0x9a, 0x00, 0x08, 0xfc, 0x96, 0x3c, 0xd6, 0x3c, 0x94, 0x00 }, // 僚
    { 0xe5, 0x83, 0xa7, 0x00, 0x18, 0xfe, 0x1c, 0xf6, 0xbc, 0xf6, 0x1c, 0x00 }, // 僧
    { 0xe5, 0x83, 0xb5, 0x00, 0x08, 0xfc, 0x02, 0x92, 0xfe, 0xfe, 0x92, 0x00 }, // 僵
    { 0xe5, 0x83, 0xbb, 0x00, 0x08, 0xfc, 0x7e, 0x6c, 0x5c, 0xf6, 0x5c, 0x00 }, // 僻
    { 0xe5, 0x84, 0x92, 0x00, 0x18, 0xfe, 0xcc, 0x56, 0xfe, 0x56, 0xcc, 0x00 }, // 儒
    { 0xe5, 0x84, 0xa1, 0x00, 0x08, 0xfc, 0xe2, 0xee, 0x0e, 0xee, 0xe0, 0x00 }, // 儡
    { 0xe5, 0x84, 0xbf, 0x00, 0x80, 0x40, 0x3e, 0x00, 0xfe, 0x80, 0xc0, 0x00 }, // 儿
    { 0xe5, 0x85, 0x81, 0x00, 0x88, 0x48, 0x3c, 0x0a, 0xf8, 0x84, 0xc8, 0x00 }, // 允
    { 0xe5, 0x85, 0x83, 0x00, 0x88, 0x4a, 0x3a, 0x0a, 0xfa, 0x8a, 0xc8, 0x00 }, // 元
    { 0xe5, 0x85, 0x84, 0x00, 0x80, 0x9e, 0x72, 0x12, 0xf2, 0x9e, 0xc0, 0x00 }, // 兄
    { 0xe5, 0x85, 0x85, 0x00, 0x84, 0x94, 0x7c, 0x16, 0xec, 0x94, 0xc4, 0x00 }, // 充
    { 0xe5, 0x85, 0x86, 0x00, 0xa4, 0x90, 0x7e, 0x00, 0xfe, 0x98, 0xa4, 0x00 }, // 兆
    { 0xe5, 0x85, 0x88, 0x00, 0x98, 0x96, 0x74, 0x1e, 0xf4, 0x94, 0xd0, 0x00 }, // 先
    { 0xe5, 0x85, 0x89, 0x00, 0x90, 0x94, 0x70, 0x1e, 0xf0, 0x94, 0xd0, 0x00 }, // 光
    { 0xe5, 0x85, 0x8b, 0x00, 0x84, 0xbc, 0x6c, 0x2e, 0xec, 0xbc, 0xc4, 0x00 }, // 克
    { 0xe5, 0x85, 0x8d, 0x00, 0x84, 0xbc, 0xaa, 0x7a, 0xee, 0xb8, 0xc0, 0x00 }, // 免
    { 0xe5, 0x85, 0x91, 0x00, 0x80, 0x9c, 0x76, 0x14, 0xf6, 0x9c, 0xc0, 0x00 }, // 兑
    { 0xe5, 0x85, 0x94, 0x00, 0x84, 0xbc, 0x6a, 0xfa, 0xae, 0xe8, 0xb8, 0x00 }, // 兔
    { 0xe5, 0x85, 0x9a, 0x00, 0x8c, 0x86, 0x7c, 0x2e, 0xfc, 0x86, 0xcc, 0x00 }, // 党
    { 0xe5, 0x85, 0x9c, 0x00, 0xbc, 0xa2, 0x7c, 0x2a, 0xfc, 0xa2, 0xbe, 0x00 }, // 兜
    { 0xe5, 0x85, 0xa2, 0x00, 0x84, 0x74, 0xee, 0xb4, 0x74, 0xee, 0xb4, 0x00 }, // 兢
    { 0xe5, 0x85, 0xa5, 0x00, 0x80, 0x40, 0x32, 0x0c, 0x30, 0x40, 0x80, 0x00 }, // 入
    { 0xe5, 0x85, 0xa8, 0x00, 0x88, 0xa8, 0xac, 0xfa, 0xac, 0xa8, 0x88, 0x00 }, // 全
    { 0xe5, 0x85, 0xab, 0x00, 0x80, 0x60, 0x1e, 0x00, 0x1e, 0x60, 0x80, 0x00 }, // 八
    { 0xe5, 0x85, 0xac, 0x00, 0x90, 0x88, 0xc6, 0xb0, 0x86, 0x48, 0x90, 0x00 }, // 公
    { 0xe5, 0x85, 0xad, 0x00, 0x84, 0x44, 0x34, 0x06, 0x34, 0x44, 0x84, 0x00 }, // 六
    { 0xe5, 0x85, 0xb0, 0x00, 0x80, 0x88, 0xaa, 0xa8, 0xac, 0x8a, 0x80, 0x00 }, // 兰
    { 0xe5, 0x85, 0xb1, 0x00, 0xa0, 0xa4, 0x3e, 0x24, 0x3e, 0xa4, 0xa0, 0x00 }, // 共
    { 0xe5, 0x85, 0xb3, 0x00, 0x90, 0x94, 0x56, 0x3c, 0x56, 0x94, 0x90, 0x00 }, // 关
    { 0xe5, 0x85, 0xb4, 0x00, 0xa4, 0xa8, 0x22, 0x24, 0x20, 0xa8, 0xa6, 0x00 }, // 兴
    { 0xe5, 0x85, 0xb5, 0x00, 0xa0, 0xbc, 0x2c, 0x2c, 0x3a, 0xaa, 0xa0, 0x00 }, // 兵
    { 0xe5, 0x85, 0xb6, 0x00, 0xa4, 0xa4, 0x3e, 0x34, 0x3e, 0xa4, 0xa4, 0x00 }, // 其
    { 0xe5, 0x85, 0xb7, 0x00, 0xa0, 0xbe, 0x2a, 0x2a, 0x2a, 0xbe, 0xa0, 0x00 }, // 具
    { 0xe5, 0x85, 0xb8, 0x00, 0xa0, 0xbc, 0x3e, 0x34, 0x3e, 0xbc, 0xa0, 0x00 }, // 典
    { 0xe5, 0x85, 0xbb, 0x00, 0x54, 0xb6, 0x74, 0x1c, 0xf4, 0x36, 0x54, 0x00 }, // 养
    { 0xe5, 0x85, 0xbc, 0x00, 0xa4, 0x6e, 0xfc, 0x2c, 0xfc, 0x56, 0x94, 0x00 }, // 兼
    { 0xe5, 0x85, 0xbd, 0x00, 0x20, 0xf8, 0xaa, 0xb8, 0xac, 0xfa, 0x20, 0x00 }, // 兽
    { 0xe5, 0x86, 0x80, 0x00, 0x54, 0xd4, 0x7e, 0x70, 0x7e, 0xd4, 0x54, 0x00 }, // 冀
    { 0xe5, 0x86, 0x85, 0x00, 0xfc, 0x24, 0x14, 0x0e, 0x14, 0xa4, 0xfc, 0x00 }, // 内
    { 0xe5, 0x86, 0x88, 0x00, 0xfe, 0x42, 0x2a, 0x12, 0x2e, 0x82, 0xfe, 0x00 }, // 冈
    { 0xe5, 0x86, 0x8c, 0x00, 0x90, 0x7e, 0x92, 0xfe, 0x7e, 0x92, 0xfe, 0x00 }, // 册
    { 0xe5, 0x86, 0x8d, 0x00, 0x22, 0xfe, 0x2a, 0x3e, 0xaa, 0xfe, 0x22, 0x00 }, // 再
    { 0xe5, 0x86, 0x92, 0x00, 0x0e, 0xf2, 0xaa, 0xaa, 0xaa, 0xf2, 0x0e, 0x00 }, // 冒
    { 0xe5, 0x86, 0x95, 0x00, 0x90, 0xb6, 0x6a, 0x3a, 0xea, 0xbe, 0xc0, 0x00 }, // 冕
    { 0xe5, 0x86, 0x97, 0x00, 0x86, 0x42, 0x3a, 0x0a, 0xfa, 0x82, 0xc6, 0x00 }, // 冗
    { 0xe5, 0x86, 0x99, 0x00, 0x26, 0x22, 0x3e, 0xaa, 0xaa, 0xea, 0x0e, 0x00 }, // 写
    { 0xe5, 0x86, 0x9b, 0x00, 0x4e, 0x6a, 0x7a, 0xee, 0x6a, 0x6a, 0x4e, 0x00 }, // 军
    { 0xe5, 0x86, 0x9c, 0x00, 0x4c, 0x24, 0xf4, 0x8e, 0x34, 0x44, 0xac, 0x00 }, // 农
    { 0xe5, 0x86, 0xa0, 0x00, 0xa6, 0x6a, 0xea, 0xa2, 0xd2, 0xfa, 0x96, 0x00 }, // 冠
    { 0xe5, 0x86, 0xa4, 0x00, 0x96, 0xb2, 0x6e, 0x3e, 0xee, 0xba, 0xc6, 0x00 }, // 冤
    { 0xe5, 0x86, 0xac, 0x00, 0x20, 0x24, 0x54, 0x6a, 0x96, 0xa0, 0x20, 0x00 }, // 冬
    { 0xe5, 0x86, 0xaf, 0x00, 0xe2, 0x00, 0x5a, 0x52, 0x52, 0x9e, 0xf0, 0x00 }, // 冯
    { 0xe5, 0x86, 0xb0, 0x00, 0xe2, 0x00, 0x28, 0x98, 0xfe, 0x28, 0x44, 0x00 }, // 冰
    { 0xe5, 0x86, 0xb2, 0x00, 0xe2, 0x00, 0x3c, 0x24, 0xfe, 0x24, 0x3c, 0x00 }, // 冲
    { 0xe5, 0x86, 0xb3, 0x00, 0xe2, 0x00, 0x90, 0x94, 0x7e, 0x9c, 0x90, 0x00 }, // 决
    { 0xe5, 0x86, 0xb5, 0x00, 0xe2, 0x00, 0x9e, 0x72, 0x12, 0xf2, 0x9e, 0x00 }, // 况
    { 0xe5, 0x86, 0xb6, 0x00, 0xe2, 0x00, 0x10, 0xd8, 0xd6, 0xc8, 0x10, 0x00 }, // 冶
    { 0xe5, 0x86, 0xb7, 0x00, 0xe2, 0x00, 0x28, 0x64, 0xaa, 0xa4, 0x68, 0x00 }, // 冷
    { 0xe5, 0x86, 0xbb, 0x00, 0xe2, 0x00, 0x54, 0x9c, 0xf6, 0x14, 0x54, 0x00 }, // 冻
    { 0xe5, 0x87, 0x80, 0x00, 0xe2, 0x10, 0x54, 0xdc, 0xfa, 0x5e, 0x78, 0x00 }, // 净
    { 0xe5, 0x87, 0x84, 0x00, 0xe2, 0x00, 0xa4, 0xf4, 0xbe, 0x7c, 0xa4, 0x00 }, // 凄
    { 0xe5, 0x87, 0x86, 0x00, 0xe2, 0x00, 0x08, 0xfe, 0x94, 0xfe, 0x94, 0x00 }, // 准
    { 0xe5, 0x87, 0x89, 0x00, 0xe2, 0x00, 0x44, 0x9c, 0xf6, 0x1c, 0x44, 0x00 }, // 凉
    { 0xe5, 0x87, 0x8c, 0x00, 0xe2, 0x80, 0x50, 0xb4, 0x5e, 0xb4, 0x90, 0x00 }, // 凌
    { 0xe5, 0x87, 0x8f, 0x00, 0xe2, 0x80, 0x7c, 0xd4, 0xd4, 0x7e, 0xa4, 0x00 }, // 减
    { 0xe5, 0x87, 0x91, 0x00, 0xe2, 0x50, 0x34, 0x9c, 0x7e, 0x9c, 0x34, 0x00 }, // 凑
    { 0xe5, 0x87, 0x9b, 0x00, 0xe2, 0x00, 0xa4, 0x3c, 0xf6, 0x3c, 0xa4, 0x00 }, // 凛
    { 0xe5, 0x87, 0x9d, 0x00, 0xe2, 0x00, 0xae, 0x74, 0xb4, 0x7a, 0xae, 0x00 }, // 凝
    { 0xe5, 0x87, 0xa0, 0x00, 0x80, 0x7e, 0x02, 0x02, 0xfe, 0x80, 0xc0, 0x00 }, // 几
    { 0xe5, 0x87, 0xa1, 0x00, 0x80, 0x7e, 0x0a, 0x32, 0x02, 0xfe, 0x80, 0x00 }, // 凡
    { 0xe5, 0x87, 0xa4, 0x00, 0x80, 0x7e, 0x5a, 0x2a, 0x5a, 0xfe, 0x80, 0x00 }, // 凤
    { 0xe5, 0x87, 0xab, 0x00, 0x80, 0x9c, 0x54, 0x5e, 0xd4, 0x9c, 0xb0, 0x00 }, // 凫
    { 0xe5, 0x87, 0xad, 0x00, 0x88, 0x9c, 0x6a, 0x2c, 0xfc, 0xaa, 0x88, 0x00 }, // 凭
    { 0xe5, 0x87, 0xaf, 0x00, 0xf6, 0x94, 0x5e, 0x84, 0xfe, 0x02, 0xfe, 0x00 }, // 凯
    { 0xe5, 0x87, 0xb0, 0x00, 0x80, 0x7e, 0xba, 0xee, 0xba, 0xfe, 0x80, 0x00 }, // 凰
    { 0xe5, 0x87, 0xb3, 0x00, 0xb4, 0xaa, 0x7e, 0x6a, 0xfc, 0xaa, 0xb4, 0x00 }, // 凳
    { 0xe5, 0x87, 0xb6, 0x00, 0xfe, 0xc0, 0xa8, 0x90, 0xac, 0x80, 0xfe, 0x00 }, // 凶
    { 0xe5, 0x87, 0xb8, 0x00, 0xf0, 0x90, 0x9e, 0x82, 0x9e, 0x90, 0xf0, 0x00 }, // 凸
    { 0xe5, 0x87, 0xb9, 0x00, 0xfe, 0x82, 0x9e, 0x90, 0x9e, 0x82, 0xfe, 0x00 }, // 凹
    { 0xe5, 0x87, 0xba, 0x00, 0xe0, 0x9c, 0x90, 0xfe, 0x90, 0x9c, 0xe0, 0x00 }, // 出
    { 0xe5, 0x87, 0xbb, 0x00, 0x10, 0xd4, 0x94, 0xfe, 0x94, 0xd4, 0x10, 0x00 }, // 击
    { 0xe5, 0x87, 0xbd, 0x00, 0xf8, 0xd2, 0xa2, 0xfa, 0xae, 0xd2, 0xf8, 0x00 }, // 函
    { 0xe5, 0x87, 0xbf, 0x00, 0xf6, 0xa4, 0xbe, 0xf4, 0xbe, 0xa4, 0xf6, 0x00 }, // 凿
    { 0xe5, 0x88, 0x80, 0x00, 0x82, 0x42, 0x32, 0x0e, 0x02, 0x82, 0xfe, 0x00 }, // 刀
    { 0xe5, 0x88, 0x81, 0x00, 0x20, 0x22, 0x22, 0x12, 0x12, 0x82, 0xfe, 0x00 }, // 刁
    { 0xe5, 0x88, 0x83, 0x00, 0xa2, 0x9a, 0x42, 0x3e, 0x02, 0x82, 0xfe, 0x00 }, // 刃
    { 0xe5, 0x88, 0x86, 0x00, 0x90, 0x88, 0x56, 0x30, 0x96, 0xf8, 0x10, 0x00 }, // 分
    { 0xe5, 0x88, 0x87, 0x00, 0x08, 0x7e, 0x48, 0x82, 0x7e, 0x82, 0xfe, 0x00 }, // 切
    { 0xe5, 0x88, 0x8a, 0x00, 0x10, 0x12, 0xfe, 0x12, 0x1c, 0x80, 0xfe, 0x00 }, // 刊
    { 0xe5, 0x88, 0x91, 0x00, 0x92, 0x7e, 0x12, 0xfe, 0x12, 0x9c, 0xfe, 0x00 }, // 刑
    { 0xe5, 0x88, 0x92, 0x00, 0x88, 0xbe, 0x48, 0xaa, 0x1c, 0x80, 0xfe, 0x00 }, // 划
    { 0xe5, 0x88, 0x97, 0x00, 0x92, 0x6e, 0x3a, 0x02, 0x1c, 0x80, 0xfe, 0x00 }, // 列
    { 0xe5, 0x88, 0x98, 0x00, 0x84, 0x54, 0x26, 0x5c, 0x1c, 0x80, 0xfe, 0x00 }, // 刘
    { 0xe5, 0x88, 0x99, 0x00, 0xbe, 0x7a, 0xbe, 0x00, 0x1c, 0x80, 0xfe, 0x00 }, // 则
    { 0xe5, 0x88, 0x9a, 0x00, 0xfe, 0x2a, 0x12, 0xaa, 0xfe, 0x1c, 0xfe, 0x00 }, // 刚
    { 0xe5, 0x88, 0x9b, 0x00, 0x08, 0xf4, 0x92, 0xb4, 0x1c, 0x80, 0xfe, 0x00 }, // 创
    { 0xe5, 0x88, 0x9d, 0x00, 0x24, 0xf6, 0x6c, 0x82, 0x7e, 0x82, 0xfe, 0x00 }, // 初
    { 0xe5, 0x88, 0xa0, 0x00, 0x90, 0x7e, 0xfe, 0x12, 0xfe, 0x1c, 0xfe, 0x00 }, // 删
    { 0xe5, 0x88, 0xa4, 0x00, 0xaa, 0xa8, 0x7e, 0x28, 0x2a, 0x80, 0xfe, 0x00 }, // 判
    { 0xe5, 0x88, 0xa8, 0x00, 0x08, 0xf6, 0xb4, 0xbc, 0x1c, 0x80, 0xfe, 0x00 }, // 刨
    { 0xe5, 0x88, 0xa9, 0x00, 0x48, 0x2a, 0xfe, 0x2a, 0x1c, 0x80, 0xfe, 0x00 }, // 利
    { 0xe5, 0x88, 0xab, 0x00, 0xae, 0x7a, 0xaa, 0xee, 0x1c, 0x80, 0xfe, 0x00 }, // 别
    { 0xe5, 0x88, 0xae, 0x00, 0x08, 0xec, 0xbc, 0xea, 0x1c, 0x80, 0xfe, 0x00 }, // 刮
    { 0xe5, 0x88, 0xb0, 0x00, 0x92, 0xba, 0x76, 0x5a, 0x1c, 0x80, 0xfe, 0x00 }, // 到
    { 0xe5, 0x88, 0xb6, 0x00, 0xc8, 0x56, 0xfe, 0x54, 0xdc, 0x00, 0xfe, 0x00 }, // 制
    { 0xe5, 0x88, 0xb7, 0x00, 0x80, 0x7e, 0x2a, 0xfa, 0x6e, 0x80, 0xfe, 0x00 }, // 刷
    { 0xe5, 0x88, 0xb8, 0x00, 0x28, 0x9a, 0xac, 0x6e, 0xac, 0xfa, 0x28, 0x00 }, // 券
    { 0xe5, 0x88, 0xb9, 0x00, 0xa8, 0x6a, 0xf4, 0x6a, 0xbc, 0x00, 0xfe, 0x00 }, // 刹
    { 0xe5, 0x88, 0xba, 0x00, 0xb4, 0x54, 0xfe, 0x54, 0xb4, 0x00, 0xfe, 0x00 }, // 刺
    { 0xe5, 0x88, 0xbb, 0x00, 0x94, 0xbc, 0x56, 0xac, 0x1c, 0x80, 0xfe, 0x00 }, // 刻
    { 0xe5, 0x88, 0xbd, 0x00, 0xa8, 0xe4, 0xaa, 0x6c, 0xa8, 0x1c, 0xfe, 0x00 }, // 刽
    { 0xe5, 0x89, 0x82, 0x00, 0xa4, 0x6c, 0x16, 0xec, 0x3c, 0x80, 0xfe, 0x00 }, // 剂
    { 0xe5, 0x89, 0x83, 0x00, 0xb4, 0x56, 0xfc, 0x56, 0xdc, 0x00, 0xfe, 0x00 }, // 剃
    { 0xe5, 0x89, 0x8a, 0x00, 0xfa, 0x28, 0xae, 0xfa, 0x1c, 0x80, 0xfe, 0x00 }, // 削
    { 0xe5, 0x89, 0x8d, 0x00, 0xf4, 0x56, 0xf4, 0x04, 0x34, 0x86, 0xf4, 0x00 }, // 前
    { 0xe5, 0x89, 0x91, 0x00, 0xa8, 0xcc, 0xaa, 0xcc, 0xbc, 0x00, 0xfe, 0x00 }, // 剑
    { 0xe5, 0x89, 0x94, 0x00, 0x4e, 0xba, 0x6a, 0xee, 0x1c, 0x80, 0xfe, 0x00 }, // 剔
    { 0xe5, 0x89, 0x96, 0x00, 0x14, 0xfc, 0xb6, 0xfc, 0x1c, 0x80, 0xfe, 0x00 }, // 剖
    { 0xe5, 0x89, 0xa5, 0x00, 0xa8, 0x4a, 0xfe, 0x48, 0xbc, 0x00, 0xfe, 0x00 }, // 剥
    { 0xe5, 0x89, 0xa7, 0x00, 0x40, 0x3e, 0xd6, 0xbe, 0xd6, 0x1c, 0xfe, 0x00 }, // 剧
    { 0xe5, 0x89, 0xa9, 0x00, 0x94, 0x5e, 0xe6, 0x5e, 0x94, 0x00, 0xfe, 0x00 }, // 剩
    { 0xe5, 0x89, 0xaa, 0x00, 0xa4, 0xbe, 0x6c, 0x3c, 0x24, 0xbe, 0xe4, 0x00 }, // 剪
    { 0xe5, 0x89, 0xaf, 0x00, 0xe2, 0xae, 0xea, 0xae, 0xe2, 0x1c, 0xfe, 0x00 }, // 副
    { 0xe5, 0x89, 0xb2, 0x00, 0x4c, 0xd4, 0xfe, 0xd4, 0x5c, 0x80, 0xfe, 0x00 }, // 割
    { 0xe5, 0x89, 0xbf, 0x00, 0xa4, 0x7a, 0xfc, 0x7a, 0xbc, 0x00, 0xfe, 0x00 }, // 剿
    { 0xe5, 0x8a, 0x88, 0x00, 0xa8, 0xbe, 0x76, 0x20, 0x2c, 0xb6, 0xec, 0x00 }, // 劈
    { 0xe5, 0x8a, 0x9b, 0x00, 0x84, 0x44, 0x34, 0x0e, 0x04, 0x84, 0xfc, 0x00 }, // 力
    { 0xe5, 0x8a, 0x9d, 0x00, 0x4a, 0x32, 0x4e, 0x84, 0x7e, 0x84, 0xfc, 0x00 }, // 劝
    { 0xe5, 0x8a, 0x9e, 0x00, 0xb0, 0x44, 0x3e, 0x84, 0xfc, 0x00, 0x30, 0x00 }, // 办
    { 0xe5, 0x8a, 0x9f, 0x00, 0x44, 0x7c, 0x24, 0x84, 0x7e, 0x84, 0xfc, 0x00 }, // 功
    { 0xe5, 0x8a, 0xa0, 0x00, 0x84, 0x7e, 0x84, 0xfc, 0xfc, 0x84, 0xfc, 0x00 }, // 加
    { 0xe5, 0x8a, 0xa1, 0x00, 0x10, 0xb4, 0xb4, 0x6a, 0xb6, 0xf0, 0x10, 0x00 }, // 务
    { 0xe5, 0x8a, 0xa3, 0x00, 0xa8, 0xa4, 0x70, 0x3e, 0x28, 0xa4, 0xe8, 0x00 }, // 劣
    { 0xe5, 0x8a, 0xa8, 0x00, 0x6a, 0x5a, 0x6a, 0x84, 0x7e, 0x84, 0xfc, 0x00 }, // 动
    { 0xe5, 0x8a, 0xa9, 0x00, 0x80, 0xfe, 0xaa, 0x7e, 0xc4, 0x3e, 0xfc, 0x00 }, // 助
    { 0xe5, 0x8a, 0xaa, 0x00, 0x24, 0x9c, 0xb6, 0x6c, 0xb6, 0xea, 0x16, 0x00 }, // 努
    { 0xe5, 0x8a, 0xab, 0x00, 0x90, 0xd4, 0xbe, 0xd4, 0x7e, 0x84, 0xfc, 0x00 }, // 劫
    { 0xe5, 0x8a, 0xb1, 0x00, 0xfe, 0x4a, 0xba, 0xea, 0xc4, 0x3e, 0xfc, 0x00 }, // 励
    { 0xe5, 0x8a, 0xb2, 0x00, 0x92, 0xb2, 0xea, 0xb6, 0xc4, 0x3e, 0xfc, 0x00 }, // 劲
    { 0xe5, 0x8a, 0xb3, 0x00, 0x8c, 0x94, 0x56, 0x3c, 0x96, 0xf4, 0x0c, 0x00 }, // 劳
    { 0xe5, 0x8a, 0xbf, 0x00, 0x14, 0xbe, 0xa0, 0x74, 0xae, 0xfc, 0x10, 0x00 }, // 势
    { 0xe5, 0x8b, 0x83, 0x00, 0x58, 0xcc, 0xee, 0x58, 0x24, 0x9e, 0xfc, 0x00 }, // 勃
    { 0xe5, 0x8b, 0x87, 0x00, 0xa0, 0xba, 0x6a, 0x3a, 0x2e, 0xba, 0xe0, 0x00 }, // 勇
    { 0xe5, 0x8b, 0x89, 0x00, 0x84, 0x5a, 0xfe, 0x98, 0xe4, 0x9e, 0xfc, 0x00 }, // 勉
    { 0xe5, 0x8b, 0x8b, 0x00, 0xb8, 0x6e, 0x0e, 0xb8, 0xc4, 0x3e, 0xfc, 0x00 }, // 勋
    { 0xe5, 0x8b, 0x92, 0x00, 0x6e, 0xfc, 0x6e, 0x84, 0x7e, 0x84, 0xfc, 0x00 }, // 勒
    { 0xe5, 0x8b, 0x98, 0x00, 0xe4, 0xbe, 0xe4, 0xbe, 0xc4, 0x3e, 0xfc, 0x00 }, // 勘
    { 0xe5, 0x8b, 0x9f, 0x00, 0x54, 0xb4, 0x7e, 0xbc, 0xfe, 0x34, 0x54, 0x00 }, // 募
    { 0xe5, 0x8b, 0xa4, 0x00, 0xb4, 0xbe, 0xf4, 0xbe, 0xc4, 0x3e, 0xfc, 0x00 }, // 勤
    { 0xe5, 0x8b, 0xba, 0x00, 0x10, 0x08, 0x16, 0x24, 0x04, 0x84, 0xfc, 0x00 }, // 勺
    { 0xe5, 0x8b, 0xbe, 0x00, 0x10, 0x48, 0x66, 0x5c, 0x24, 0x44, 0xfc, 0x00 }, // 勾
    { 0xe5, 0x8b, 0xbf, 0x00, 0x48, 0x26, 0x9c, 0x44, 0x3c, 0x84, 0xfc, 0x00 }, // 勿
    { 0xe5, 0x8c, 0x80, 0x00, 0x10, 0x48, 0x56, 0x54, 0x24, 0xa4, 0xfc, 0x00 }, // 匀
    { 0xe5, 0x8c, 0x85, 0x00, 0x08, 0x06, 0xfc, 0xac, 0xbc, 0x84, 0xbc, 0x00 }, // 包
    { 0xe5, 0x8c, 0x86, 0x00, 0x48, 0x26, 0x9c, 0x54, 0x3c, 0xa4, 0xfc, 0x00 }, // 匆
    { 0xe5, 0x8c, 0x88, 0x00, 0x08, 0x76, 0x6c, 0x54, 0x6c, 0x84, 0xfc, 0x00 }, // 匈
    { 0xe5, 0x8c, 0x95, 0x00, 0x7e, 0x90, 0x90, 0x88, 0x88, 0x84, 0xc0, 0x00 }, // 匕
    { 0xe5, 0x8c, 0x96, 0x00, 0x08, 0xfc, 0x12, 0xfe, 0x90, 0x90, 0xc8, 0x00 }, // 化
    { 0xe5, 0x8c, 0x97, 0x00, 0x48, 0x28, 0xfe, 0x00, 0xfe, 0x90, 0xc8, 0x00 }, // 北
    { 0xe5, 0x8c, 0x99, 0x00, 0x88, 0x6e, 0x7e, 0xa8, 0xfe, 0xc8, 0xe4, 0x00 }, // 匙
    { 0xe5, 0x8c, 0xa0, 0x00, 0xfe, 0xc2, 0xba, 0x9a, 0xf6, 0x96, 0x92, 0x00 }, // 匠
    { 0xe5, 0x8c, 0xa3, 0x00, 0xfe, 0x82, 0xbe, 0xaa, 0xfe, 0xaa, 0xbe, 0x00 }, // 匣
    { 0xe5, 0x8c, 0xaa, 0x00, 0xfe, 0xaa, 0xaa, 0xfe, 0x82, 0xfe, 0xaa, 0x00 }, // 匪
    { 0xe5, 0x8c, 0xb9, 0x00, 0xfe, 0xa2, 0x9e, 0x82, 0xbe, 0xa2, 0xb2, 0x00 }, // 匹
    { 0xe5, 0x8c, 0xba, 0x00, 0xfe, 0x82, 0xca, 0xaa, 0x92, 0xae, 0x82, 0x00 }, // 区
    { 0xe5, 0x8c, 0xbb, 0x00, 0xfe, 0x82, 0xd2, 0xde, 0xba, 0xda, 0xd2, 0x00 }, // 医
    { 0xe5, 0x8c, 0xbe, 0x00, 0xfe, 0xa2, 0x9e, 0xf6, 0xf6, 0xb6, 0xf2, 0x00 }, // 匾
    { 0xe5, 0x8c, 0xbf, 0x00, 0xfe, 0xaa, 0x9e, 0xfa, 0xae, 0xea, 0x8a, 0x00 }, // 匿
    { 0xe5, 0x8d, 0x81, 0x00, 0x08, 0x08, 0x08, 0xfe, 0x08, 0x08, 0x08, 0x00 }, // 十
    { 0xe5, 0x8d, 0x83, 0x00, 0x10, 0x14, 0x14, 0xfc, 0x12, 0x12, 0x10, 0x00 }, // 千
    { 0xe5, 0x8d, 0x87, 0x00, 0x14, 0x94, 0x7c, 0x12, 0x10, 0xfe, 0x10, 0x00 }, // 升
    { 0xe5, 0x8d, 0x88, 0x00, 0x28, 0x26, 0x24, 0xfc, 0x24, 0x24, 0x20, 0x00 }, // 午
    { 0xe5, 0x8d, 0x8a, 0x00, 0x40, 0x54, 0x50, 0xfe, 0x50, 0x54, 0x40, 0x00 }, // 半
    { 0xe5, 0x8d, 0x8e, 0x00, 0x48, 0x5c, 0x42, 0xe8, 0x5e, 0x54, 0x54, 0x00 }, // 华
    { 0xe5, 0x8d, 0x8f, 0x00, 0x08, 0xfe, 0x28, 0xc4, 0x3e, 0xfc, 0x30, 0x00 }, // 协
    { 0xe5, 0x8d, 0x91, 0x00, 0x40, 0x5c, 0x74, 0x5e, 0xf4, 0x5c, 0x40, 0x00 }, // 卑
    { 0xe5, 0x8d, 0x92, 0x00, 0x64, 0x5c, 0x64, 0xc6, 0x64, 0x5c, 0x64, 0x00 }, // 卒
    { 0xe5, 0x8d, 0x93, 0x00, 0x40, 0x78, 0x68, 0xee, 0x6c, 0x7c, 0x44, 0x00 }, // 卓
    { 0xe5, 0x8d, 0x95, 0x00, 0x40, 0x7c, 0x56, 0xfc, 0x56, 0x7c, 0x40, 0x00 }, // 单
    { 0xe5, 0x8d, 0x96, 0x00, 0xa8, 0xba, 0xaa, 0x6e, 0x3a, 0xaa, 0xb8, 0x00 }, // 卖
    { 0xe5, 0x8d, 0x97, 0x00, 0xf4, 0x54, 0x74, 0xde, 0x74, 0x54, 0xf4, 0x00 }, // 南
    { 0xe5, 0x8d, 0x9a, 0x00, 0x08, 0xfe, 0x24, 0x7c, 0xae, 0xfc, 0x26, 0x00 }, // 博
    { 0xe5, 0x8d, 0x9c, 0x00, 0x00, 0x00, 0xfe, 0x08, 0x10, 0x20, 0x00, 0x00 }, // 卜
    { 0xe5, 0x8d, 0xa0, 0x00, 0x00, 0xe0, 0xa0, 0xbe, 0xa8, 0xa8, 0xe8, 0x00 }, // 占
    { 0xe5, 0x8d, 0xa1, 0x00, 0x10, 0x10, 0x10, 0xfe, 0x34, 0x54, 0x10, 0x00 }, // 卡
    { 0xe5, 0x8d, 0xa2, 0x00, 0x80, 0x78, 0x28, 0x2e, 0x2c, 0x3c, 0x04, 0x00 }, // 卢
    { 0xe5, 0x8d, 0xa4, 0x00, 0x00, 0xf8, 0xd8, 0xae, 0xdc, 0x8c, 0xf4, 0x00 }, // 卤
    { 0xe5, 0x8d, 0xa6, 0x00, 0x90, 0xb4, 0x7e, 0x54, 0xfe, 0x10, 0x20, 0x00 }, // 卦
    { 0xe5, 0x8d, 0xa7, 0x00, 0xfe, 0xaa, 0xee, 0xba, 0x00, 0xfe, 0x10, 0x00 }, // 卧
    { 0xe5, 0x8d, 0xab, 0x00, 0x80, 0x82, 0x82, 0xfe, 0x82, 0x92, 0x9e, 0x00 }, // 卫
    { 0xe5, 0x8d, 0xb0, 0x00, 0x7c, 0x54, 0x52, 0x00, 0xfe, 0x02, 0x3e, 0x00 }, // 印
    { 0xe5, 0x8d, 0xb1, 0x00, 0x84, 0x7c, 0x0a, 0xfa, 0x9e, 0xb8, 0xc8, 0x00 }, // 危
    { 0xe5, 0x8d, 0xb3, 0x00, 0xfe, 0xaa, 0xbe, 0x40, 0xfe, 0x02, 0x3e, 0x00 }, // 即
    { 0xe5, 0x8d, 0xb4, 0x00, 0x90, 0xd4, 0xbe, 0x54, 0xfe, 0x02, 0x3e, 0x00 }, // 却
    { 0xe5, 0x8d, 0xb5, 0x00, 0x3c, 0xac, 0x7a, 0x00, 0xfe, 0x0a, 0x3e, 0x00 }, // 卵
    { 0xe5, 0x8d, 0xb7, 0x00, 0x28, 0x1a, 0xfc, 0x9e, 0xbc, 0x9a, 0x28, 0x00 }, // 卷
    { 0xe5, 0x8d, 0xb8, 0x00, 0xd8, 0x96, 0x7c, 0x54, 0xfe, 0x02, 0x3e, 0x00 }, // 卸
    { 0xe5, 0x8d, 0xbf, 0x00, 0xbc, 0x62, 0xfc, 0x94, 0x5c, 0xfe, 0x3e, 0x00 }, // 卿
    { 0xe5, 0x8e, 0x82, 0x00, 0x80, 0x7e, 0x02, 0x02, 0x02, 0x02, 0x02, 0x00 }, // 厂
    { 0xe5, 0x8e, 0x85, 0x00, 0x80, 0x7e, 0x0a, 0x8a, 0xfa, 0x0a, 0x0a, 0x00 }, // 厅
    { 0xe5, 0x8e, 0x86, 0x00, 0x80, 0x7e, 0x92, 0x52, 0x3a, 0x92, 0xf2, 0x00 }, // 历
    { 0xe5, 0x8e, 0x89, 0x00, 0x80, 0x7e, 0x8a, 0x4a, 0x3a, 0xaa, 0xea, 0x00 }, // 厉
    { 0xe5, 0x8e, 0x8b, 0x00, 0x80, 0x7e, 0x82, 0x92, 0xfe, 0x92, 0xc2, 0x00 }, // 压
    { 0xe5, 0x8e, 0x8c, 0x00, 0x80, 0x7e, 0x92, 0x52, 0x3e, 0x52, 0x96, 0x00 }, // 厌
    { 0xe5, 0x8e, 0x95, 0x00, 0x80, 0x7e, 0xbe, 0x7a, 0xbe, 0x02, 0xfa, 0x00 }, // 厕
    { 0xe5, 0x8e, 0x98, 0x00, 0x80, 0x7e, 0xbe, 0xaa, 0xfe, 0xaa, 0xbe, 0x00 }, // 厘
    { 0xe5, 0x8e, 0x9a, 0x00, 0x80, 0x7e, 0x22, 0xae, 0xee, 0x3e, 0x22, 0x00 }, // 厚
    { 0xe5, 0x8e, 0x9f, 0x00, 0x80, 0x7e, 0x42, 0x9a, 0xfe, 0x1a, 0x42, 0x00 }, // 原
    { 0xe5, 0x8e, 0xa2, 0x00, 0x80, 0x7e, 0xfe, 0x2a, 0xfe, 0xaa, 0xfe, 0x00 }, // 厢
    { 0xe5, 0x8e, 0xa6, 0x00, 0x80, 0x7e, 0x82, 0xa6, 0x5e, 0xbe, 0x86, 0x00 }, // 厦
    { 0xe5, 0x8e, 0xa8, 0x00, 0x80, 0x7e, 0xba, 0xea, 0x5a, 0x92, 0xfa, 0x00 }, // 厨
    { 0xe5, 0x8e, 0xbb, 0x00, 0x90, 0x94, 0xd4, 0xbe, 0x94, 0x54, 0x90, 0x00 }, // 去
    { 0xe5, 0x8e, 0xbf, 0x00, 0xa0, 0xbe, 0xea, 0xaa, 0xaa, 0x7e, 0xa0, 0x00 }, // 县
    { 0xe5, 0x8f, 0x81, 0x00, 0x28, 0x9c, 0xae, 0xac, 0xaa, 0x9c, 0x28, 0x00 }, // 叁
    { 0xe5, 0x8f, 0x82, 0x00, 0x28, 0x9c, 0xae, 0x9c, 0x4a, 0x1c, 0x28, 0x00 }, // 参
    { 0xe5, 0x8f, 0x88, 0x00, 0x80, 0x82, 0x5a, 0x22, 0x52, 0x8e, 0x80, 0x00 }, // 又
    { 0xe5, 0x8f, 0x89, 0x00, 0x80, 0x8a, 0x52, 0x26, 0x52, 0x8e, 0x80, 0x00 }, // 叉
    { 0xe5, 0x8f, 0x8a, 0x00, 0x82, 0x62, 0x9e, 0xa2, 0x4e, 0xb8, 0x80, 0x00 }, // 及
    { 0xe5, 0x8f, 0x8b, 0x00, 0x84, 0x64, 0x9e, 0xb4, 0x54, 0xb4, 0x84, 0x00 }, // 友
    { 0xe5, 0x8f, 0x8c, 0x00, 0x82, 0x4a, 0x32, 0x4e, 0x9a, 0x62, 0x9e, 0x00 }, // 双
    { 0xe5, 0x8f, 0x8d, 0x00, 0x80, 0x7c, 0x8c, 0xbc, 0x4a, 0xba, 0x82, 0x00 }, // 反
    { 0xe5, 0x8f, 0x91, 0x00, 0x86, 0x64, 0x9e, 0xb4, 0x54, 0xb6, 0x84, 0x00 }, // 发
    { 0xe5, 0x8f, 0x94, 0x00, 0x50, 0x90, 0xfe, 0x54, 0x9a, 0x62, 0x9e, 0x00 }, // 叔
    { 0xe5, 0x8f, 0x96, 0x00, 0x42, 0x7e, 0x5a, 0xfe, 0x54, 0x24, 0x5c, 0x00 }, // 取
    { 0xe5, 0x8f, 0x97, 0x00, 0x9a, 0x8e, 0xba, 0x5e, 0xba, 0x8e, 0x9a, 0x00 }, // 受
    { 0xe5, 0x8f, 0x98, 0x00, 0x94, 0x84, 0xbc, 0x56, 0xbc, 0x84, 0x94, 0x00 }, // 变
    { 0xe5, 0x8f, 0x99, 0x00, 0xa8, 0x2c, 0xfa, 0x2c, 0x9a, 0x62, 0x9e, 0x00 }, // 叙
    { 0xe5, 0x8f, 0x9b, 0x00, 0xaa, 0x7c, 0x2a, 0x40, 0xbc, 0x54, 0xb2, 0x00 }, // 叛
    { 0xe5, 0x8f, 0xa0, 0x00, 0xb8, 0x98, 0xfa, 0xb2, 0xf6, 0x98, 0xb8, 0x00 }, // 叠
    { 0xe5, 0x8f, 0xa3, 0x00, 0x00, 0xfc, 0x44, 0x44, 0x44, 0x44, 0xfc, 0x00 }, // 口
    { 0xe5, 0x8f, 0xa4, 0x00, 0x08, 0xe8, 0xa8, 0xbe, 0xa8, 0xe8, 0x08, 0x00 }, // 古
    { 0xe5, 0x8f, 0xa5, 0x00, 0x10, 0x08, 0x76, 0x54, 0x74, 0x84, 0xfc, 0x00 }, // 句
    { 0xe5, 0x8f, 0xa6, 0x00, 0xa0, 0xae, 0xaa, 0x7a, 0x2a, 0xae, 0xe0, 0x00 }, // 另
    { 0xe5, 0x8f, 0xa8, 0x00, 0x3c, 0x24, 0xbc, 0x42, 0x3e, 0x82, 0xfe, 0x00 }, // 叨
    { 0xe5, 0x8f, 0xaa, 0x00, 0x80, 0x9e, 0x52, 0x12, 0x52, 0x9e, 0x80, 0x00 }, // 只
    { 0xe5, 0x8f, 0xab, 0x00, 0x3c, 0x24, 0x3c, 0x00, 0x3c, 0x20, 0xfe, 0x00 }, // 叫
    { 0xe5, 0x8f, 0xac, 0x00, 0x12, 0xf2, 0xaa, 0xa6, 0xa2, 0xf2, 0x1e, 0x00 }, // 召
    { 0xe5, 0x8f, 0xad, 0x00, 0x3c, 0x3c, 0x80, 0x7e, 0x00, 0x7e, 0x80, 0x00 }, // 叭
    { 0xe5, 0x8f, 0xae, 0x00, 0x3c, 0x24, 0x3c, 0x02, 0x82, 0xfe, 0x02, 0x00 }, // 叮
    { 0xe5, 0x8f, 0xaf, 0x00, 0x02, 0x3a, 0x2a, 0x3a, 0x82, 0xfe, 0x02, 0x00 }, // 可
    { 0xe5, 0x8f, 0xb0, 0x00, 0x10, 0xd0, 0xd8, 0xd6, 0xd0, 0xc8, 0x10, 0x00 }, // 台
    { 0xe5, 0x8f, 0xb2, 0x00, 0x80, 0x9c, 0xb4, 0x7e, 0x94, 0x9c, 0x80, 0x00 }, // 史
    { 0xe5, 0x8f, 0xb3, 0x00, 0x24, 0x14, 0xfe, 0x94, 0x94, 0xf4, 0x04, 0x00 }, // 右
    { 0xe5, 0x8f, 0xb6, 0x00, 0x3c, 0x24, 0x3c, 0x08, 0x08, 0xfe, 0x08, 0x00 }, // 叶
    { 0xe5, 0x8f, 0xb7, 0x00, 0x08, 0x08, 0x3e, 0xaa, 0xae, 0xe8, 0x08, 0x00 }, // 号
    { 0xe5, 0x8f, 0xb8, 0x00, 0x02, 0x6a, 0x6a, 0x6a, 0x6a, 0x82, 0xfe, 0x00 }, // 司
    { 0xe5, 0x8f, 0xb9, 0x00, 0x3c, 0x24, 0x3c, 0x80, 0x9a, 0x62, 0x9e, 0x00 }, // 叹
    { 0xe5, 0x8f, 0xbc, 0x00, 0x3c, 0x24, 0x3c, 0x22, 0x12, 0x82, 0xfe, 0x00 }, // 叼
    { 0xe5, 0x8f, 0xbd, 0x00, 0x3c, 0x24, 0xbc, 0x7e, 0x02, 0xfe, 0x80, 0x00 }, // 叽
    { 0xe5, 0x90, 0x81, 0x00, 0x3c, 0x24, 0x3c, 0x12, 0x92, 0xfe, 0x12, 0x00 }, // 吁
    { 0xe5, 0x90, 0x83, 0x00, 0x3c, 0x3c, 0x08, 0x46, 0xac, 0x9c, 0xc4, 0x00 }, // 吃
    { 0xe5, 0x90, 0x84, 0x00, 0x20, 0x24, 0xd4, 0xca, 0xd6, 0x20, 0x20, 0x00 }, // 各
    { 0xe5, 0x90, 0x86, 0x00, 0x3c, 0x24, 0x3c, 0x88, 0xd8, 0xb6, 0xc8, 0x00 }, // 吆
    { 0xe5, 0x90, 0x88, 0x00, 0x08, 0xe8, 0xa4, 0xaa, 0xac, 0xe8, 0x08, 0x00 }, // 合
    { 0xe5, 0x90, 0x89, 0x00, 0x04, 0xd4, 0xd4, 0xde, 0xd4, 0xd4, 0x04, 0x00 }, // 吉
    { 0xe5, 0x90, 0x8a, 0x00, 0x70, 0x1e, 0x1a, 0xfa, 0x1a, 0x5e, 0x70, 0x00 }, // 吊
    { 0xe5, 0x90, 0x8c, 0x00, 0xfe, 0x02, 0xea, 0xaa, 0xea, 0x02, 0xfe, 0x00 }, // 同
    { 0xe5, 0x90, 0x8d, 0x00, 0x40, 0x48, 0x26, 0xfa, 0xaa, 0xa6, 0xe0, 0x00 }, // 名
    { 0xe5, 0x90, 0x8e, 0x00, 0x80, 0x7c, 0x14, 0xd4, 0xd2, 0xd2, 0x10, 0x00 }, // 后
    { 0xe5, 0x90, 0x8f, 0x00, 0x84, 0x9c, 0xb4, 0x7e, 0x94, 0x9c, 0x84, 0x00 }, // 吏
    { 0xe5, 0x90, 0x90, 0x00, 0x3c, 0x24, 0x3c, 0x88, 0x88, 0xfe, 0x88, 0x00 }, // 吐
    { 0xe5, 0x90, 0x91, 0x00, 0xfc, 0x04, 0x74, 0x56, 0x74, 0x84, 0xfc, 0x00 }, // 向
    { 0xe5, 0x90, 0x93, 0x00, 0x3c, 0x24, 0x3c, 0x02, 0xfe, 0x0a, 0x12, 0x00 }, // 吓
    { 0xe5, 0x90, 0x95, 0x00, 0x00, 0xe0, 0xae, 0xaa, 0xaa, 0xae, 0xe0, 0x00 }, // 吕
    { 0xe5, 0x90, 0x97, 0x00, 0x3c, 0x24, 0x3c, 0x5a, 0x52, 0x9e, 0xf0, 0x00 }, // 吗
    { 0xe5, 0x90, 0x9b, 0x00, 0x48, 0x4a, 0xea, 0xbe, 0xaa, 0xbe, 0xe8, 0x00 }, // 君
    { 0xe5, 0x90, 0x9d, 0x00, 0x24, 0xe4, 0xec, 0xd6, 0xec, 0xe4, 0x24, 0x00 }, // 吝
    { 0xe5, 0x90, 0x9e, 0x00, 0x28, 0x1a, 0xee, 0xaa, 0xea, 0x1a, 0x28, 0x00 }, // 吞
    { 0xe5, 0x90, 0x9f, 0x00, 0x3c, 0x24, 0x3c, 0xa4, 0xaa, 0x64, 0x28, 0x00 }, // 吟
    { 0xe5, 0x90, 0xa0, 0x00, 0x3c, 0x24, 0xbc, 0x48, 0x3e, 0x48, 0x8a, 0x00 }, // 吠
    { 0xe5, 0x90, 0xa6, 0x00, 0x12, 0xf2, 0xaa, 0xbe, 0xa2, 0xea, 0x12, 0x00 }, // 否
    { 0xe5, 0x90, 0xa7, 0x00, 0x3c, 0x24, 0x7e, 0x92, 0x9e, 0x92, 0xde, 0x00 }, // 吧
    { 0xe5, 0x90, 0xa8, 0x00, 0x3c, 0x24, 0x3c, 0x24, 0xfe, 0xa4, 0xb4, 0x00 }, // 吨
    { 0xe5, 0x90, 0xa9, 0x00, 0x3c, 0x3c, 0x88, 0x76, 0x90, 0xf6, 0x08, 0x00 }, // 吩
    { 0xe5, 0x90, 0xab, 0x00, 0x08, 0xe8, 0xac, 0xaa, 0xbc, 0xe8, 0x08, 0x00 }, // 含
    { 0xe5, 0x90, 0xac, 0x00, 0x3c, 0x3c, 0x80, 0x7c, 0x14, 0xf2, 0x10, 0x00 }, // 听
    { 0xe5, 0x90, 0xad, 0x00, 0x3c, 0x3c, 0x84, 0x74, 0x16, 0xf4, 0x84, 0x00 }, // 吭
    { 0xe5, 0x90, 0xae, 0x00, 0x3c, 0x3c, 0x88, 0x7c, 0x0a, 0xf8, 0x8c, 0x00 }, // 吮
    { 0xe5, 0x90, 0xaf, 0x00, 0x80, 0x7c, 0x14, 0xf6, 0xb4, 0xbc, 0xe0, 0x00 }, // 启
    { 0xe5, 0x90, 0xb1, 0x00, 0x3c, 0x3c, 0x94, 0xb4, 0x5e, 0xb4, 0x84, 0x00 }, // 吱
    { 0xe5, 0x90, 0xb4, 0x00, 0xa8, 0xae, 0xaa, 0x7a, 0xaa, 0xae, 0xa8, 0x00 }, // 吴
    { 0xe5, 0x90, 0xb5, 0x00, 0x3c, 0x3c, 0x10, 0x8c, 0xbe, 0x44, 0x28, 0x00 }, // 吵
    { 0xe5, 0x90, 0xb8, 0x00, 0x3c, 0xbc, 0x62, 0x9e, 0xa2, 0x4e, 0xb8, 0x00 }, // 吸
    { 0xe5, 0x90, 0xb9, 0x00, 0x3c, 0x3c, 0x88, 0x46, 0x3c, 0x44, 0x8c, 0x00 }, // 吹
    { 0xe5, 0x90, 0xbb, 0x00, 0x7c, 0x44, 0x7c, 0xa6, 0x5c, 0xbc, 0xfc, 0x00 }, // 吻
    { 0xe5, 0x90, 0xbc, 0x00, 0x3c, 0x3c, 0xa2, 0xfa, 0x16, 0xfe, 0x80, 0x00 }, // 吼
    { 0xe5, 0x91, 0x80, 0x00, 0x3c, 0x3c, 0x5a, 0x56, 0xb2, 0xfe, 0x12, 0x00 }, // 呀
    { 0xe5, 0x91, 0x86, 0x00, 0xa0, 0xae, 0x6a, 0xfa, 0x6a, 0xae, 0xa0, 0x00 }, // 呆
    { 0xe5, 0x91, 0x88, 0x00, 0x88, 0xae, 0xaa, 0xfa, 0xaa, 0xae, 0x88, 0x00 }, // 呈
    { 0xe5, 0x91, 0x8a, 0x00, 0x18, 0xd6, 0xd4, 0xde, 0xd4, 0xd4, 0x10, 0x00 }, // 告
    { 0xe5, 0x91, 0x90, 0x00, 0x3c, 0x24, 0xfc, 0x24, 0x1e, 0xa4, 0xfc, 0x00 }, // 呐
    { 0xe5, 0x91, 0x95, 0x00, 0x3c, 0x3c, 0x00, 0xfe, 0xaa, 0x92, 0xaa, 0x00 }, // 呕
    { 0xe5, 0x91, 0x98, 0x00, 0x80, 0xb8, 0x8e, 0x6a, 0x0e, 0xb8, 0x80, 0x00 }, // 员
    { 0xe5, 0x91, 0x9b, 0x00, 0x3c, 0x3c, 0x08, 0xf4, 0x92, 0xb4, 0xc8, 0x00 }, // 呛
    { 0xe5, 0x91, 0x9c, 0x00, 0x3c, 0x3c, 0x80, 0xbc, 0xa6, 0x3c, 0xe0, 0x00 }, // 呜
    { 0xe5, 0x91, 0xa2, 0x00, 0x3c, 0x3c, 0x80, 0x7e, 0x0a, 0xfa, 0xae, 0x00 }, // 呢
    { 0xe5, 0x91, 0xa8, 0x00, 0x80, 0x7e, 0xea, 0xbe, 0xea, 0x22, 0xfe, 0x00 }, // 周
    { 0xe5, 0x91, 0xb3, 0x00, 0x3c, 0x24, 0xbc, 0x54, 0xfe, 0x54, 0x90, 0x00 }, // 味
    { 0xe5, 0x91, 0xb5, 0x00, 0x3c, 0x3c, 0x02, 0x3a, 0x2a, 0xba, 0xfe, 0x00 }, // 呵
    { 0xe5, 0x91, 0xbb, 0x00, 0x3c, 0x24, 0x7c, 0x54, 0xfe, 0x54, 0x7c, 0x00 }, // 呻
    { 0xe5, 0x91, 0xbc, 0x00, 0x3c, 0x3c, 0x2c, 0xa4, 0xfc, 0x22, 0x2a, 0x00 }, // 呼
    { 0xe5, 0x91, 0xbd, 0x00, 0x68, 0x68, 0x64, 0x0a, 0xec, 0x28, 0x68, 0x00 }, // 命
    { 0xe5, 0x92, 0x86, 0x00, 0x3c, 0x3c, 0x08, 0xf6, 0xb4, 0x84, 0xbc, 0x00 }, // 咆
    { 0xe5, 0x92, 0x8c, 0x00, 0x48, 0x2a, 0xfe, 0x2a, 0xfc, 0x84, 0xfc, 0x00 }, // 和
    { 0xe5, 0x92, 0x8f, 0x00, 0x3c, 0x3c, 0x50, 0xba, 0xfa, 0x20, 0x50, 0x00 }, // 咏
    { 0xe5, 0x92, 0x90, 0x00, 0x3c, 0x3c, 0x08, 0xfc, 0x12, 0x84, 0xfe, 0x00 }, // 咐
    { 0xe5, 0x92, 0x92, 0x00, 0x8e, 0x8a, 0x7e, 0x10, 0xfe, 0x8a, 0xce, 0x00 }, // 咒
    { 0xe5, 0x92, 0x95, 0x00, 0x3c, 0x24, 0x3c, 0xe8, 0xbe, 0xe8, 0x08, 0x00 }, // 咕
    { 0xe5, 0x92, 0x96, 0x00, 0x3c, 0x3c, 0x24, 0x9e, 0xfc, 0x44, 0x7c, 0x00 }, // 咖
    { 0xe5, 0x92, 0x99, 0x00, 0x3c, 0x3c, 0x88, 0x7e, 0x48, 0xfa, 0xa8, 0x00 }, // 咙
    { 0xe5, 0x92, 0xa7, 0x00, 0x3c, 0x3c, 0x92, 0x6e, 0x3a, 0x9c, 0xfe, 0x00 }, // 咧
    { 0xe5, 0x92, 0xa8, 0x00, 0x12, 0xe0, 0xa8, 0xb6, 0xac, 0xf4, 0x0c, 0x00 }, // 咨
    { 0xe5, 0x92, 0xaa, 0x00, 0x3c, 0x3c, 0x4a, 0x28, 0xfe, 0x28, 0x4a, 0x00 }, // 咪
    { 0xe5, 0x92, 0xac, 0x00, 0x3c, 0x3c, 0x94, 0xac, 0x46, 0xac, 0x94, 0x00 }, // 咬
    { 0xe5, 0x92, 0xb1, 0x00, 0x3c, 0x24, 0xfc, 0x94, 0xb6, 0xa4, 0xfc, 0x00 }, // 咱
    { 0xe5, 0x92, 0xb3, 0x00, 0x3c, 0x24, 0x3c, 0x94, 0xbc, 0x56, 0xac, 0x00 }, // 咳
    { 0xe5, 0x92, 0xb8, 0x00, 0x80, 0x7c, 0xd4, 0xd4, 0x84, 0x7e, 0xa4, 0x00 }, // 咸
    { 0xe5, 0x92, 0xbd, 0x00, 0x3c, 0x24, 0xfe, 0xaa, 0x9e, 0xaa, 0xfe, 0x00 }, // 咽
    { 0xe5, 0x93, 0x80, 0x00, 0x44, 0x5c, 0xf4, 0x96, 0x34, 0x5c, 0xa4, 0x00 }, // 哀
    { 0xe5, 0x93, 0x81, 0x00, 0xe0, 0xae, 0xea, 0x0a, 0xea, 0xae, 0xe0, 0x00 }, // 品
    { 0xe5, 0x93, 0x84, 0x00, 0x3c, 0x3c, 0xa4, 0x3e, 0x24, 0x3e, 0xa4, 0x00 }, // 哄
    { 0xe5, 0x93, 0x86, 0x00, 0x3c, 0x24, 0x3c, 0x94, 0xaa, 0x56, 0x30, 0x00 }, // 哆
    { 0xe5, 0x93, 0x88, 0x00, 0x3c, 0x3c, 0x08, 0xe4, 0xaa, 0xec, 0x08, 0x00 }, // 哈
    { 0xe5, 0x93, 0x8d, 0x00, 0x3c, 0x24, 0xfc, 0x56, 0x74, 0x84, 0xfc, 0x00 }, // 响
    { 0xe5, 0x93, 0x8e, 0x00, 0x3c, 0x3c, 0x84, 0xae, 0x44, 0xae, 0x84, 0x00 }, // 哎
    { 0xe5, 0x93, 0x91, 0x00, 0x3c, 0x3c, 0x92, 0xfe, 0x82, 0xfe, 0x92, 0x00 }, // 哑
    { 0xe5, 0x93, 0x97, 0x00, 0x3c, 0x3c, 0x48, 0x5c, 0xea, 0x5e, 0x54, 0x00 }, // 哗
    { 0xe5, 0x93, 0x9f, 0x00, 0x3c, 0x3c, 0xb4, 0xaa, 0x08, 0xa6, 0xfc, 0x00 }, // 哟
    { 0xe5, 0x93, 0xa5, 0x00, 0x12, 0xfe, 0xba, 0xfe, 0x12, 0xfe, 0x12, 0x00 }, // 哥
    { 0xe5, 0x93, 0xa8, 0x00, 0x3c, 0x24, 0x3c, 0xfa, 0x28, 0xae, 0xfa, 0x00 }, // 哨
    { 0xe5, 0x93, 0xa9, 0x00, 0x3c, 0x24, 0xbe, 0xaa, 0xfe, 0xaa, 0xbe, 0x00 }, // 哩
    { 0xe5, 0x93, 0xaa, 0x00, 0x3c, 0x3c, 0xaa, 0x7e, 0xaa, 0xfe, 0x36, 0x00 }, // 哪
    { 0xe5, 0x93, 0xad, 0x00, 0xae, 0xaa, 0xae, 0x70, 0xae, 0xba, 0xae, 0x00 }, // 哭
    { 0xe5, 0x93, 0xae, 0x00, 0x3c, 0x3c, 0x50, 0x34, 0x5e, 0xf4, 0x52, 0x00 }, // 哮
    { 0xe5, 0x93, 0xb2, 0x00, 0x14, 0xfe, 0xa0, 0xbc, 0xac, 0xfa, 0x08, 0x00 }, // 哲
    { 0xe5, 0x93, 0xba, 0x00, 0x3c, 0x24, 0xfc, 0x54, 0xfe, 0x54, 0xf6, 0x00 }, // 哺
    { 0xe5, 0x93, 0xbc, 0x00, 0x3c, 0x3c, 0x04, 0x9c, 0xd6, 0x3c, 0x04, 0x00 }, // 哼
    { 0xe5, 0x94, 0x81, 0x00, 0x3c, 0x3c, 0x04, 0xd4, 0xd6, 0xd4, 0xc4, 0x00 }, // 唁
    { 0xe5, 0x94, 0x86, 0x00, 0x3c, 0x3c, 0x54, 0xae, 0x64, 0xac, 0x96, 0x00 }, // 唆
    { 0xe5, 0x94, 0x87, 0x00, 0x80, 0x7e, 0x3a, 0xee, 0xde, 0xee, 0x2a, 0x00 }, // 唇
    { 0xe5, 0x94, 0x89, 0x00, 0x3c, 0x3c, 0xa8, 0xbc, 0x6a, 0xa8, 0xac, 0x00 }, // 唉
    { 0xe5, 0x94, 0x90, 0x00, 0x80, 0x7c, 0x24, 0xec, 0xbe, 0xfc, 0x14, 0x00 }, // 唐
    { 0xe5, 0x94, 0xa0, 0x00, 0x3c, 0x3c, 0x8c, 0xa6, 0x74, 0xa6, 0xec, 0x00 }, // 唠
    { 0xe5, 0x94, 0xa4, 0x00, 0x3c, 0x3c, 0xb8, 0xac, 0x7a, 0xae, 0xb8, 0x00 }, // 唤
    { 0xe5, 0x94, 0xa7, 0x00, 0x3c, 0x24, 0xfc, 0x94, 0x5c, 0xfe, 0x3e, 0x00 }, // 唧
    { 0xe5, 0x94, 0xac, 0x00, 0x3c, 0xa4, 0x78, 0x88, 0x5e, 0xd4, 0x94, 0x00 }, // 唬
    { 0xe5, 0x94, 0xae, 0x00, 0x10, 0x08, 0xfe, 0xb4, 0xbe, 0xf4, 0x14, 0x00 }, // 售
    { 0xe5, 0x94, 0xaf, 0x00, 0x3c, 0x3c, 0x08, 0xfe, 0x94, 0xfe, 0x94, 0x00 }, // 唯
    { 0xe5, 0x94, 0xb1, 0x00, 0x3c, 0x24, 0xfc, 0xae, 0xaa, 0xae, 0xf8, 0x00 }, // 唱
    { 0xe5, 0x94, 0xbe, 0x00, 0x3c, 0x3c, 0xa8, 0xba, 0xee, 0xba, 0xa8, 0x00 }, // 唾
    { 0xe5, 0x95, 0x83, 0x00, 0x3c, 0x3c, 0x10, 0xfc, 0x50, 0xfe, 0x14, 0x00 }, // 啃
    { 0xe5, 0x95, 0x84, 0x00, 0x3c, 0x3c, 0x52, 0xae, 0xfa, 0x32, 0x4a, 0x00 }, // 啄
    { 0xe5, 0x95, 0x86, 0x00, 0xf4, 0x54, 0x3c, 0xd6, 0xf4, 0x5c, 0xf4, 0x00 }, // 商
    { 0xe5, 0x95, 0x8a, 0x00, 0x3c, 0x24, 0xfe, 0x36, 0x3a, 0xaa, 0xfe, 0x00 }, // 啊
    { 0xe5, 0x95, 0xa1, 0x00, 0x3c, 0x3c, 0x54, 0xfe, 0x00, 0xfe, 0x54, 0x00 }, // 啡
    { 0xe5, 0x95, 0xa4, 0x00, 0x3c, 0x24, 0x5c, 0x74, 0x5e, 0xf4, 0x5c, 0x00 }, // 啤
    { 0xe5, 0x95, 0xa5, 0x00, 0x3c, 0x3c, 0x28, 0xec, 0xba, 0xec, 0x28, 0x00 }, // 啥
    { 0xe5, 0x95, 0xa6, 0x00, 0x3c, 0x3c, 0xa4, 0xfe, 0xb4, 0xc6, 0xbc, 0x00 }, // 啦
    { 0xe5, 0x95, 0xb0, 0x00, 0x3c, 0x3c, 0x8e, 0xaa, 0x5e, 0x3a, 0x0e, 0x00 }, // 啰
    { 0xe5, 0x95, 0xb8, 0x00, 0x3c, 0xbc, 0x70, 0x54, 0xfe, 0x5c, 0xe8, 0x00 }, // 啸
    { 0xe5, 0x95, 0xbc, 0x00, 0x3c, 0x3c, 0x34, 0xdc, 0x76, 0xdc, 0x34, 0x00 }, // 啼
    { 0xe5, 0x96, 0x82, 0x00, 0x3c, 0x3c, 0x20, 0xee, 0xaa, 0x6e, 0xae, 0x00 }, // 喂
    { 0xe5, 0x96, 0x84, 0x00, 0x54, 0xf6, 0xd4, 0xfc, 0xd4, 0xf6, 0x54, 0x00 }, // 善
    { 0xe5, 0x96, 0x87, 0x00, 0x3c, 0xa4, 0x5c, 0xfe, 0x54, 0x9c, 0xfe, 0x00 }, // 喇
    { 0xe5, 0x96, 0x89, 0x00, 0x3c, 0x24, 0xfe, 0xa8, 0xba, 0x6e, 0xa8, 0x00 }, // 喉
    { 0xe5, 0x96, 0x8a, 0x00, 0x3c, 0xa4, 0x7c, 0xd4, 0xd4, 0x7e, 0xa4, 0x00 }, // 喊
    { 0xe5, 0x96, 0x98, 0x00, 0x3c, 0x3c, 0xd6, 0x74, 0xd6, 0x54, 0xd6, 0x00 }, // 喘
    { 0xe5, 0x96, 0x9c, 0x00, 0x24, 0xec, 0xbc, 0xae, 0xbc, 0xec, 0x24, 0x00 }, // 喜
    { 0xe5, 0x96, 0x9d, 0x00, 0x3c, 0x3c, 0x20, 0x7e, 0x5a, 0x9e, 0xf0, 0x00 }, // 喝
    { 0xe5, 0x96, 0xa7, 0x00, 0x3c, 0x3c, 0x8c, 0xe4, 0xae, 0xec, 0x8c, 0x00 }, // 喧
    { 0xe5, 0x96, 0xb3, 0x00, 0x3c, 0x3c, 0x94, 0xec, 0xfe, 0xec, 0x94, 0x00 }, // 喳
    { 0xe5, 0x96, 0xb7, 0x00, 0x3c, 0x3c, 0xb4, 0x9c, 0x56, 0x1c, 0xb4, 0x00 }, // 喷
    { 0xe5, 0x96, 0xbb, 0x00, 0x3c, 0x3c, 0xe8, 0x64, 0xea, 0x0c, 0xe8, 0x00 }, // 喻
    { 0xe5, 0x97, 0x85, 0x00, 0x3c, 0x3c, 0xa0, 0xbc, 0x76, 0xbc, 0xa0, 0x00 }, // 嗅
    { 0xe5, 0x97, 0x93, 0x00, 0x3c, 0x3c, 0xa8, 0x5a, 0xe6, 0x68, 0xb8, 0x00 }, // 嗓
    { 0xe5, 0x97, 0x9c, 0x00, 0x3c, 0x3c, 0x28, 0xdc, 0xfe, 0xec, 0x2a, 0x00 }, // 嗜
    { 0xe5, 0x97, 0xa1, 0x00, 0x3c, 0x3c, 0xb4, 0x5a, 0xf0, 0x5a, 0xf4, 0x00 }, // 嗡
    { 0xe5, 0x97, 0xa4, 0x00, 0x3c, 0x3c, 0x96, 0xb4, 0xfe, 0xb4, 0xd6, 0x00 }, // 嗤
    { 0xe5, 0x97, 0xa6, 0x00, 0x3c, 0x3c, 0xb0, 0x74, 0xde, 0x34, 0xb0, 0x00 }, // 嗦
    { 0xe5, 0x97, 0xbd, 0x00, 0x3c, 0xa4, 0x5c, 0xfe, 0x9c, 0x76, 0x8c, 0x00 }, // 嗽
    { 0xe5, 0x98, 0x80, 0x00, 0x3c, 0x3c, 0xf4, 0xdc, 0xb6, 0xdc, 0xf4, 0x00 }, // 嘀
    { 0xe5, 0x98, 0x81, 0x00, 0x3c, 0xfc, 0x44, 0xfc, 0x54, 0x7e, 0xa4, 0x00 }, // 嘁
    { 0xe5, 0x98, 0x89, 0x00, 0xa4, 0x6c, 0xbc, 0xee, 0xfc, 0xac, 0xe4, 0x00 }, // 嘉
    { 0xe5, 0x98, 0xb1, 0x00, 0x3c, 0xa4, 0x7e, 0xe6, 0xb6, 0x7e, 0xe6, 0x00 }, // 嘱
    { 0xe5, 0x98, 0xb2, 0x00, 0x3c, 0x24, 0x5a, 0xfe, 0x7e, 0x2a, 0xfe, 0x00 }, // 嘲
    { 0xe5, 0x98, 0xb4, 0x00, 0x3c, 0x3c, 0x9e, 0x74, 0x70, 0xfe, 0x14, 0x00 }, // 嘴
    { 0xe5, 0x98, 0xb6, 0x00, 0x3c, 0x24, 0xbe, 0x34, 0xbe, 0x7c, 0xf2, 0x00 }, // 嘶
    { 0xe5, 0x98, 0xb9, 0x00, 0x3c, 0x3c, 0x94, 0x3c, 0xd6, 0x3c, 0x94, 0x00 }, // 嘹
    { 0xe5, 0x98, 0xbf, 0x00, 0x3c, 0x3c, 0xae, 0x2a, 0xbe, 0x2a, 0xae, 0x00 }, // 嘿
    { 0xe5, 0x99, 0xa8, 0x00, 0x50, 0xd6, 0xd6, 0x38, 0xd6, 0xde, 0x50, 0x00 }, // 器
    { 0xe5, 0x99, 0xa9, 0x00, 0xda, 0xda, 0x92, 0xfe, 0x92, 0xda, 0xda, 0x00 }, // 噩
    { 0xe5, 0x99, 0xaa, 0x00, 0x3c, 0x24, 0xbc, 0x6e, 0xfa, 0x6e, 0xb8, 0x00 }, // 噪
    { 0xe5, 0x9a, 0x8e, 0x00, 0x3c, 0x3c, 0x54, 0xbc, 0xf6, 0x5c, 0xb4, 0x00 }, // 嚎
    { 0xe5, 0x9a, 0xa3, 0x00, 0x48, 0xfe, 0xce, 0x38, 0xce, 0xfe, 0x48, 0x00 }, // 嚣
    { 0xe5, 0x9a, 0xb7, 0x00, 0x3c, 0x3c, 0x6c, 0xfc, 0xb6, 0x7c, 0xac, 0x00 }, // 嚷
    { 0xe5, 0x9a, 0xbc, 0x00, 0x3c, 0x24, 0xfc, 0x5c, 0x1c, 0xba, 0xfe, 0x00 }, // 嚼
    { 0xe5, 0x9b, 0x8a, 0x00, 0xaa, 0x7e, 0xfa, 0xae, 0x7a, 0xbe, 0xaa, 0x00 }, // 囊
    { 0xe5, 0x9b, 0x9a, 0x00, 0xfe, 0xc2, 0xa2, 0x9e, 0xa2, 0xc2, 0xfe, 0x00 }, // 囚
    { 0xe5, 0x9b, 0x9b, 0x00, 0xfe, 0xa2, 0x9e, 0x82, 0x9e, 0x92, 0xfe, 0x00 }, // 四
    { 0xe5, 0x9b, 0x9e, 0x00, 0xfe, 0x82, 0xba, 0xaa, 0xba, 0x82, 0xfe, 0x00 }, // 回
    { 0xe5, 0x9b, 0xa0, 0x00, 0xfe, 0xca, 0xaa, 0x9e, 0xaa, 0xca, 0xfe, 0x00 }, // 因
    { 0xe5, 0x9b, 0xa2, 0x00, 0xfe, 0xaa, 0xaa, 0xda, 0xfe, 0x8a, 0xfe, 0x00 }, // 团
    { 0xe5, 0x9b, 0xa4, 0x00, 0xfe, 0xba, 0xaa, 0xfe, 0xea, 0xda, 0xfe, 0x00 }, // 囤
    { 0xe5, 0x9b, 0xad, 0x00, 0xfe, 0xd2, 0xb6, 0x96, 0xf6, 0xd2, 0xfe, 0x00 }, // 园
    { 0xe5, 0x9b, 0xb0, 0x00, 0xfe, 0xaa, 0x9a, 0xfe, 0x9a, 0xaa, 0xfe, 0x00 }, // 困
    { 0xe5, 0x9b, 0xb1, 0x00, 0xfc, 0x84, 0xd6, 0xac, 0xdc, 0x84, 0xfc, 0x00 }, // 囱
    { 0xe5, 0x9b, 0xb4, 0x00, 0xfe, 0xa2, 0xaa, 0xfe, 0xaa, 0xe2, 0xfe, 0x00 }, // 围
    { 0xe5, 0x9b, 0xba, 0x00, 0xfe, 0x82, 0xea, 0xde, 0xea, 0x82, 0xfe, 0x00 }, // 固
    { 0xe5, 0x9b, 0xbd, 0x00, 0xfe, 0x82, 0xd6, 0xfe, 0xd6, 0xa2, 0xfe, 0x00 }, // 国
    { 0xe5, 0x9b, 0xbe, 0x00, 0xfe, 0xa2, 0xaa, 0xd6, 0x9e, 0xa2, 0xfe, 0x00 }, // 图
    { 0xe5, 0x9c, 0x83, 0x00, 0xfe, 0x8a, 0xfa, 0xbe, 0xfa, 0x8e, 0xfe, 0x00 }, // 圃
    { 0xe5, 0x9c, 0x86, 0x00, 0xfe, 0xb2, 0xde, 0xb6, 0x9e, 0xd2, 0xfe, 0x00 }, // 圆
    { 0xe5, 0x9c, 0x88, 0x00, 0xfe, 0xaa, 0xfe, 0xfa, 0xde, 0xaa, 0xfe, 0x00 }, // 圈
    { 0xe5, 0x9c, 0x9f, 0x00, 0x80, 0x88, 0x88, 0xfe, 0x88, 0x88, 0x80, 0x00 }, // 土
    { 0xe5, 0x9c, 0xa3, 0x00, 0x90, 0xb2, 0xb6, 0xea, 0xb6, 0xb0, 0x90, 0x00 }, // 圣
    { 0xe5, 0x9c, 0xa8, 0x00, 0x24, 0xf4, 0x8e, 0x94, 0xfc, 0x94, 0x84, 0x00 }, // 在
    { 0xe5, 0x9c, 0xb0, 0x00, 0x48, 0x7e, 0x10, 0xfc, 0x88, 0xbe, 0xd8, 0x00 }, // 地
    { 0xe5, 0x9c, 0xba, 0x00, 0x48, 0x7e, 0x50, 0xb2, 0x5a, 0xb6, 0xf0, 0x00 }, // 场
    { 0xe5, 0x9c, 0xbe, 0x00, 0x48, 0x7e, 0x42, 0xbe, 0xa2, 0x4e, 0xb8, 0x00 }, // 圾
    { 0xe5, 0x9d, 0x80, 0x00, 0x48, 0x7e, 0x80, 0xf8, 0x80, 0xfe, 0x88, 0x00 }, // 址
    { 0xe5, 0x9d, 0x87, 0x00, 0x48, 0x7e, 0x28, 0x46, 0x54, 0xa4, 0xfc, 0x00 }, // 均
    { 0xe5, 0x9d, 0x8a, 0x00, 0x48, 0x7e, 0x28, 0x84, 0x7c, 0x96, 0xf4, 0x00 }, // 坊
    { 0xe5, 0x9d, 0x8e, 0x00, 0x48, 0x7e, 0x88, 0x46, 0x3c, 0x44, 0x8c, 0x00 }, // 坎
    { 0xe5, 0x9d, 0x8f, 0x00, 0x48, 0x7e, 0x22, 0x12, 0xfe, 0x12, 0x22, 0x00 }, // 坏
    { 0xe5, 0x9d, 0x90, 0x00, 0x88, 0xa6, 0xa8, 0xfe, 0xa8, 0xa6, 0x88, 0x00 }, // 坐
    { 0xe5, 0x9d, 0x91, 0x00, 0x48, 0x7e, 0x84, 0x74, 0x16, 0xf4, 0x84, 0x00 }, // 坑
    { 0xe5, 0x9d, 0x97, 0x00, 0x48, 0x7e, 0x90, 0x94, 0x7e, 0x9c, 0x90, 0x00 }, // 块
    { 0xe5, 0x9d, 0x9a, 0x00, 0x8c, 0xa0, 0xbe, 0xe0, 0xb6, 0xaa, 0x96, 0x00 }, // 坚
    { 0xe5, 0x9d, 0x9b, 0x00, 0x48, 0x7e, 0x88, 0xca, 0xba, 0x4a, 0x88, 0x00 }, // 坛
    { 0xe5, 0x9d, 0x9d, 0x00, 0x48, 0x7e, 0xbe, 0x82, 0x7a, 0x02, 0xbe, 0x00 }, // 坝
    { 0xe5, 0x9d, 0x9e, 0x00, 0x48, 0x7e, 0x80, 0xbc, 0xa6, 0x3c, 0xe0, 0x00 }, // 坞
    { 0xe5, 0x9d, 0x9f, 0x00, 0x48, 0x7e, 0x84, 0x5c, 0x26, 0x5c, 0x84, 0x00 }, // 坟
    { 0xe5, 0x9d, 0xa0, 0x00, 0xbe, 0x96, 0xa0, 0xd0, 0x8e, 0x90, 0xa0, 0x00 }, // 坠
    { 0xe5, 0x9d, 0xa1, 0x00, 0x48, 0x7e, 0xfc, 0xb4, 0x5e, 0xb4, 0x8c, 0x00 }, // 坡
    { 0xe5, 0x9d, 0xa4, 0x00, 0x48, 0x7e, 0x7c, 0x54, 0xfe, 0x54, 0x7c, 0x00 }, // 坤
    { 0xe5, 0x9d, 0xa6, 0x00, 0x48, 0x7e, 0x28, 0xbe, 0xaa, 0xaa, 0xbe, 0x00 }, // 坦
    { 0xe5, 0x9d, 0xaa, 0x00, 0x48, 0x7e, 0x2a, 0x22, 0xfe, 0x22, 0x2a, 0x00 }, // 坪
    { 0xe5, 0x9d, 0xaf, 0x00, 0x48, 0x7e, 0x28, 0x92, 0x8a, 0xfe, 0x92, 0x00 }, // 坯
    { 0xe5, 0x9d, 0xb7, 0x00, 0x48, 0x7e, 0x28, 0x3a, 0x2a, 0xba, 0xfe, 0x00 }, // 坷
    { 0xe5, 0x9e, 0x82, 0x00, 0x28, 0xbc, 0xac, 0xfc, 0xaa, 0xba, 0x28, 0x00 }, // 垂
    { 0xe5, 0x9e, 0x83, 0x00, 0x48, 0x7e, 0x84, 0xb4, 0xc6, 0xbc, 0x84, 0x00 }, // 垃
    { 0xe5, 0x9e, 0x84, 0x00, 0xa4, 0x94, 0x8e, 0xd4, 0xbc, 0xb6, 0xac, 0x00 }, // 垄
    { 0xe5, 0x9e, 0x8b, 0x00, 0xaa, 0x9e, 0xaa, 0xfe, 0xaa, 0x8c, 0xbe, 0x00 }, // 型
    { 0xe5, 0x9e, 0x92, 0x00, 0xa0, 0xb4, 0xa6, 0xd4, 0xb2, 0xa4, 0x90, 0x00 }, // 垒
    { 0xe5, 0x9e, 0x9b, 0x00, 0x48, 0x7e, 0xa8, 0x66, 0xf2, 0x6e, 0xa8, 0x00 }, // 垛
    { 0xe5, 0x9e, 0xa2, 0x00, 0x48, 0x7e, 0x80, 0x7c, 0x14, 0xd4, 0xd2, 0x00 }, // 垢
    { 0xe5, 0x9e, 0xa6, 0x00, 0x80, 0xbe, 0xaa, 0xca, 0x9a, 0xae, 0xa0, 0x00 }, // 垦
    { 0xe5, 0x9e, 0xab, 0x00, 0x94, 0xbe, 0xa0, 0xf4, 0xae, 0xbc, 0x90, 0x00 }, // 垫
    { 0xe5, 0x9e, 0xae, 0x00, 0x48, 0x7e, 0x14, 0x2c, 0x36, 0xac, 0xd4, 0x00 }, // 垮
    { 0xe5, 0x9f, 0x82, 0x00, 0x48, 0x7e, 0x82, 0xae, 0x7e, 0x8e, 0x82, 0x00 }, // 埂
    { 0xe5, 0x9f, 0x83, 0x00, 0x48, 0x7e, 0xa8, 0xbc, 0x6a, 0xa8, 0xac, 0x00 }, // 埃
    { 0xe5, 0x9f, 0x8b, 0x00, 0x48, 0x7e, 0xbe, 0xaa, 0xfe, 0xaa, 0xbe, 0x00 }, // 埋
    { 0xe5, 0x9f, 0x8e, 0x00, 0x48, 0x7e, 0xfc, 0x54, 0xb4, 0x7e, 0xa4, 0x00 }, // 城
    { 0xe5, 0x9f, 0x9f, 0x00, 0x48, 0x7e, 0xb4, 0xb4, 0x44, 0x7e, 0xa4, 0x00 }, // 域
    { 0xe5, 0x9f, 0xa0, 0x00, 0x48, 0x7e, 0x48, 0x7c, 0xd6, 0x5c, 0x70, 0x00 }, // 埠
    { 0xe5, 0x9f, 0xb9, 0x00, 0x48, 0x7e, 0x14, 0xfc, 0xb6, 0xfc, 0x14, 0x00 }, // 培
    { 0xe5, 0x9f, 0xba, 0x00, 0x50, 0x34, 0x9e, 0xd4, 0x9e, 0x34, 0x50, 0x00 }, // 基
    { 0xe5, 0xa0, 0x82, 0x00, 0x8c, 0xa6, 0xbc, 0xf6, 0xbc, 0xa6, 0x8c, 0x00 }, // 堂
    { 0xe5, 0xa0, 0x86, 0x00, 0x48, 0x7e, 0x28, 0xfe, 0x94, 0xfe, 0x94, 0x00 }, // 堆
    { 0xe5, 0xa0, 0x95, 0x00, 0xbe, 0x96, 0x80, 0xd4, 0x8e, 0xb4, 0xb4, 0x00 }, // 堕
    { 0xe5, 0xa0, 0xa1, 0x00, 0x88, 0xbc, 0xaa, 0xde, 0xba, 0x9e, 0xa8, 0x00 }, // 堡
    { 0xe5, 0xa0, 0xa4, 0x00, 0x48, 0x7e, 0x88, 0x68, 0x8e, 0xfe, 0xa8, 0x00 }, // 堤
    { 0xe5, 0xa0, 0xaa, 0x00, 0x48, 0x7e, 0xe4, 0xbe, 0xe4, 0xbe, 0xa4, 0x00 }, // 堪
    { 0xe5, 0xa0, 0xb0, 0x00, 0x48, 0x7e, 0xfe, 0x92, 0xde, 0xae, 0xd2, 0x00 }, // 堰
    { 0xe5, 0xa0, 0xb5, 0x00, 0x48, 0x7e, 0x50, 0x34, 0xde, 0xd4, 0xd2, 0x00 }, // 堵
    { 0xe5, 0xa1, 0x8c, 0x00, 0x48, 0x7e, 0xb0, 0x5e, 0xfa, 0x5e, 0xf0, 0x00 }, // 塌
    { 0xe5, 0xa1, 0x91, 0x00, 0xae, 0xbc, 0x96, 0xdc, 0xbe, 0x8a, 0xbe, 0x00 }, // 塑
    { 0xe5, 0xa1, 0x94, 0x00, 0x48, 0x7e, 0x24, 0xf6, 0xac, 0xf6, 0x24, 0x00 }, // 塔
    { 0xe5, 0xa1, 0x98, 0x00, 0x48, 0x7e, 0x7c, 0x24, 0xee, 0xbc, 0xd4, 0x00 }, // 塘
    { 0xe5, 0xa1, 0x9e, 0x00, 0xac, 0x74, 0xbc, 0xf6, 0xbc, 0x74, 0xac, 0x00 }, // 塞
    { 0xe5, 0xa1, 0xab, 0x00, 0x48, 0x7e, 0xa4, 0x3c, 0x3e, 0x3c, 0xa4, 0x00 }, // 填
    { 0xe5, 0xa2, 0x83, 0x00, 0x48, 0x7e, 0x94, 0x7c, 0x76, 0xfc, 0x94, 0x00 }, // 境
    { 0xe5, 0xa2, 0x85, 0x00, 0xae, 0xbe, 0xae, 0xc0, 0xaa, 0xbe, 0x9a, 0x00 }, // 墅
    { 0xe5, 0xa2, 0x93, 0x00, 0x54, 0x34, 0x9e, 0xdc, 0x9e, 0x34, 0x54, 0x00 }, // 墓
    { 0xe5, 0xa2, 0x99, 0x00, 0x48, 0x7e, 0xec, 0xe4, 0xbe, 0xe4, 0xec, 0x00 }, // 墙
    { 0xe5, 0xa2, 0x9e, 0x00, 0x48, 0x7e, 0x1c, 0xf6, 0xbc, 0xf6, 0x1c, 0x00 }, // 增
    { 0xe5, 0xa2, 0xa8, 0x00, 0xa8, 0x8e, 0xaa, 0xce, 0xaa, 0x8e, 0xa8, 0x00 }, // 墨
    { 0xe5, 0xa2, 0xa9, 0x00, 0x48, 0x7e, 0x5c, 0xf6, 0xac, 0x7e, 0xbc, 0x00 }, // 墩
    { 0xe5, 0xa3, 0x81, 0x00, 0x90, 0xbe, 0xb6, 0xd4, 0x9c, 0xb6, 0x9c, 0x00 }, // 壁
    { 0xe5, 0xa3, 0x95, 0x00, 0x48, 0x7e, 0x54, 0xbc, 0xf6, 0x5c, 0xb4, 0x00 }, // 壕
    { 0xe5, 0xa3, 0xa4, 0x00, 0x48, 0x7e, 0x6c, 0xfc, 0xb6, 0x7c, 0xac, 0x00 }, // 壤
    { 0xe5, 0xa3, 0xab, 0x00, 0x08, 0x88, 0x88, 0xfe, 0x88, 0x88, 0x08, 0x00 }, // 士
    { 0xe5, 0xa3, 0xae, 0x00, 0x28, 0xfe, 0x08, 0x88, 0xfe, 0x88, 0x08, 0x00 }, // 壮
    { 0xe5, 0xa3, 0xb0, 0x00, 0x84, 0x74, 0x54, 0x7e, 0x54, 0x74, 0x04, 0x00 }, // 声
    { 0xe5, 0xa3, 0xb3, 0x00, 0xb4, 0x94, 0x54, 0x5e, 0xd4, 0x94, 0xb4, 0x00 }, // 壳
    { 0xe5, 0xa3, 0xb6, 0x00, 0x98, 0xac, 0xfc, 0x8e, 0xfc, 0xac, 0x98, 0x00 }, // 壶
    { 0xe5, 0xa3, 0xb9, 0x00, 0xb4, 0x94, 0xf4, 0xbe, 0xf4, 0x94, 0xb4, 0x00 }, // 壹
    { 0xe5, 0xa4, 0x84, 0x00, 0x90, 0x5e, 0x24, 0x5c, 0x80, 0xbe, 0x88, 0x00 }, // 处
    { 0xe5, 0xa4, 0x87, 0x00, 0x10, 0xf4, 0xb4, 0xea, 0xb6, 0xf0, 0x10, 0x00 }, // 备
    { 0xe5, 0xa4, 0x8d, 0x00, 0x88, 0xa6, 0xbc, 0x5c, 0xbc, 0x84, 0x84, 0x00 }, // 复
    { 0xe5, 0xa4, 0x8f, 0x00, 0x82, 0xa2, 0xbe, 0x5e, 0xbe, 0x82, 0x82, 0x00 }, // 夏
    { 0xe5, 0xa4, 0x95, 0x00, 0x10, 0x90, 0x88, 0x96, 0x54, 0x24, 0x1c, 0x00 }, // 夕
    { 0xe5, 0xa4, 0x96, 0x00, 0x90, 0x8e, 0x54, 0x3c, 0xfe, 0x10, 0x20, 0x00 }, // 外
    { 0xe5, 0xa4, 0x9a, 0x00, 0x10, 0x94, 0xb4, 0xaa, 0x56, 0x50, 0x30, 0x00 }, // 多
    { 0xe5, 0xa4, 0x9c, 0x00, 0x24, 0xf4, 0x0c, 0xa6, 0xbc, 0x54, 0xb4, 0x00 }, // 夜
    { 0xe5, 0xa4, 0x9f, 0x00, 0x08, 0x36, 0xb4, 0xfc, 0xa4, 0x5a, 0x36, 0x00 }, // 够
    { 0xe5, 0xa4, 0xa7, 0x00, 0x88, 0x88, 0x48, 0x3e, 0x48, 0x88, 0x88, 0x00 }, // 大
    { 0xe5, 0xa4, 0xa9, 0x00, 0x88, 0x8a, 0x4a, 0x3e, 0x4a, 0x8a, 0x88, 0x00 }, // 天
    { 0xe5, 0xa4, 0xaa, 0x00, 0x84, 0x44, 0x34, 0x8e, 0x34, 0x44, 0x84, 0x00 }, // 太
    { 0xe5, 0xa4, 0xab, 0x00, 0x90, 0x94, 0x54, 0x3e, 0x54, 0x94, 0x90, 0x00 }, // 夫
    { 0xe5, 0xa4, 0xad, 0x00, 0x90, 0x94, 0x54, 0x3c, 0x52, 0x92, 0x90, 0x00 }, // 夭
    { 0xe5, 0xa4, 0xae, 0x00, 0x90, 0x9c, 0x54, 0x3e, 0x54, 0x9c, 0x90, 0x00 }, // 央
    { 0xe5, 0xa4, 0xaf, 0x00, 0x14, 0xb4, 0xac, 0x76, 0xac, 0xf4, 0x14, 0x00 }, // 夯
    { 0xe5, 0xa4, 0xb1, 0x00, 0x98, 0x96, 0x54, 0x3e, 0x54, 0x94, 0x90, 0x00 }, // 失
    { 0xe5, 0xa4, 0xb4, 0x00, 0xa0, 0xaa, 0xb4, 0x60, 0x3e, 0xa0, 0xa0, 0x00 }, // 头
    { 0xe5, 0xa4, 0xb7, 0x00, 0x84, 0xbc, 0xac, 0x7e, 0xac, 0xec, 0x84, 0x00 }, // 夷
    { 0xe5, 0xa4, 0xb8, 0x00, 0x14, 0x34, 0x2c, 0xa6, 0xac, 0xf4, 0x14, 0x00 }, // 夸
    { 0xe5, 0xa4, 0xb9, 0x00, 0xa4, 0xac, 0xa4, 0x7e, 0xa4, 0xac, 0xa4, 0x00 }, // 夹
    { 0xe5, 0xa4, 0xba, 0x00, 0x14, 0x34, 0x6c, 0xa6, 0xec, 0x34, 0x14, 0x00 }, // 夺
    { 0xe5, 0xa5, 0x84, 0x00, 0x14, 0x74, 0x6c, 0x76, 0xec, 0xf4, 0x94, 0x00 }, // 奄
    { 0xe5, 0xa5, 0x87, 0x00, 0x20, 0xe4, 0xb4, 0xee, 0x34, 0xe4, 0x20, 0x00 }, // 奇
    { 0xe5, 0xa5, 0x88, 0x00, 0x94, 0x74, 0xac, 0xe6, 0x2c, 0x74, 0x94, 0x00 }, // 奈
    { 0xe5, 0xa5, 0x89, 0x00, 0x50, 0x34, 0x5c, 0xfe, 0x5c, 0x34, 0x50, 0x00 }, // 奉
    { 0xe5, 0xa5, 0x8b, 0x00, 0x14, 0xf4, 0xac, 0xe6, 0xac, 0xf4, 0x14, 0x00 }, // 奋
    { 0xe5, 0xa5, 0x8f, 0x00, 0x50, 0x34, 0x9c, 0x7e, 0x9c, 0x34, 0x50, 0x00 }, // 奏
    { 0xe5, 0xa5, 0x91, 0x00, 0x94, 0xbe, 0xb4, 0x72, 0xae, 0xb2, 0x9e, 0x00 }, // 契
    { 0xe5, 0xa5, 0x94, 0x00, 0x54, 0xd4, 0x6c, 0x76, 0xec, 0x54, 0x54, 0x00 }, // 奔
    { 0xe5, 0xa5, 0x95, 0x00, 0x94, 0xa4, 0xbc, 0x66, 0xbc, 0xa4, 0x94, 0x00 }, // 奕
    { 0xe5, 0xa5, 0x96, 0x00, 0x92, 0xa8, 0xbe, 0x60, 0xb4, 0xaa, 0x86, 0x00 }, // 奖
    { 0xe5, 0xa5, 0x97, 0x00, 0xb4, 0xac, 0xfc, 0xb6, 0xa4, 0x6c, 0xb4, 0x00 }, // 套
    { 0xe5, 0xa5, 0xa0, 0x00, 0xa4, 0xbe, 0xb4, 0x6c, 0xbc, 0xbe, 0xa4, 0x00 }, // 奠
    { 0xe5, 0xa5, 0xa2, 0x00, 0x94, 0xb4, 0x6c, 0xf6, 0xac, 0xf4, 0x34, 0x00 }, // 奢
    { 0xe5, 0xa5, 0xa5, 0x00, 0xa0, 0xbc, 0xb4, 0x7e, 0xac, 0xbc, 0xa0, 0x00 }, // 奥
    { 0xe5, 0xa5, 0xb3, 0x00, 0x88, 0xa8, 0xb8, 0x4e, 0x68, 0x98, 0x88, 0x00 }, // 女
    { 0xe5, 0xa5, 0xb4, 0x00, 0x88, 0xb8, 0x6e, 0x58, 0x9a, 0x62, 0x9e, 0x00 }, // 奴
    { 0xe5, 0xa5, 0xb6, 0x00, 0xb8, 0x6e, 0x58, 0x82, 0x7e, 0x8e, 0xf8, 0x00 }, // 奶
    { 0xe5, 0xa5, 0xb8, 0x00, 0x88, 0xb8, 0x6e, 0x58, 0x12, 0xfe, 0x12, 0x00 }, // 奸
    { 0xe5, 0xa5, 0xb9, 0x00, 0xb8, 0x6e, 0x58, 0xfc, 0x88, 0xbe, 0xd8, 0x00 }, // 她
    { 0xe5, 0xa5, 0xbd, 0x00, 0x88, 0xb8, 0x6e, 0x58, 0x92, 0xfa, 0x16, 0x00 }, // 好
    { 0xe5, 0xa6, 0x82, 0x00, 0x88, 0xb8, 0x6e, 0x58, 0xfc, 0x84, 0xfc, 0x00 }, // 如
    { 0xe5, 0xa6, 0x84, 0x00, 0xa4, 0xbc, 0xf4, 0xb6, 0x74, 0xb4, 0xa4, 0x00 }, // 妄
    { 0xe5, 0xa6, 0x86, 0x00, 0x28, 0xfe, 0x88, 0xb8, 0x6e, 0x98, 0x88, 0x00 }, // 妆
    { 0xe5, 0xa6, 0x87, 0x00, 0x88, 0xb8, 0x6e, 0x58, 0x92, 0x92, 0xfe, 0x00 }, // 妇
    { 0xe5, 0xa6, 0x88, 0x00, 0x88, 0xb8, 0x6e, 0x58, 0x52, 0x9e, 0xf0, 0x00 }, // 妈
    { 0xe5, 0xa6, 0x92, 0x00, 0x88, 0xb8, 0x6e, 0x98, 0x7c, 0x16, 0x1c, 0x00 }, // 妒
    { 0xe5, 0xa6, 0x93, 0x00, 0x88, 0xb8, 0x6e, 0x98, 0xb4, 0x5e, 0xb4, 0x00 }, // 妓
    { 0xe5, 0xa6, 0x96, 0x00, 0x88, 0xb8, 0x6e, 0x58, 0x94, 0x7c, 0x92, 0x00 }, // 妖
    { 0xe5, 0xa6, 0x99, 0x00, 0xb8, 0x6e, 0x58, 0x8c, 0xbe, 0x44, 0x28, 0x00 }, // 妙
    { 0xe5, 0xa6, 0xa5, 0x00, 0x94, 0x9c, 0xb4, 0x5c, 0x72, 0x9a, 0x92, 0x00 }, // 妥
    { 0xe5, 0xa6, 0xa8, 0x00, 0xb8, 0x6e, 0x58, 0x84, 0x7c, 0x96, 0xf4, 0x00 }, // 妨
    { 0xe5, 0xa6, 0xb9, 0x00, 0xb8, 0x6e, 0x98, 0x54, 0xfe, 0x54, 0x90, 0x00 }, // 妹
    { 0xe5, 0xa6, 0xbb, 0x00, 0xa4, 0xb4, 0xf4, 0xbe, 0x74, 0xbc, 0xa4, 0x00 }, // 妻
    { 0xe5, 0xa7, 0x86, 0x00, 0xb8, 0x6e, 0x58, 0x7e, 0xd2, 0xfe, 0x50, 0x00 }, // 姆
    { 0xe5, 0xa7, 0x8a, 0x00, 0xbe, 0x78, 0x9c, 0x54, 0xfe, 0x54, 0x74, 0x00 }, // 姊
    { 0xe5, 0xa7, 0x8b, 0x00, 0x88, 0xb8, 0x6e, 0x58, 0xd8, 0xd6, 0xd8, 0x00 }, // 始
    { 0xe5, 0xa7, 0x90, 0x00, 0xb8, 0x6e, 0x98, 0xfe, 0xaa, 0xfe, 0x80, 0x00 }, // 姐
    { 0xe5, 0xa7, 0x91, 0x00, 0x88, 0xb8, 0x6e, 0x58, 0xe8, 0xbe, 0xe8, 0x00 }, // 姑
    { 0xe5, 0xa7, 0x93, 0x00, 0x88, 0xb8, 0x6e, 0x98, 0xa6, 0xfe, 0xa4, 0x00 }, // 姓
    { 0xe5, 0xa7, 0x94, 0x00, 0x94, 0xb4, 0xee, 0xbe, 0x6e, 0xb4, 0x94, 0x00 }, // 委
    { 0xe5, 0xa7, 0x9a, 0x00, 0xbe, 0x78, 0x94, 0x7e, 0x00, 0xfe, 0x94, 0x00 }, // 姚
    { 0xe5, 0xa7, 0x9c, 0x00, 0xa4, 0xae, 0xec, 0xbc, 0x6c, 0xae, 0xa4, 0x00 }, // 姜
    { 0xe5, 0xa7, 0xa5, 0x00, 0xb8, 0x6e, 0x58, 0x34, 0xde, 0xb4, 0x92, 0x00 }, // 姥
    { 0xe5, 0xa7, 0xa8, 0x00, 0xbe, 0x78, 0x84, 0xbc, 0x7e, 0xac, 0xe4, 0x00 }, // 姨
    { 0xe5, 0xa7, 0xbb, 0x00, 0xbe, 0x78, 0xfe, 0xaa, 0x9e, 0xaa, 0xfe, 0x00 }, // 姻
    { 0xe5, 0xa7, 0xbf, 0x00, 0xaa, 0xa0, 0xe8, 0xb6, 0x6c, 0xb4, 0xac, 0x00 }, // 姿
    { 0xe5, 0xa8, 0x81, 0x00, 0x80, 0x7c, 0xac, 0x5c, 0xac, 0x7e, 0xa4, 0x00 }, // 威
    { 0xe5, 0xa8, 0x83, 0x00, 0x88, 0xb8, 0x6e, 0x98, 0xb4, 0xfe, 0xb4, 0x00 }, // 娃
    { 0xe5, 0xa8, 0x84, 0x00, 0xa4, 0xb6, 0xec, 0xbe, 0x6c, 0xb6, 0xa4, 0x00 }, // 娄
    { 0xe5, 0xa8, 0x87, 0x00, 0xbe, 0x78, 0x94, 0x6e, 0x06, 0xee, 0x14, 0x00 }, // 娇
    { 0xe5, 0xa8, 0x98, 0x00, 0xb8, 0x6e, 0x58, 0xfc, 0xb4, 0x56, 0xbc, 0x00 }, // 娘
    { 0xe5, 0xa8, 0x9c, 0x00, 0xbe, 0x78, 0xaa, 0x7e, 0xaa, 0xfe, 0x36, 0x00 }, // 娜
    { 0xe5, 0xa8, 0xa9, 0x00, 0xb8, 0x6e, 0x98, 0xbc, 0x7a, 0xee, 0xb8, 0x00 }, // 娩
    { 0xe5, 0xa8, 0xb1, 0x00, 0xb8, 0x6e, 0x58, 0xa8, 0xae, 0x7a, 0xae, 0x00 }, // 娱
    { 0xe5, 0xa8, 0xb6, 0x00, 0xaa, 0xae, 0xfe, 0xaa, 0x76, 0xaa, 0xb6, 0x00 }, // 娶
    { 0xe5, 0xa9, 0x86, 0x00, 0xaa, 0xa0, 0xf0, 0xac, 0x74, 0xae, 0xb4, 0x00 }, // 婆
    { 0xe5, 0xa9, 0x89, 0x00, 0xbe, 0x78, 0xac, 0x54, 0xf6, 0x94, 0xbc, 0x00 }, // 婉
    { 0xe5, 0xa9, 0x9a, 0x00, 0xb8, 0x6e, 0x58, 0x3e, 0xea, 0xde, 0x2a, 0x00 }, // 婚
    { 0xe5, 0xa9, 0xb4, 0x00, 0xa0, 0xb6, 0xea, 0xb6, 0x6a, 0xb6, 0xa0, 0x00 }, // 婴
    { 0xe5, 0xa9, 0xb6, 0x00, 0xbe, 0x78, 0x0c, 0x74, 0xfe, 0x74, 0x0c, 0x00 }, // 婶
    { 0xe5, 0xa9, 0xbf, 0x00, 0xb8, 0x6e, 0x58, 0x12, 0xee, 0x5a, 0xf6, 0x00 }, // 婿
    { 0xe5, 0xaa, 0x92, 0x00, 0xbe, 0x78, 0xa4, 0x7e, 0xf4, 0x7e, 0xa4, 0x00 }, // 媒
    { 0xe5, 0xaa, 0x9a, 0x00, 0xb8, 0x6e, 0x98, 0x7e, 0x0a, 0xee, 0xee, 0x00 }, // 媚
    { 0xe5, 0xaa, 0xb3, 0x00, 0x88, 0xb8, 0x6e, 0x98, 0x5c, 0x9e, 0xdc, 0x00 }, // 媳
    { 0xe5, 0xab, 0x81, 0x00, 0xbe, 0x78, 0x4c, 0xb4, 0xf6, 0x54, 0xac, 0x00 }, // 嫁
    { 0xe5, 0xab, 0x82, 0x00, 0xbe, 0x78, 0x9c, 0xb2, 0x5c, 0xb2, 0x9e, 0x00 }, // 嫂
    { 0xe5, 0xab, 0x89, 0x00, 0xbe, 0x78, 0xa8, 0x7c, 0xb4, 0x66, 0xa4, 0x00 }, // 嫉
    { 0xe5, 0xab, 0x8c, 0x00, 0xbe, 0x78, 0xa4, 0x6e, 0xfc, 0x7e, 0x94, 0x00 }, // 嫌
    { 0xe5, 0xab, 0xa1, 0x00, 0xbe, 0x78, 0xf4, 0xdc, 0xb6, 0xdc, 0xf4, 0x00 }, // 嫡
    { 0xe5, 0xab, 0xa9, 0x00, 0xbe, 0x78, 0x5c, 0xfe, 0x54, 0x7e, 0xbc, 0x00 }, // 嫩
    { 0xe5, 0xac, 0x89, 0x00, 0xbe, 0x78, 0x24, 0xfc, 0xae, 0xfc, 0x24, 0x00 }, // 嬉
    { 0xe5, 0xad, 0x90, 0x00, 0x10, 0x12, 0x92, 0xfa, 0x16, 0x12, 0x10, 0x00 }, // 子
    { 0xe5, 0xad, 0x94, 0x00, 0xa2, 0xfa, 0x16, 0x00, 0xfe, 0x80, 0xc0, 0x00 }, // 孔
    { 0xe5, 0xad, 0x95, 0x00, 0x50, 0x52, 0x4e, 0xd2, 0x76, 0x54, 0x4c, 0x00 }, // 孕
    { 0xe5, 0xad, 0x97, 0x00, 0x2c, 0x24, 0xac, 0xee, 0x3c, 0x24, 0x2c, 0x00 }, // 字
    { 0xe5, 0xad, 0x98, 0x00, 0x24, 0xf4, 0x2e, 0xa4, 0xec, 0x3c, 0x24, 0x00 }, // 存
    { 0xe5, 0xad, 0x99, 0x00, 0xa2, 0xfa, 0x16, 0x38, 0x80, 0xfe, 0x38, 0x00 }, // 孙
    { 0xe5, 0xad, 0x9d, 0x00, 0x50, 0x54, 0x34, 0x5e, 0xdc, 0x74, 0x52, 0x00 }, // 孝
    { 0xe5, 0xad, 0x9f, 0x00, 0x88, 0xea, 0xaa, 0xfa, 0xae, 0xea, 0x88, 0x00 }, // 孟
    { 0xe5, 0xad, 0xa3, 0x00, 0x54, 0x54, 0x4e, 0xde, 0x7e, 0x4c, 0x54, 0x00 }, // 季
    { 0xe5, 0xad, 0xa4, 0x00, 0xa2, 0xfa, 0x96, 0x7c, 0x84, 0x7c, 0xc2, 0x00 }, // 孤
    { 0xe5, 0xad, 0xa6, 0x00, 0x2c, 0x26, 0xac, 0xee, 0x3c, 0x26, 0x2c, 0x00 }, // 学
    { 0xe5, 0xad, 0xa9, 0x00, 0xa2, 0xfa, 0x96, 0xbc, 0x56, 0xac, 0x94, 0x00 }, // 孩
    { 0xe5, 0xad, 0xb5, 0x00, 0xbc, 0x7a, 0xfc, 0xa4, 0xec, 0x3a, 0x26, 0x00 }, // 孵
    { 0xe5, 0xad, 0xbd, 0x00, 0x44, 0x5c, 0x6e, 0xe4, 0x7e, 0x54, 0x5c, 0x00 }, // 孽
    { 0xe5, 0xae, 0x81, 0x00, 0x0c, 0x14, 0x94, 0xf6, 0x14, 0x14, 0x0c, 0x00 }, // 宁
    { 0xe5, 0xae, 0x83, 0x00, 0x0c, 0x74, 0xa4, 0xa6, 0x94, 0x94, 0xcc, 0x00 }, // 它
    { 0xe5, 0xae, 0x85, 0x00, 0x2c, 0x24, 0x2c, 0xfe, 0xac, 0xa4, 0xac, 0x00 }, // 宅
    { 0xe5, 0xae, 0x87, 0x00, 0x2c, 0x24, 0xac, 0xfe, 0x2c, 0x24, 0x2c, 0x00 }, // 宇
    { 0xe5, 0xae, 0x88, 0x00, 0x2c, 0x24, 0x64, 0xa6, 0xf4, 0x24, 0x2c, 0x00 }, // 守
    { 0xe5, 0xae, 0x89, 0x00, 0x8c, 0x94, 0xb4, 0x5e, 0x74, 0x94, 0x8c, 0x00 }, // 安
    { 0xe5, 0xae, 0x8b, 0x00, 0x8c, 0x94, 0x54, 0xfe, 0x54, 0x94, 0x8c, 0x00 }, // 宋
    { 0xe5, 0xae, 0x8c, 0x00, 0xac, 0xa4, 0x6c, 0x2e, 0xec, 0xa4, 0xac, 0x00 }, // 完
    { 0xe5, 0xae, 0x8f, 0x00, 0x5c, 0xb4, 0xdc, 0xb6, 0x94, 0x54, 0x8c, 0x00 }, // 宏
    { 0xe5, 0xae, 0x97, 0x00, 0xac, 0x64, 0xac, 0xee, 0x2c, 0x64, 0xac, 0x00 }, // 宗
    { 0xe5, 0xae, 0x98, 0x00, 0x0c, 0x04, 0xfc, 0xae, 0xbc, 0xe4, 0x0c, 0x00 }, // 官
    { 0xe5, 0xae, 0x99, 0x00, 0x0c, 0xf4, 0xb4, 0xfe, 0xb4, 0xf4, 0x0c, 0x00 }, // 宙
    { 0xe5, 0xae, 0x9a, 0x00, 0x8c, 0x64, 0x8c, 0xfe, 0xac, 0xa4, 0x8c, 0x00 }, // 定
    { 0xe5, 0xae, 0x9b, 0x00, 0xac, 0xb4, 0x54, 0x36, 0xf4, 0x94, 0xbc, 0x00 }, // 宛
    { 0xe5, 0xae, 0x9c, 0x00, 0x8c, 0x84, 0xfc, 0xae, 0xfc, 0x84, 0x8c, 0x00 }, // 宜
    { 0xe5, 0xae, 0x9d, 0x00, 0x8c, 0x84, 0xac, 0xfe, 0xac, 0xc4, 0x8c, 0x00 }, // 宝
    { 0xe5, 0xae, 0x9e, 0x00, 0xac, 0xa4, 0xb4, 0x66, 0x3c, 0xa4, 0xac, 0x00 }, // 实
    { 0xe5, 0xae, 0xa0, 0x00, 0x9c, 0x54, 0x3c, 0x56, 0xfc, 0xd4, 0xbc, 0x00 }, // 宠
    { 0xe5, 0xae, 0xa1, 0x00, 0x0c, 0x74, 0x54, 0xfe, 0x54, 0x74, 0x0c, 0x00 }, // 审
    { 0xe5, 0xae, 0xa2, 0x00, 0x4c, 0x54, 0xd4, 0xae, 0xdc, 0x44, 0x4c, 0x00 }, // 客
    { 0xe5, 0xae, 0xa3, 0x00, 0x8c, 0x84, 0xec, 0xae, 0xec, 0x84, 0x8c, 0x00 }, // 宣
    { 0xe5, 0xae, 0xa4, 0x00, 0x8c, 0xa4, 0xbc, 0xee, 0x94, 0xa4, 0x8c, 0x00 }, // 室
    { 0xe5, 0xae, 0xa6, 0x00, 0x0c, 0xfc, 0xac, 0xee, 0xbc, 0x84, 0x0c, 0x00 }, // 宦
    { 0xe5, 0xae, 0xaa, 0x00, 0xac, 0xb4, 0x6c, 0x3e, 0xec, 0xa4, 0xac, 0x00 }, // 宪
    { 0xe5, 0xae, 0xab, 0x00, 0x0c, 0xc4, 0xdc, 0xd6, 0xdc, 0xc4, 0x0c, 0x00 }, // 宫
    { 0xe5, 0xae, 0xb0, 0x00, 0x4c, 0x54, 0x74, 0xde, 0x74, 0x54, 0x4c, 0x00 }, // 宰
    { 0xe5, 0xae, 0xb3, 0x00, 0x4c, 0x54, 0xd4, 0xfe, 0xd4, 0x54, 0x4c, 0x00 }, // 害
    { 0xe5, 0xae, 0xb4, 0x00, 0xac, 0xa4, 0xfc, 0xb6, 0x7c, 0xa4, 0xac, 0x00 }, // 宴
    { 0xe5, 0xae, 0xb5, 0x00, 0x0c, 0xf4, 0x5c, 0x5e, 0x54, 0xfc, 0x0c, 0x00 }, // 宵
    { 0xe5, 0xae, 0xb6, 0x00, 0xac, 0xa4, 0x5c, 0xbe, 0xec, 0x44, 0xac, 0x00 }, // 家
    { 0xe5, 0xae, 0xb9, 0x00, 0x4c, 0x54, 0xec, 0xd6, 0xec, 0x54, 0x4c, 0x00 }, // 容
    { 0xe5, 0xae, 0xbd, 0x00, 0x8c, 0xb4, 0x9c, 0x76, 0xdc, 0xb4, 0xcc, 0x00 }, // 宽
    { 0xe5, 0xae, 0xbe, 0x00, 0xac, 0xa4, 0x3c, 0x2e, 0x3c, 0xac, 0xac, 0x00 }, // 宾
    { 0xe5, 0xae, 0xbf, 0x00, 0x2c, 0xf4, 0x04, 0xd6, 0xf4, 0xd4, 0xdc, 0x00 }, // 宿
    { 0xe5, 0xaf, 0x82, 0x00, 0xac, 0x24, 0xfc, 0x2e, 0xb4, 0x54, 0xbc, 0x00 }, // 寂
    { 0xe5, 0xaf, 0x84, 0x00, 0x2c, 0xe4, 0xb4, 0xee, 0x34, 0xe4, 0x2c, 0x00 }, // 寄
    { 0xe5, 0xaf, 0x86, 0x00, 0x2c, 0xd4, 0xbc, 0xe6, 0xac, 0xc4, 0x2c, 0x00 }, // 密
    { 0xe5, 0xaf, 0x87, 0x00, 0xac, 0x6c, 0xac, 0xc6, 0xbc, 0xd4, 0x8c, 0x00 }, // 寇
    { 0xe5, 0xaf, 0x8c, 0x00, 0x0c, 0xe4, 0xbc, 0xf6, 0xbc, 0xe4, 0x0c, 0x00 }, // 富
    { 0xe5, 0xaf, 0x92, 0x00, 0x4c, 0x34, 0x7c, 0x76, 0xbc, 0x34, 0x4c, 0x00 }, // 寒
    { 0xe5, 0xaf, 0x93, 0x00, 0xec, 0x24, 0xbc, 0xfe, 0x7c, 0xa4, 0xec, 0x00 }, // 寓
    { 0xe5, 0xaf, 0x9d, 0x00, 0x5c, 0xf4, 0x04, 0xb6, 0xb4, 0x5c, 0xbc, 0x00 }, // 寝
    { 0xe5, 0xaf, 0x9e, 0x00, 0xac, 0xb4, 0xbc, 0x76, 0xbc, 0xb4, 0xac, 0x00 }, // 寞
    { 0xe5, 0xaf, 0x9f, 0x00, 0xac, 0x5c, 0xac, 0xe6, 0x2c, 0x54, 0xac, 0x00 }, // 察
    { 0xe5, 0xaf, 0xa1, 0x00, 0xac, 0x64, 0xbc, 0x76, 0xfc, 0x64, 0xac, 0x00 }, // 寡
    { 0xe5, 0xaf, 0xa5, 0x00, 0x2c, 0x24, 0x9c, 0xae, 0x54, 0x2c, 0x2c, 0x00 }, // 寥
    { 0xe5, 0xaf, 0xa8, 0x00, 0x6c, 0xb4, 0x7c, 0xf6, 0x7c, 0xb4, 0x6c, 0x00 }, // 寨
    { 0xe5, 0xaf, 0xb8, 0x00, 0x04, 0x14, 0x24, 0x84, 0xfe, 0x04, 0x04, 0x00 }, // 寸
    { 0xe5, 0xaf, 0xb9, 0x00, 0x54, 0x24, 0x5c, 0x14, 0xa4, 0xfe, 0x04, 0x00 }, // 对
    { 0xe5, 0xaf, 0xba, 0x00, 0x50, 0x54, 0xd4, 0x5e, 0xf4, 0x54, 0x50, 0x00 }, // 寺
    { 0xe5, 0xaf, 0xbb, 0x00, 0x20, 0x2a, 0x6a, 0xaa, 0xea, 0x3e, 0x20, 0x00 }, // 寻
    { 0xe5, 0xaf, 0xbc, 0x00, 0x20, 0x3e, 0x6a, 0xaa, 0xea, 0x2e, 0x30, 0x00 }, // 导
    { 0xe5, 0xaf, 0xbf, 0x00, 0x88, 0x4c, 0x3c, 0xae, 0x2c, 0xfc, 0x28, 0x00 }, // 寿
    { 0xe5, 0xb0, 0x81, 0x00, 0x90, 0xb4, 0x7e, 0x54, 0x14, 0xa4, 0xfe, 0x00 }, // 封
    { 0xe5, 0xb0, 0x84, 0x00, 0xa0, 0xbc, 0x56, 0xfc, 0x14, 0xa4, 0xfe, 0x00 }, // 射
    { 0xe5, 0xb0, 0x86, 0x00, 0x28, 0xfe, 0x20, 0x74, 0xaa, 0xf6, 0x20, 0x00 }, // 将
    { 0xe5, 0xb0, 0x89, 0x00, 0x80, 0x7e, 0xd6, 0x56, 0x04, 0xb4, 0xfe, 0x00 }, // 尉
    { 0xe5, 0xb0, 0x8a, 0x00, 0x24, 0x3e, 0x74, 0xac, 0xfc, 0x3e, 0x24, 0x00 }, // 尊
    { 0xe5, 0xb0, 0x8f, 0x00, 0x20, 0x18, 0x80, 0xfe, 0x00, 0x08, 0x30, 0x00 }, // 小
    { 0xe5, 0xb0, 0x91, 0x00, 0x90, 0x8c, 0x80, 0x5e, 0x40, 0x24, 0x08, 0x00 }, // 少
    { 0xe5, 0xb0, 0x94, 0x00, 0x48, 0x36, 0x84, 0xfc, 0x04, 0x14, 0x6c, 0x00 }, // 尔
    { 0xe5, 0xb0, 0x96, 0x00, 0xa8, 0xa4, 0xa0, 0x7e, 0xa0, 0xa4, 0xa8, 0x00 }, // 尖
    { 0xe5, 0xb0, 0x98, 0x00, 0x88, 0xa4, 0xa0, 0xfe, 0xa0, 0xa4, 0x88, 0x00 }, // 尘
    { 0xe5, 0xb0, 0x9a, 0x00, 0xf8, 0x0a, 0xe8, 0xae, 0xe8, 0x0a, 0xf8, 0x00 }, // 尚
    { 0xe5, 0xb0, 0x9d, 0x00, 0xac, 0xa6, 0xec, 0xae, 0xac, 0x66, 0xac, 0x00 }, // 尝
    { 0xe5, 0xb0, 0xa4, 0x00, 0x84, 0x84, 0x44, 0x3e, 0xf4, 0x86, 0xc4, 0x00 }, // 尤
    { 0xe5, 0xb0, 0xb1, 0x00, 0x44, 0x9c, 0xf6, 0x5c, 0x88, 0x7e, 0x8a, 0x00 }, // 就
    { 0xe5, 0xb0, 0xb8, 0x00, 0x80, 0x7e, 0x0a, 0x0a, 0x0a, 0x0a, 0x0e, 0x00 }, // 尸
    { 0xe5, 0xb0, 0xba, 0x00, 0x80, 0x7e, 0x0a, 0x1a, 0x2a, 0x4e, 0x80, 0x00 }, // 尺
    { 0xe5, 0xb0, 0xbc, 0x00, 0x80, 0x7e, 0x0a, 0xfa, 0xaa, 0xaa, 0xae, 0x00 }, // 尼
    { 0xe5, 0xb0, 0xbd, 0x00, 0x40, 0x3e, 0x4a, 0x5a, 0x8a, 0x36, 0x40, 0x00 }, // 尽
    { 0xe5, 0xb0, 0xbe, 0x00, 0x80, 0x7e, 0x56, 0x56, 0xfe, 0xae, 0xa6, 0x00 }, // 尾
    { 0xe5, 0xb0, 0xbf, 0x00, 0x80, 0x7e, 0xaa, 0x6a, 0xfa, 0x4a, 0xae, 0x00 }, // 尿
    { 0xe5, 0xb1, 0x80, 0x00, 0x80, 0x7e, 0xea, 0xaa, 0xea, 0x2e, 0xe0, 0x00 }, // 局
    { 0xe5, 0xb1, 0x81, 0x00, 0x80, 0x7e, 0xfa, 0xaa, 0x0a, 0xfa, 0xae, 0x00 }, // 屁
    { 0xe5, 0xb1, 0x82, 0x00, 0x80, 0x7e, 0xaa, 0xea, 0xaa, 0x6a, 0xae, 0x00 }, // 层
    { 0xe5, 0xb1, 0x85, 0x00, 0x80, 0x7e, 0x06, 0xd6, 0xd6, 0xfe, 0xd6, 0x00 }, // 居
    { 0xe5, 0xb1, 0x88, 0x00, 0x80, 0x7e, 0xca, 0x9a, 0xfa, 0x9a, 0xce, 0x00 }, // 屈
    { 0xe5, 0xb1, 0x89, 0x00, 0x80, 0x7e, 0xfa, 0xaa, 0xfa, 0xfa, 0xae, 0x00 }, // 屉
    { 0xe5, 0xb1, 0x8a, 0x00, 0x80, 0x7e, 0xea, 0xaa, 0xfa, 0xaa, 0xee, 0x00 }, // 届
    { 0xe5, 0xb1, 0x8b, 0x00, 0x80, 0x7e, 0xaa, 0xba, 0xea, 0x9a, 0xae, 0x00 }, // 屋
    { 0xe5, 0xb1, 0x8e, 0x00, 0x80, 0x7e, 0xa6, 0x6e, 0xfe, 0x66, 0xae, 0x00 }, // 屎
    { 0xe5, 0xb1, 0x8f, 0x00, 0x80, 0x7e, 0xd6, 0x7e, 0x56, 0xfe, 0x56, 0x00 }, // 屏
    { 0xe5, 0xb1, 0x91, 0x00, 0x80, 0x7e, 0x0e, 0xf6, 0x5e, 0x56, 0xfe, 0x00 }, // 屑
    { 0xe5, 0xb1, 0x95, 0x00, 0x80, 0x7e, 0xea, 0xba, 0x6a, 0xba, 0xae, 0x00 }, // 展
    { 0xe5, 0xb1, 0x9e, 0x00, 0x80, 0x7e, 0xe6, 0xb6, 0xfe, 0x7e, 0xe6, 0x00 }, // 属
    { 0xe5, 0xb1, 0xa0, 0x00, 0x80, 0x7e, 0xa6, 0x6e, 0xfe, 0xee, 0x26, 0x00 }, // 屠
    { 0xe5, 0xb1, 0xa1, 0x00, 0x80, 0x7e, 0xae, 0xf6, 0xbe, 0x76, 0xae, 0x00 }, // 屡
    { 0xe5, 0xb1, 0xa5, 0x00, 0x80, 0x7e, 0x56, 0xee, 0xbe, 0x56, 0xb6, 0x00 }, // 履
    { 0xe5, 0xb1, 0xaf, 0x00, 0x04, 0x34, 0x24, 0xfe, 0xa4, 0xb4, 0xc4, 0x00 }, // 屯
    { 0xe5, 0xb1, 0xb1, 0x00, 0xf8, 0x80, 0x80, 0xfe, 0x80, 0x80, 0xf8, 0x00 }, // 山
    { 0xe5, 0xb1, 0xb9, 0x00, 0x70, 0x7e, 0x08, 0x46, 0xac, 0x9c, 0xc4, 0x00 }, // 屹
    { 0xe5, 0xb1, 0xbf, 0x00, 0x70, 0x7e, 0x40, 0x5e, 0x54, 0x94, 0xf4, 0x00 }, // 屿
    { 0xe5, 0xb2, 0x81, 0x00, 0x86, 0xa4, 0xa4, 0x5e, 0x54, 0x34, 0x06, 0x00 }, // 岁
    { 0xe5, 0xb2, 0x82, 0x00, 0x06, 0x74, 0x94, 0x96, 0x94, 0x9c, 0xc6, 0x00 }, // 岂
    { 0xe5, 0xb2, 0x94, 0x00, 0xc8, 0xa4, 0xaa, 0xd8, 0xaa, 0xbc, 0xc8, 0x00 }, // 岔
    { 0xe5, 0xb2, 0x96, 0x00, 0x70, 0x7e, 0x70, 0xfe, 0xaa, 0x92, 0xaa, 0x00 }, // 岖
    { 0xe5, 0xb2, 0x97, 0x00, 0xfe, 0x84, 0x54, 0x26, 0x5c, 0x84, 0xfe, 0x00 }, // 岗
    { 0xe5, 0xb2, 0x9b, 0x00, 0xc0, 0xbc, 0xe4, 0xb6, 0xe4, 0x3c, 0xe0, 0x00 }, // 岛
    { 0xe5, 0xb2, 0xa9, 0x00, 0x50, 0x36, 0xd4, 0xd6, 0xd4, 0xd6, 0x10, 0x00 }, // 岩
    { 0xe5, 0xb2, 0xad, 0x00, 0x70, 0x7e, 0x28, 0x64, 0xaa, 0xa4, 0x68, 0x00 }, // 岭
    { 0xe5, 0xb2, 0xb3, 0x00, 0x20, 0xfc, 0xac, 0xec, 0xba, 0xea, 0x20, 0x00 }, // 岳
    { 0xe5, 0xb2, 0xb8, 0x00, 0x86, 0x7c, 0x44, 0x56, 0xf4, 0x54, 0x46, 0x00 }, // 岸
    { 0xe5, 0xb3, 0xa1, 0x00, 0x70, 0x7e, 0xac, 0xa4, 0x7e, 0xa4, 0xac, 0x00 }, // 峡
    { 0xe5, 0xb3, 0xa6, 0x00, 0x14, 0xe4, 0x9c, 0xe6, 0x9c, 0xe4, 0x14, 0x00 }, // 峦
    { 0xe5, 0xb3, 0xad, 0x00, 0x70, 0x7e, 0x70, 0xfa, 0x28, 0xae, 0xfa, 0x00 }, // 峭
    { 0xe5, 0xb3, 0xb0, 0x00, 0x70, 0x7e, 0x50, 0x54, 0xea, 0x56, 0x50, 0x00 }, // 峰
    { 0xe5, 0xb3, 0xbb, 0x00, 0x70, 0x7e, 0x54, 0xae, 0x64, 0xac, 0x96, 0x00 }, // 峻
    { 0xe5, 0xb4, 0x87, 0x00, 0x98, 0x6e, 0xbc, 0xfe, 0x3c, 0x6e, 0x98, 0x00 }, // 崇
    { 0xe5, 0xb4, 0x8e, 0x00, 0x70, 0x7e, 0x24, 0xb4, 0x2e, 0xf4, 0x24, 0x00 }, // 崎
    { 0xe5, 0xb4, 0x94, 0x00, 0x26, 0x14, 0xfc, 0xae, 0xfc, 0xac, 0x86, 0x00 }, // 崔
    { 0xe5, 0xb4, 0x96, 0x00, 0x86, 0x7c, 0x84, 0xae, 0xfc, 0xac, 0x86, 0x00 }, // 崖
    { 0xe5, 0xb4, 0xa9, 0x00, 0x86, 0x7c, 0xac, 0xfe, 0x7c, 0xac, 0xfe, 0x00 }, // 崩
    { 0xe5, 0xb4, 0xad, 0x00, 0x76, 0x54, 0xfc, 0x56, 0x3c, 0xec, 0x26, 0x00 }, // 崭
    { 0xe5, 0xb5, 0x8c, 0x00, 0x26, 0xf4, 0xa4, 0xf6, 0x9c, 0x74, 0xb6, 0x00 }, // 嵌
    { 0xe5, 0xb7, 0x8d, 0x00, 0xb6, 0xec, 0x7c, 0xae, 0x74, 0xfc, 0xb6, 0x00 }, // 巍
    { 0xe5, 0xb7, 0x9d, 0x00, 0x80, 0x7e, 0x00, 0x3c, 0x00, 0x00, 0xfe, 0x00 }, // 川
    { 0xe5, 0xb7, 0x9e, 0x00, 0x98, 0x7e, 0x18, 0xfe, 0x00, 0x18, 0xfe, 0x00 }, // 州
    { 0xe5, 0xb7, 0xa1, 0x00, 0x92, 0x78, 0xb6, 0x88, 0xb6, 0x88, 0xb6, 0x00 }, // 巡
    { 0xe5, 0xb7, 0xa2, 0x00, 0xa4, 0xba, 0x6c, 0xfa, 0x68, 0xbc, 0xa2, 0x00 }, // 巢
    { 0xe5, 0xb7, 0xa5, 0x00, 0x80, 0x84, 0x84, 0xfc, 0x84, 0x84, 0x80, 0x00 }, // 工
    { 0xe5, 0xb7, 0xa6, 0x00, 0x44, 0xa4, 0x9e, 0x94, 0xf4, 0x94, 0x84, 0x00 }, // 左
    { 0xe5, 0xb7, 0xa7, 0x00, 0x44, 0x7c, 0x24, 0x02, 0x1e, 0x92, 0xf2, 0x00 }, // 巧
    { 0xe5, 0xb7, 0xa8, 0x00, 0xfe, 0xaa, 0xaa, 0xaa, 0xaa, 0xba, 0x82, 0x00 }, // 巨
    { 0xe5, 0xb7, 0xa9, 0x00, 0x44, 0x7c, 0xa4, 0x7e, 0x12, 0xfe, 0x80, 0x00 }, // 巩
    { 0xe5, 0xb7, 0xab, 0x00, 0xa0, 0x9a, 0xa2, 0xfe, 0xa2, 0x9a, 0xa0, 0x00 }, // 巫
    { 0xe5, 0xb7, 0xae, 0x00, 0x94, 0x56, 0xb4, 0xbc, 0xf4, 0xb6, 0x94, 0x00 }, // 差
    { 0xe5, 0xb7, 0xb1, 0x00, 0x72, 0x92, 0x92, 0x92, 0x92, 0x9e, 0xc0, 0x00 }, // 己
    { 0xe5, 0xb7, 0xb2, 0x00, 0x7a, 0x92, 0x92, 0x92, 0x92, 0x9e, 0xc0, 0x00 }, // 已
    { 0xe5, 0xb7, 0xb4, 0x00, 0x7e, 0x92, 0x92, 0x9e, 0x92, 0x9e, 0xc0, 0x00 }, // 巴
    { 0xe5, 0xb7, 0xb7, 0x00, 0x50, 0x34, 0xfe, 0xb4, 0x9e, 0x34, 0x50, 0x00 }, // 巷
    { 0xe5, 0xb7, 0xbe, 0x00, 0x7c, 0x04, 0x04, 0xfe, 0x04, 0x44, 0x7c, 0x00 }, // 巾
    { 0xe5, 0xb8, 0x81, 0x00, 0x04, 0x74, 0x14, 0xfc, 0x12, 0x72, 0x02, 0x00 }, // 币
    { 0xe5, 0xb8, 0x82, 0x00, 0x04, 0x74, 0x14, 0xfe, 0x14, 0x74, 0x04, 0x00 }, // 市
    { 0xe5, 0xb8, 0x83, 0x00, 0x24, 0x14, 0x7e, 0x14, 0xfc, 0x14, 0x74, 0x00 }, // 布
    { 0xe5, 0xb8, 0x85, 0x00, 0x3c, 0x80, 0x7e, 0x04, 0xfe, 0x04, 0x7c, 0x00 }, // 帅
    { 0xe5, 0xb8, 0x86, 0x00, 0x1c, 0xfe, 0x80, 0x7e, 0x12, 0xfe, 0x80, 0x00 }, // 帆
    { 0xe5, 0xb8, 0x88, 0x00, 0x3c, 0x80, 0x7e, 0x0a, 0xfe, 0x0a, 0x7a, 0x00 }, // 师
    { 0xe5, 0xb8, 0x8c, 0x00, 0x50, 0x32, 0xda, 0x54, 0xf4, 0x5a, 0xd0, 0x00 }, // 希
    { 0xe5, 0xb8, 0x90, 0x00, 0x1c, 0xfe, 0x10, 0xfe, 0x90, 0x74, 0x92, 0x00 }, // 帐
    { 0xe5, 0xb8, 0x95, 0x00, 0x1c, 0xfe, 0x1c, 0xfc, 0x96, 0x94, 0xfc, 0x00 }, // 帕
    { 0xe5, 0xb8, 0x96, 0x00, 0x1c, 0xfe, 0x1c, 0xe0, 0xbe, 0xa8, 0xe8, 0x00 }, // 帖
    { 0xe5, 0xb8, 0x98, 0x00, 0x0c, 0x74, 0x2c, 0xf6, 0x2c, 0x74, 0x0c, 0x00 }, // 帘
    { 0xe5, 0xb8, 0x9a, 0x00, 0x34, 0xd4, 0x5e, 0xfe, 0x5e, 0xde, 0x34, 0x00 }, // 帚
    { 0xe5, 0xb8, 0x9c, 0x00, 0x1c, 0xfe, 0x9c, 0x5e, 0x12, 0x52, 0x9e, 0x00 }, // 帜
    { 0xe5, 0xb8, 0x9d, 0x00, 0x34, 0xd4, 0x5c, 0xf6, 0x54, 0xdc, 0x34, 0x00 }, // 帝
    { 0xe5, 0xb8, 0xa6, 0x00, 0x34, 0xde, 0x54, 0xfe, 0x54, 0xde, 0x34, 0x00 }, // 带
    { 0xe5, 0xb8, 0xad, 0x00, 0x80, 0x7c, 0xd4, 0x5c, 0xf6, 0x5c, 0xd4, 0x00 }, // 席
    { 0xe5, 0xb8, 0xae, 0x00, 0x14, 0x7e, 0x34, 0xe0, 0x3e, 0x6a, 0x16, 0x00 }, // 帮
    { 0xe5, 0xb8, 0xb8, 0x00, 0x6c, 0x26, 0x3c, 0xf6, 0x3c, 0x26, 0x6c, 0x00 }, // 常
    { 0xe5, 0xb8, 0xbd, 0x00, 0x1c, 0xfe, 0x0e, 0xf2, 0xaa, 0xfa, 0x0e, 0x00 }, // 帽
    { 0xe5, 0xb9, 0x85, 0x00, 0x1c, 0xfe, 0xe2, 0xae, 0xea, 0xae, 0xe2, 0x00 }, // 幅
    { 0xe5, 0xb9, 0x8c, 0x00, 0x1c, 0xfe, 0xa8, 0x66, 0x3e, 0xe6, 0xa8, 0x00 }, // 幌
    { 0xe5, 0xb9, 0x94, 0x00, 0x1c, 0xfe, 0x98, 0xbe, 0x5a, 0xbe, 0x98, 0x00 }, // 幔
    { 0xe5, 0xb9, 0x95, 0x00, 0x54, 0x34, 0xde, 0xfc, 0x5e, 0xf4, 0x34, 0x00 }, // 幕
    { 0xe5, 0xb9, 0xa2, 0x00, 0x1c, 0xfe, 0x94, 0xbc, 0xf6, 0xbc, 0x94, 0x00 }, // 幢
    { 0xe5, 0xb9, 0xb2, 0x00, 0x10, 0x12, 0x12, 0xfe, 0x12, 0x12, 0x10, 0x00 }, // 干
    { 0xe5, 0xb9, 0xb3, 0x00, 0x22, 0x2a, 0x22, 0xfe, 0x32, 0x2a, 0x22, 0x00 }, // 平
    { 0xe5, 0xb9, 0xb4, 0x00, 0x48, 0x76, 0x54, 0xfc, 0x54, 0x54, 0x44, 0x00 }, // 年
    { 0xe5, 0xb9, 0xb6, 0x00, 0x20, 0xa8, 0x7a, 0x28, 0xfc, 0x2a, 0x20, 0x00 }, // 并
    { 0xe5, 0xb9, 0xb8, 0x00, 0x28, 0x6c, 0x7c, 0xee, 0x7c, 0x6c, 0x28, 0x00 }, // 幸
    { 0xe5, 0xb9, 0xbb, 0x00, 0x98, 0xd4, 0xb2, 0xc8, 0x02, 0x82, 0x7e, 0x00 }, // 幻
    { 0xe5, 0xb9, 0xbc, 0x00, 0x98, 0xd4, 0xb2, 0xc8, 0x7e, 0x84, 0xfc, 0x00 }, // 幼
    { 0xe5, 0xb9, 0xbd, 0x00, 0xfc, 0xb4, 0xaa, 0xfe, 0xb4, 0xaa, 0xfc, 0x00 }, // 幽
    { 0xe5, 0xb9, 0xbf, 0x00, 0x80, 0x7c, 0x04, 0x04, 0x06, 0x04, 0x04, 0x00 }, // 广
    { 0xe5, 0xba, 0x84, 0x00, 0x80, 0x7c, 0x84, 0x94, 0xfe, 0x94, 0x84, 0x00 }, // 庄
    { 0xe5, 0xba, 0x86, 0x00, 0x80, 0x7c, 0x94, 0x54, 0x3e, 0x54, 0x94, 0x00 }, // 庆
    { 0xe5, 0xba, 0x87, 0x00, 0x80, 0x7c, 0xf4, 0xa4, 0x06, 0xf4, 0xa4, 0x00 }, // 庇
    { 0xe5, 0xba, 0x8a, 0x00, 0x80, 0x7c, 0x94, 0x54, 0xfe, 0x54, 0x94, 0x00 }, // 床
    { 0xe5, 0xba, 0x8f, 0x00, 0x80, 0x7c, 0x24, 0xac, 0xee, 0x3c, 0x64, 0x00 }, // 序
    { 0xe5, 0xba, 0x90, 0x00, 0x80, 0x7c, 0x84, 0x74, 0x56, 0x5c, 0x74, 0x00 }, // 庐
    { 0xe5, 0xba, 0x93, 0x00, 0x80, 0x7c, 0x74, 0x54, 0xfe, 0x74, 0x54, 0x00 }, // 库
    { 0xe5, 0xba, 0x94, 0x00, 0x80, 0x7c, 0xa4, 0xc4, 0xa6, 0xc4, 0xb4, 0x00 }, // 应
    { 0xe5, 0xba, 0x95, 0x00, 0x80, 0x7c, 0x04, 0xfc, 0xae, 0x7c, 0xac, 0x00 }, // 底
    { 0xe5, 0xba, 0x97, 0x00, 0x80, 0x7c, 0x04, 0xc4, 0xfe, 0xd4, 0xd4, 0x00 }, // 店
    { 0xe5, 0xba, 0x99, 0x00, 0x80, 0x7c, 0xf4, 0xb4, 0xfe, 0xb4, 0xf4, 0x00 }, // 庙
    { 0xe5, 0xba, 0x9c, 0x00, 0x80, 0x7c, 0x24, 0xfc, 0x56, 0x94, 0xfc, 0x00 }, // 府
    { 0xe5, 0xba, 0x9e, 0x00, 0x80, 0x7c, 0x94, 0x7c, 0x56, 0xfc, 0xb4, 0x00 }, // 庞
    { 0xe5, 0xba, 0x9f, 0x00, 0x80, 0x7c, 0x9c, 0x74, 0xbe, 0x54, 0xbc, 0x00 }, // 废
    { 0xe5, 0xba, 0xa6, 0x00, 0x80, 0x7c, 0x94, 0xbc, 0x56, 0xbc, 0x94, 0x00 }, // 度
    { 0xe5, 0xba, 0xa7, 0x00, 0x80, 0x7c, 0x94, 0xac, 0xf6, 0xac, 0x94, 0x00 }, // 座
    { 0xe5, 0xba, 0xad, 0x00, 0x80, 0x7c, 0xac, 0x5c, 0xa6, 0xf4, 0xac, 0x00 }, // 庭
    { 0xe5, 0xba, 0xb5, 0x00, 0x80, 0x7c, 0x14, 0x6c, 0x76, 0xec, 0x94, 0x00 }, // 庵
    { 0xe5, 0xba, 0xb6, 0x00, 0x80, 0x7c, 0x94, 0x3c, 0xb6, 0x3c, 0x94, 0x00 }, // 庶
    { 0xe5, 0xba, 0xb7, 0x00, 0x80, 0x7c, 0xb4, 0x54, 0xfe, 0x5c, 0xac, 0x00 }, // 康
    { 0xe5, 0xba, 0xb8, 0x00, 0x80, 0x7c, 0xf4, 0x5c, 0xfe, 0x5c, 0xf4, 0x00 }, // 庸
    { 0xe5, 0xbb, 0x89, 0x00, 0x80, 0x7c, 0xa4, 0x6c, 0xfe, 0x7c, 0xb4, 0x00 }, // 廉
    { 0xe5, 0xbb, 0x8a, 0x00, 0x80, 0x7c, 0xf4, 0xbc, 0x46, 0xfc, 0x6c, 0x00 }, // 廊
    { 0xe5, 0xbb, 0x93, 0x00, 0x80, 0x7c, 0x74, 0xdc, 0x76, 0xfc, 0x6c, 0x00 }, // 廓
    { 0xe5, 0xbb, 0xb6, 0x00, 0xaa, 0x76, 0x80, 0xb4, 0xa4, 0xbc, 0xaa, 0x00 }, // 延
    { 0xe5, 0xbb, 0xb7, 0x00, 0xaa, 0x76, 0x90, 0xd4, 0xfc, 0xd2, 0xd0, 0x00 }, // 廷
    { 0xe5, 0xbb, 0xba, 0x00, 0xaa, 0x76, 0x80, 0xaa, 0xfe, 0xae, 0xa4, 0x00 }, // 建
    { 0xe5, 0xbc, 0x80, 0x00, 0x10, 0x92, 0x7e, 0x12, 0xfe, 0x12, 0x10, 0x00 }, // 开
    { 0xe5, 0xbc, 0x82, 0x00, 0x20, 0xbe, 0x6a, 0x2a, 0xea, 0x2e, 0x30, 0x00 }, // 异
    { 0xe5, 0xbc, 0x83, 0x00, 0x24, 0xb4, 0x7c, 0x36, 0xec, 0x34, 0x24, 0x00 }, // 弃
    { 0xe5, 0xbc, 0x84, 0x00, 0x20, 0xaa, 0x7a, 0x2e, 0xfa, 0x2a, 0x20, 0x00 }, // 弄
    { 0xe5, 0xbc, 0x8a, 0x00, 0x3a, 0xac, 0x7c, 0x2a, 0xf4, 0x2a, 0x36, 0x00 }, // 弊
    { 0xe5, 0xbc, 0x8f, 0x00, 0x84, 0x94, 0x74, 0x54, 0x1e, 0x64, 0x86, 0x00 }, // 式
    { 0xe5, 0xbc, 0x93, 0x00, 0x20, 0x3a, 0x2a, 0x2a, 0xaa, 0xae, 0xe0, 0x00 }, // 弓
    { 0xe5, 0xbc, 0x95, 0x00, 0x3a, 0x2a, 0xaa, 0xee, 0x00, 0x00, 0xfe, 0x00 }, // 引
    { 0xe5, 0xbc, 0x9b, 0x00, 0xba, 0xee, 0x10, 0xfc, 0x88, 0xbe, 0xd8, 0x00 }, // 弛
    { 0xe5, 0xbc, 0x9f, 0x00, 0x84, 0xb4, 0x56, 0xfc, 0x56, 0x5c, 0xc0, 0x00 }, // 弟
    { 0xe5, 0xbc, 0xa0, 0x00, 0xba, 0xee, 0x10, 0xfe, 0x90, 0x74, 0x92, 0x00 }, // 张
    { 0xe5, 0xbc, 0xa5, 0x00, 0xba, 0xee, 0x48, 0xb6, 0xfc, 0x14, 0x6c, 0x00 }, // 弥
    { 0xe5, 0xbc, 0xa6, 0x00, 0xba, 0xee, 0x94, 0xdc, 0xb6, 0x4c, 0x84, 0x00 }, // 弦
    { 0xe5, 0xbc, 0xa7, 0x00, 0xba, 0xee, 0x80, 0x7c, 0x84, 0x7c, 0xc2, 0x00 }, // 弧
    { 0xe5, 0xbc, 0xaf, 0x00, 0x14, 0x64, 0x7c, 0x66, 0x7c, 0x44, 0xd4, 0x00 }, // 弯
    { 0xe5, 0xbc, 0xb1, 0x00, 0x5a, 0xaa, 0xee, 0x00, 0x5a, 0xaa, 0xee, 0x00 }, // 弱
    { 0xe5, 0xbc, 0xb9, 0x00, 0xba, 0xee, 0x40, 0x5a, 0xf8, 0x5c, 0x5a, 0x00 }, // 弹
    { 0xe5, 0xbc, 0xba, 0x00, 0xba, 0xee, 0x80, 0xb6, 0xfe, 0xb6, 0xc0, 0x00 }, // 强
    { 0xe5, 0xbd, 0x92, 0x00, 0x3c, 0x80, 0x7e, 0x00, 0x92, 0x92, 0xfe, 0x00 }, // 归
    { 0xe5, 0xbd, 0x93, 0x00, 0x00, 0x8a, 0xac, 0xae, 0xa8, 0xac, 0xfa, 0x00 }, // 当
    { 0xe5, 0xbd, 0x95, 0x00, 0xa8, 0x4a, 0xaa, 0xfa, 0x4a, 0xae, 0x88, 0x00 }, // 录
    { 0xe5, 0xbd, 0xa2, 0x00, 0x92, 0x7e, 0x12, 0xfe, 0x12, 0x94, 0x4a, 0x00 }, // 形
    { 0xe5, 0xbd, 0xa4, 0x00, 0xa0, 0x7e, 0x2a, 0xa2, 0xfe, 0x94, 0x4a, 0x00 }, // 彤
    { 0xe5, 0xbd, 0xa9, 0x00, 0xa4, 0x6c, 0xf4, 0x6a, 0xa2, 0x94, 0x4a, 0x00 }, // 彩
    { 0xe5, 0xbd, 0xaa, 0x00, 0xf8, 0x88, 0x5e, 0xd4, 0x80, 0xd4, 0xaa, 0x00 }, // 彪
    { 0xe5, 0xbd, 0xac, 0x00, 0x34, 0xfe, 0x34, 0xfe, 0x34, 0x94, 0x4a, 0x00 }, // 彬
    { 0xe5, 0xbd, 0xad, 0x00, 0x84, 0xb4, 0xde, 0xb4, 0x00, 0x94, 0x4a, 0x00 }, // 彭
    { 0xe5, 0xbd, 0xb0, 0x00, 0x54, 0x7c, 0xf6, 0x7c, 0x54, 0x94, 0x4a, 0x00 }, // 彰
    { 0xe5, 0xbd, 0xb1, 0x00, 0x88, 0x3e, 0xea, 0x3e, 0x88, 0x94, 0x4a, 0x00 }, // 影
    { 0xe5, 0xbd, 0xb9, 0x00, 0x14, 0xfa, 0x88, 0xb6, 0x52, 0xbe, 0x88, 0x00 }, // 役
    { 0xe5, 0xbd, 0xbb, 0x00, 0x14, 0xfa, 0x3c, 0xaa, 0x7e, 0x82, 0xfe, 0x00 }, // 彻
    { 0xe5, 0xbd, 0xbc, 0x00, 0x14, 0xfa, 0x7c, 0xb4, 0x5e, 0xb4, 0x8c, 0x00 }, // 彼
    { 0xe5, 0xbe, 0x80, 0x00, 0x14, 0xfa, 0x88, 0xaa, 0xfc, 0xa8, 0x88, 0x00 }, // 往
    { 0xe5, 0xbe, 0x81, 0x00, 0x14, 0xfa, 0x80, 0xf2, 0x82, 0xfe, 0x92, 0x00 }, // 征
    { 0xe5, 0xbe, 0x84, 0x00, 0x14, 0xfa, 0x90, 0xb2, 0xea, 0xb6, 0x90, 0x00 }, // 径
    { 0xe5, 0xbe, 0x85, 0x00, 0x14, 0xfa, 0x50, 0xd4, 0x5e, 0xf4, 0x50, 0x00 }, // 待
    { 0xe5, 0xbe, 0x88, 0x00, 0x14, 0xfa, 0x00, 0xfe, 0xaa, 0x6a, 0xbe, 0x00 }, // 很
    { 0xe5, 0xbe, 0x8a, 0x00, 0x14, 0xfa, 0xfe, 0xba, 0xaa, 0xba, 0xfe, 0x00 }, // 徊
    { 0xe5, 0xbe, 0x8b, 0x00, 0x14, 0xfa, 0x54, 0x54, 0xfe, 0x5c, 0x48, 0x00 }, // 律
    { 0xe5, 0xbe, 0x90, 0x00, 0x14, 0xfa, 0xa8, 0x2c, 0xfa, 0x2c, 0xa8, 0x00 }, // 徐
    { 0xe5, 0xbe, 0x92, 0x00, 0x14, 0xfa, 0x90, 0x54, 0xfe, 0xb4, 0x90, 0x00 }, // 徒
    { 0xe5, 0xbe, 0x97, 0x00, 0x14, 0xfa, 0x28, 0x6e, 0xaa, 0xfe, 0x28, 0x00 }, // 得
    { 0xe5, 0xbe, 0x98, 0x00, 0x14, 0xfa, 0x54, 0xfe, 0x00, 0xfe, 0x54, 0x00 }, // 徘
    { 0xe5, 0xbe, 0x99, 0x00, 0x14, 0xfa, 0x90, 0x5c, 0x90, 0xfe, 0xb4, 0x00 }, // 徙
    { 0xe5, 0xbe, 0xa1, 0x00, 0x14, 0xfa, 0x66, 0x7c, 0x54, 0xfe, 0x3e, 0x00 }, // 御
    { 0xe5, 0xbe, 0xaa, 0x00, 0x14, 0xfa, 0x40, 0x3c, 0xec, 0xfc, 0xea, 0x00 }, // 循
    { 0xe5, 0xbe, 0xae, 0x00, 0x14, 0xfa, 0x94, 0x76, 0x94, 0x7e, 0xbc, 0x00 }, // 微
    { 0xe5, 0xbe, 0xb7, 0x00, 0x14, 0xfa, 0xd4, 0x5c, 0x9e, 0x9c, 0xd4, 0x00 }, // 德
    { 0xe5, 0xbe, 0xbd, 0x00, 0x14, 0xfa, 0x54, 0xee, 0x54, 0x7e, 0xbc, 0x00 }, // 徽
    { 0xe5, 0xbf, 0x83, 0x00, 0x40, 0x30, 0xfa, 0x84, 0x80, 0xd0, 0x20, 0x00 }, // 心
    { 0xe5, 0xbf, 0x85, 0x00, 0xb0, 0x80, 0x7a, 0xa4, 0x90, 0x8c, 0xb0, 0x00 }, // 必
    { 0xe5, 0xbf, 0x86, 0x00, 0x0c, 0xfe, 0x00, 0x62, 0x92, 0x8a, 0xc6, 0x00 }, // 忆
    { 0xe5, 0xbf, 0x8c, 0x00, 0xc0, 0x7a, 0xaa, 0xaa, 0xea, 0x2e, 0xc0, 0x00 }, // 忌
    { 0xe5, 0xbf, 0x8d, 0x00, 0xc0, 0x52, 0x96, 0xaa, 0xd6, 0x1e, 0xc0, 0x00 }, // 忍
    { 0xe5, 0xbf, 0x97, 0x00, 0xc4, 0x54, 0x94, 0x9e, 0xd4, 0x14, 0xc4, 0x00 }, // 志
    { 0xe5, 0xbf, 0x98, 0x00, 0xc4, 0x7c, 0x94, 0xb6, 0xd4, 0x34, 0xc4, 0x00 }, // 忘
    { 0xe5, 0xbf, 0x99, 0x00, 0x0c, 0xfe, 0x04, 0xfc, 0x86, 0x84, 0x84, 0x00 }, // 忙
    { 0xe5, 0xbf, 0xa0, 0x00, 0xc0, 0x5c, 0x94, 0xbe, 0xd4, 0x1c, 0xc0, 0x00 }, // 忠
    { 0xe5, 0xbf, 0xa7, 0x00, 0x0c, 0xfe, 0x84, 0x44, 0x3e, 0xf4, 0x86, 0x00 }, // 忧
    { 0xe5, 0xbf, 0xab, 0x00, 0x0c, 0xfe, 0x90, 0x94, 0x7e, 0x9c, 0x90, 0x00 }, // 快
    { 0xe5, 0xbf, 0xb1, 0x00, 0x0c, 0xfe, 0x8c, 0x44, 0x3e, 0xf4, 0x8c, 0x00 }, // 忱
    { 0xe5, 0xbf, 0xb5, 0x00, 0xc8, 0x48, 0x94, 0x9a, 0xb4, 0x08, 0xc8, 0x00 }, // 念
    { 0xe5, 0xbf, 0xbd, 0x00, 0xc8, 0x66, 0x9c, 0xa4, 0xdc, 0x24, 0xdc, 0x00 }, // 忽
    { 0xe5, 0xbf, 0xbf, 0x00, 0xc8, 0x64, 0xaa, 0x98, 0xea, 0x3c, 0xc8, 0x00 }, // 忿
    { 0xe6, 0x80, 0x80, 0x00, 0x0c, 0xfe, 0x22, 0x12, 0xfe, 0x12, 0x22, 0x00 }, // 怀
    { 0xe6, 0x80, 0x81, 0x00, 0xd4, 0x54, 0x8c, 0xa6, 0xcc, 0x14, 0xd4, 0x00 }, // 态
    { 0xe6, 0x80, 0x8e, 0x00, 0xc8, 0x68, 0x86, 0xbc, 0xd4, 0x14, 0xd4, 0x00 }, // 怎
    { 0xe6, 0x80, 0x92, 0x00, 0xd4, 0x5c, 0x96, 0x8c, 0xd6, 0x0a, 0xd6, 0x00 }, // 怒
    { 0xe6, 0x80, 0x94, 0x00, 0x0c, 0xfe, 0x80, 0xf2, 0x82, 0xfe, 0x92, 0x00 }, // 怔
    { 0xe6, 0x80, 0x95, 0x00, 0x0c, 0xfe, 0x04, 0xfc, 0x96, 0x94, 0xfc, 0x00 }, // 怕
    { 0xe6, 0x80, 0x96, 0x00, 0x0c, 0xfe, 0x14, 0x6e, 0x24, 0xf4, 0x64, 0x00 }, // 怖
    { 0xe6, 0x80, 0x9c, 0x00, 0x0c, 0xfe, 0x28, 0x64, 0xaa, 0xa4, 0x68, 0x00 }, // 怜
    { 0xe6, 0x80, 0x9d, 0x00, 0xc0, 0x7e, 0xaa, 0xbe, 0xea, 0x3e, 0xc0, 0x00 }, // 思
    { 0xe6, 0x80, 0xa0, 0x00, 0xc8, 0x78, 0xac, 0xaa, 0xe8, 0x34, 0xc8, 0x00 }, // 怠
    { 0xe6, 0x80, 0xa5, 0x00, 0xc4, 0x6c, 0xaa, 0xaa, 0xee, 0x38, 0xc0, 0x00 }, // 急
    { 0xe6, 0x80, 0xa7, 0x00, 0x0c, 0xfe, 0x88, 0xa6, 0xfe, 0xa4, 0x84, 0x00 }, // 性
    { 0xe6, 0x80, 0xa8, 0x00, 0xd4, 0x56, 0x8a, 0xa6, 0xde, 0x12, 0xd6, 0x00 }, // 怨
    { 0xe6, 0x80, 0xaa, 0x00, 0x0c, 0xfe, 0x92, 0xb6, 0xea, 0xb6, 0x90, 0x00 }, // 怪
    { 0xe6, 0x80, 0xaf, 0x00, 0x0c, 0xfe, 0x90, 0xd4, 0xbe, 0x54, 0x90, 0x00 }, // 怯
    { 0xe6, 0x80, 0xbb, 0x00, 0xc0, 0x5c, 0x96, 0xb4, 0xd6, 0x1c, 0xc0, 0x00 }, // 总
    { 0xe6, 0x81, 0x83, 0x00, 0x0c, 0xfe, 0x50, 0xd4, 0x5e, 0xf4, 0x50, 0x00 }, // 恃
    { 0xe6, 0x81, 0x8b, 0x00, 0xd4, 0x44, 0x9c, 0x86, 0xdc, 0x04, 0xd4, 0x00 }, // 恋
    { 0xe6, 0x81, 0x8d, 0x00, 0x0c, 0xfe, 0x94, 0x70, 0x1e, 0xf0, 0x94, 0x00 }, // 恍
    { 0xe6, 0x81, 0x90, 0x00, 0xd2, 0x5e, 0x8a, 0x90, 0xce, 0x1e, 0xd0, 0x00 }, // 恐
    { 0xe6, 0x81, 0x92, 0x00, 0x0c, 0xfe, 0x82, 0xfe, 0xd6, 0xfe, 0x82, 0x00 }, // 恒
    { 0xe6, 0x81, 0x95, 0x00, 0xd4, 0x5c, 0x96, 0x8c, 0xde, 0x12, 0xde, 0x00 }, // 恕
    { 0xe6, 0x81, 0xa2, 0x00, 0x0c, 0xfe, 0x14, 0xae, 0x84, 0x74, 0xa4, 0x00 }, // 恢
    { 0xe6, 0x81, 0xa4, 0x00, 0x0c, 0xfe, 0x80, 0xfc, 0x86, 0xfc, 0xfc, 0x00 }, // 恤
    { 0xe6, 0x81, 0xa8, 0x00, 0x0c, 0xfe, 0x04, 0xfe, 0xaa, 0x6a, 0xbe, 0x00 }, // 恨
    { 0xe6, 0x81, 0xa9, 0x00, 0xc0, 0x7e, 0x9a, 0xb6, 0xda, 0x3e, 0xc0, 0x00 }, // 恩
    { 0xe6, 0x81, 0xac, 0x00, 0x0c, 0xfe, 0x08, 0xec, 0xbc, 0xea, 0x08, 0x00 }, // 恬
    { 0xe6, 0x81, 0xad, 0x00, 0x90, 0x34, 0xde, 0x14, 0x9e, 0x34, 0x90, 0x00 }, // 恭
    { 0xe6, 0x81, 0xaf, 0x00, 0xc0, 0x7c, 0xb4, 0xb6, 0xf4, 0x3c, 0xc0, 0x00 }, // 息
    { 0xe6, 0x81, 0xb0, 0x00, 0x0c, 0xfe, 0x08, 0xe4, 0xaa, 0xec, 0x08, 0x00 }, // 恰
    { 0xe6, 0x81, 0xb3, 0x00, 0xc0, 0x7e, 0xaa, 0x8a, 0xda, 0x2e, 0xa0, 0x00 }, // 恳
    { 0xe6, 0x81, 0xb6, 0x00, 0xd2, 0x76, 0x9e, 0xb2, 0xde, 0x36, 0xd2, 0x00 }, // 恶
    { 0xe6, 0x81, 0xbc, 0x00, 0x0c, 0xfe, 0x00, 0xf4, 0xa6, 0xd4, 0xf4, 0x00 }, // 恼
    { 0xe6, 0x82, 0x84, 0x00, 0x0c, 0xfe, 0x00, 0xfa, 0x28, 0xae, 0xfa, 0x00 }, // 悄
    { 0xe6, 0x82, 0x89, 0x00, 0xaa, 0x6e, 0x9a, 0xbe, 0xda, 0x2e, 0xaa, 0x00 }, // 悉
    { 0xe6, 0x82, 0x8d, 0x00, 0x0c, 0xfe, 0x50, 0x5e, 0xfa, 0x5e, 0x50, 0x00 }, // 悍
    { 0xe6, 0x82, 0x94, 0x00, 0x0c, 0xfe, 0x10, 0x76, 0x5c, 0xfc, 0x54, 0x00 }, // 悔
    { 0xe6, 0x82, 0x9f, 0x00, 0x0c, 0xfe, 0x28, 0xfa, 0xae, 0xfa, 0x20, 0x00 }, // 悟
    { 0xe6, 0x82, 0xa0, 0x00, 0xc8, 0x5c, 0x82, 0x9c, 0xd4, 0x0a, 0xd6, 0x00 }, // 悠
    { 0xe6, 0x82, 0xa3, 0x00, 0xc0, 0x70, 0xbc, 0xbe, 0xfc, 0x30, 0xc0, 0x00 }, // 患
    { 0xe6, 0x82, 0xa6, 0x00, 0x0c, 0xfe, 0x9c, 0x76, 0x14, 0xf6, 0x9c, 0x00 }, // 悦
    { 0xe6, 0x82, 0xa8, 0x00, 0xc8, 0x7e, 0xa8, 0x96, 0xfc, 0x14, 0xac, 0x00 }, // 您
    { 0xe6, 0x82, 0xac, 0x00, 0xe0, 0x7e, 0xaa, 0xaa, 0xea, 0x3e, 0xe0, 0x00 }, // 悬
    { 0xe6, 0x82, 0xaf, 0x00, 0x0c, 0xfe, 0xfa, 0xb0, 0x5a, 0xb2, 0xfe, 0x00 }, // 悯
    { 0xe6, 0x82, 0xb2, 0x00, 0xd4, 0x54, 0xbe, 0x80, 0xbe, 0x14, 0xd4, 0x00 }, // 悲
    { 0xe6, 0x82, 0xb4, 0x00, 0x0c, 0xfe, 0x64, 0x5c, 0xe6, 0x5c, 0x64, 0x00 }, // 悴
    { 0xe6, 0x82, 0xbc, 0x00, 0x0c, 0xfe, 0x40, 0x78, 0xee, 0x7c, 0x44, 0x00 }, // 悼
    { 0xe6, 0x83, 0x85, 0x00, 0x0c, 0xfe, 0x10, 0xf4, 0x5e, 0xf4, 0x10, 0x00 }, // 情
    { 0xe6, 0x83, 0x8a, 0x00, 0x0c, 0xfe, 0x44, 0x9c, 0xf6, 0x1c, 0x44, 0x00 }, // 惊
    { 0xe6, 0x83, 0x8b, 0x00, 0x0c, 0xfe, 0xac, 0x54, 0xf6, 0x94, 0xbc, 0x00 }, // 惋
    { 0xe6, 0x83, 0x91, 0x00, 0xd4, 0x5c, 0x9c, 0x84, 0xd6, 0x0c, 0xd6, 0x00 }, // 惑
    { 0xe6, 0x83, 0x95, 0x00, 0x0c, 0xfe, 0x00, 0x4e, 0xba, 0x6a, 0xee, 0x00 }, // 惕
    { 0xe6, 0x83, 0x9c, 0x00, 0x0c, 0xfe, 0x14, 0xfe, 0xb4, 0xfe, 0x14, 0x00 }, // 惜
    { 0xe6, 0x83, 0xa0, 0x00, 0xc4, 0x7c, 0xb4, 0xbe, 0xd4, 0x3c, 0xc4, 0x00 }, // 惠
    { 0xe6, 0x83, 0xa6, 0x00, 0x0c, 0xfe, 0x80, 0x7c, 0xc4, 0xfe, 0xd4, 0x00 }, // 惦
    { 0xe6, 0x83, 0xa7, 0x00, 0x0c, 0xfe, 0xa0, 0x3e, 0x2a, 0x3e, 0xa0, 0x00 }, // 惧
    { 0xe6, 0x83, 0xa8, 0x00, 0x0c, 0xfe, 0x28, 0x9c, 0xaa, 0x54, 0x28, 0x00 }, // 惨
    { 0xe6, 0x83, 0xa9, 0x00, 0xd4, 0x7a, 0xa0, 0xba, 0xe2, 0x3e, 0xaa, 0x00 }, // 惩
    { 0xe6, 0x83, 0xab, 0x00, 0xd0, 0x74, 0xac, 0xba, 0xee, 0x30, 0xd0, 0x00 }, // 惫
    { 0xe6, 0x83, 0xad, 0x00, 0x0c, 0xfe, 0x5c, 0xf6, 0x7c, 0x14, 0xf2, 0x00 }, // 惭
    { 0xe6, 0x83, 0xaf, 0x00, 0x0c, 0xfe, 0xb4, 0x9e, 0x5a, 0x1e, 0xb4, 0x00 }, // 惯
    { 0xe6, 0x83, 0xb0, 0x00, 0x0c, 0xfe, 0x14, 0xee, 0x74, 0xfc, 0x14, 0x00 }, // 惰
    { 0xe6, 0x83, 0xb3, 0x00, 0xd4, 0x4c, 0xbe, 0x94, 0xbe, 0x2a, 0xbe, 0x00 }, // 想
    { 0xe6, 0x83, 0xb6, 0x00, 0x0c, 0xfe, 0xa0, 0xbc, 0xf6, 0xbc, 0xa0, 0x00 }, // 惶
    { 0xe6, 0x83, 0xb9, 0x00, 0xd4, 0x74, 0x9e, 0xb4, 0xf6, 0x34, 0xd4, 0x00 }, // 惹
    { 0xe6, 0x84, 0x81, 0x00, 0xd4, 0x4e, 0x9e, 0x8e, 0xd4, 0x0e, 0xd4, 0x00 }, // 愁
    { 0xe6, 0x84, 0x88, 0x00, 0xc8, 0x78, 0xb4, 0xba, 0xcc, 0x38, 0xc8, 0x00 }, // 愈
    { 0xe6, 0x84, 0x89, 0x00, 0x0c, 0xfe, 0x08, 0xe4, 0xea, 0x0c, 0xe8, 0x00 }, // 愉
    { 0xe6, 0x84, 0x8f, 0x00, 0xd0, 0x54, 0xbc, 0xb6, 0xfc, 0x14, 0xd0, 0x00 }, // 意
    { 0xe6, 0x84, 0x95, 0x00, 0x0c, 0xfe, 0x16, 0x3e, 0x38, 0xbe, 0xd6, 0x00 }, // 愕
    { 0xe6, 0x84, 0x9a, 0x00, 0xc0, 0x78, 0xae, 0xbe, 0xde, 0x38, 0xc0, 0x00 }, // 愚
    { 0xe6, 0x84, 0x9f, 0x00, 0xd0, 0x4c, 0x9c, 0x9c, 0xc4, 0x0e, 0xd4, 0x00 }, // 感
    { 0xe6, 0x84, 0xa4, 0x00, 0x0c, 0xfe, 0xb4, 0x9c, 0x56, 0x1c, 0xb4, 0x00 }, // 愤
    { 0xe6, 0x84, 0xa7, 0x00, 0x0c, 0xfe, 0xbc, 0x54, 0xfe, 0xd4, 0xbc, 0x00 }, // 愧
    { 0xe6, 0x84, 0xbf, 0x00, 0x80, 0x7e, 0xd2, 0x6e, 0xbe, 0x8e, 0xd2, 0x00 }, // 愿
    { 0xe6, 0x85, 0x88, 0x00, 0xc4, 0x56, 0xac, 0x84, 0xd4, 0x2e, 0xc4, 0x00 }, // 慈
    { 0xe6, 0x85, 0x8c, 0x00, 0x0c, 0xfe, 0x84, 0x5e, 0xd4, 0x16, 0xc4, 0x00 }, // 慌
    { 0xe6, 0x85, 0x8e, 0x00, 0x0c, 0xfe, 0xa4, 0x3c, 0x3e, 0x3c, 0xa4, 0x00 }, // 慎
    { 0xe6, 0x85, 0x95, 0x00, 0x94, 0x34, 0xde, 0x1c, 0x9e, 0x34, 0x94, 0x00 }, // 慕
    { 0xe6, 0x85, 0xa2, 0x00, 0x0c, 0xfe, 0x98, 0xbe, 0x5a, 0xbe, 0x98, 0x00 }, // 慢
    { 0xe6, 0x85, 0xa7, 0x00, 0xd4, 0x5e, 0xb4, 0xb0, 0xf4, 0x3e, 0xd4, 0x00 }, // 慧
    { 0xe6, 0x85, 0xa8, 0x00, 0x0c, 0xfe, 0x7c, 0x5c, 0x92, 0x7e, 0x9e, 0x00 }, // 慨
    { 0xe6, 0x85, 0xb0, 0x00, 0xa0, 0x5e, 0xb6, 0x96, 0xcc, 0x24, 0xbe, 0x00 }, // 慰
    { 0xe6, 0x85, 0xb7, 0x00, 0x0c, 0xfe, 0x7c, 0xa4, 0xfe, 0x5c, 0xac, 0x00 }, // 慷
    { 0xe6, 0x86, 0x8b, 0x00, 0xfa, 0x6c, 0x94, 0xba, 0xe8, 0x16, 0xac, 0x00 }, // 憋
    { 0xe6, 0x86, 0x8e, 0x00, 0x0c, 0xfe, 0x1c, 0xf6, 0xbc, 0xf6, 0x1c, 0x00 }, // 憎
    { 0xe6, 0x86, 0x94, 0x00, 0x0c, 0xfe, 0x88, 0x3e, 0xa4, 0x3e, 0xa4, 0x00 }, // 憔
    { 0xe6, 0x86, 0xa8, 0x00, 0xd4, 0x5e, 0x96, 0xbc, 0xe8, 0x16, 0xac, 0x00 }, // 憨
    { 0xe6, 0x86, 0xbe, 0x00, 0x0c, 0xfe, 0xdc, 0x5c, 0x84, 0x8e, 0xd4, 0x00 }, // 憾
    { 0xe6, 0x87, 0x82, 0x00, 0x0c, 0xfe, 0xb4, 0xde, 0xfc, 0xde, 0xb4, 0x00 }, // 懂
    { 0xe6, 0x87, 0x88, 0x00, 0x0c, 0xfe, 0x84, 0x7a, 0xfe, 0x62, 0xf6, 0x00 }, // 懈
    { 0xe6, 0x87, 0x8a, 0x00, 0x0c, 0xfe, 0xa0, 0xbc, 0x76, 0xac, 0xbc, 0x00 }, // 懊
    { 0xe6, 0x87, 0x92, 0x00, 0x0c, 0xfe, 0x5c, 0xfe, 0xba, 0x6e, 0xb8, 0x00 }, // 懒
    { 0xe6, 0x87, 0xa6, 0x00, 0x0c, 0xfe, 0xcc, 0x56, 0xfe, 0x56, 0xcc, 0x00 }, // 懦
    { 0xe6, 0x88, 0x88, 0x00, 0x84, 0x84, 0x84, 0x5e, 0x64, 0x96, 0xc4, 0x00 }, // 戈
    { 0xe6, 0x88, 0x8f, 0x00, 0x5a, 0x22, 0x5e, 0x88, 0xbe, 0x48, 0xaa, 0x00 }, // 戏
    { 0xe6, 0x88, 0x90, 0x00, 0x80, 0x7c, 0x94, 0x74, 0x84, 0x7e, 0xa4, 0x00 }, // 成
    { 0xe6, 0x88, 0x91, 0x00, 0x28, 0xac, 0xfc, 0x2a, 0xbe, 0x48, 0xaa, 0x00 }, // 我
    { 0xe6, 0x88, 0x92, 0x00, 0xa4, 0x74, 0x24, 0xf4, 0xa4, 0x7e, 0xa4, 0x00 }, // 戒
    { 0xe6, 0x88, 0x96, 0x00, 0x84, 0xb4, 0x34, 0x84, 0xbe, 0x44, 0xa6, 0x00 }, // 或
    { 0xe6, 0x88, 0x98, 0x00, 0xe0, 0xbe, 0xe8, 0x00, 0x88, 0x7e, 0xaa, 0x00 }, // 战
    { 0xe6, 0x88, 0x9a, 0x00, 0x80, 0x7c, 0x44, 0xfc, 0x54, 0x7e, 0xa4, 0x00 }, // 戚
    { 0xe6, 0x88, 0xaa, 0x00, 0x48, 0xec, 0xbe, 0xec, 0xbe, 0x48, 0xaa, 0x00 }, // 截
    { 0xe6, 0x88, 0xb3, 0x00, 0x42, 0xf6, 0xe2, 0xb6, 0x88, 0x7e, 0xaa, 0x00 }, // 戳
    { 0xe6, 0x88, 0xb4, 0x00, 0xa8, 0x3c, 0xbe, 0x2c, 0xbe, 0x48, 0xaa, 0x00 }, // 戴
    { 0xe6, 0x88, 0xb7, 0x00, 0x80, 0x7c, 0x14, 0x16, 0x14, 0x1c, 0x00, 0x00 }, // 户
    { 0xe6, 0x88, 0xbf, 0x00, 0x80, 0x7c, 0xac, 0x6e, 0xbc, 0xec, 0x20, 0x00 }, // 房
    { 0xe6, 0x89, 0x80, 0x00, 0x80, 0x7c, 0x2c, 0xba, 0x7c, 0x14, 0xf2, 0x00 }, // 所
    { 0xe6, 0x89, 0x81, 0x00, 0x80, 0x7c, 0xec, 0x6e, 0xec, 0x6c, 0xe0, 0x00 }, // 扁
    { 0xe6, 0x89, 0x87, 0x00, 0x80, 0x7c, 0xb4, 0x56, 0xf4, 0x5c, 0xf0, 0x00 }, // 扇
    { 0xe6, 0x89, 0x8b, 0x00, 0x28, 0x2c, 0xac, 0xfc, 0x2a, 0x2a, 0x28, 0x00 }, // 手
    { 0xe6, 0x89, 0x8d, 0x00, 0x44, 0x44, 0x24, 0x94, 0xfe, 0x04, 0x04, 0x00 }, // 才
    { 0xe6, 0x89, 0x8e, 0x00, 0xa4, 0xfe, 0x14, 0x00, 0xfe, 0x80, 0xc0, 0x00 }, // 扎
    { 0xe6, 0x89, 0x91, 0x00, 0xa4, 0xfe, 0x14, 0x00, 0xfe, 0x10, 0x20, 0x00 }, // 扑
    { 0xe6, 0x89, 0x92, 0x00, 0xa4, 0xfe, 0x94, 0x7e, 0x00, 0x7e, 0x80, 0x00 }, // 扒
    { 0xe6, 0x89, 0x93, 0x00, 0xa4, 0xfe, 0x14, 0x02, 0x82, 0xfe, 0x02, 0x00 }, // 打
    { 0xe6, 0x89, 0x94, 0x00, 0xa4, 0xfe, 0x82, 0x7e, 0x02, 0x8e, 0xf8, 0x00 }, // 扔
    { 0xe6, 0x89, 0x98, 0x00, 0xa4, 0xfe, 0x10, 0x14, 0xfc, 0x92, 0xd0, 0x00 }, // 托
    { 0xe6, 0x89, 0x9b, 0x00, 0xa4, 0xfe, 0x14, 0x80, 0x84, 0xfc, 0x84, 0x00 }, // 扛
    { 0xe6, 0x89, 0xa3, 0x00, 0xa4, 0xfe, 0x14, 0xfc, 0x84, 0x84, 0xfc, 0x00 }, // 扣
    { 0xe6, 0x89, 0xa7, 0x00, 0xa4, 0xfe, 0x94, 0x7e, 0x24, 0xfc, 0x80, 0x00 }, // 执
    { 0xe6, 0x89, 0xa9, 0x00, 0xa4, 0xfe, 0x80, 0x7c, 0x04, 0x06, 0x04, 0x00 }, // 扩
    { 0xe6, 0x89, 0xab, 0x00, 0xa4, 0xfe, 0x14, 0x82, 0x92, 0x92, 0xfe, 0x00 }, // 扫
    { 0xe6, 0x89, 0xac, 0x00, 0xa4, 0xfe, 0x50, 0xb2, 0x5a, 0xb6, 0xf0, 0x00 }, // 扬
    { 0xe6, 0x89, 0xad, 0x00, 0xa4, 0xfe, 0x92, 0xfe, 0x92, 0xfe, 0x80, 0x00 }, // 扭
    { 0xe6, 0x89, 0xae, 0x00, 0xa4, 0xfe, 0x88, 0x76, 0x90, 0xf6, 0x08, 0x00 }, // 扮
    { 0xe6, 0x89, 0xaf, 0x00, 0xa4, 0xfe, 0x94, 0xf8, 0x80, 0xfe, 0x88, 0x00 }, // 扯
    { 0xe6, 0x89, 0xb0, 0x00, 0xa4, 0xfe, 0x84, 0x44, 0x3e, 0xf4, 0x86, 0x00 }, // 扰
    { 0xe6, 0x89, 0xb3, 0x00, 0xa4, 0xfe, 0x40, 0xbc, 0xb4, 0x52, 0xb2, 0x00 }, // 扳
    { 0xe6, 0x89, 0xb6, 0x00, 0xa4, 0xfe, 0x90, 0x54, 0x3e, 0x54, 0x90, 0x00 }, // 扶
    { 0xe6, 0x89, 0xb9, 0x00, 0xa4, 0xfe, 0x14, 0xfe, 0x48, 0xfe, 0x88, 0x00 }, // 批
    { 0xe6, 0x89, 0xbc, 0x00, 0xa4, 0xfe, 0x40, 0x3e, 0xfa, 0x8a, 0xba, 0x00 }, // 扼
    { 0xe6, 0x89, 0xbe, 0x00, 0xa4, 0xfe, 0x14, 0x88, 0xbe, 0x48, 0xaa, 0x00 }, // 找
    { 0xe6, 0x89, 0xbf, 0x00, 0x48, 0x38, 0x52, 0xfa, 0x56, 0x30, 0x48, 0x00 }, // 承
    { 0xe6, 0x8a, 0x80, 0x00, 0xa4, 0xfe, 0x94, 0xb4, 0x5e, 0xb4, 0x84, 0x00 }, // 技
    { 0xe6, 0x8a, 0x84, 0x00, 0xa4, 0xfe, 0x10, 0x8c, 0xbe, 0x44, 0x28, 0x00 }, // 抄
    { 0xe6, 0x8a, 0x8a, 0x00, 0xa4, 0xfe, 0x7e, 0x92, 0x9e, 0x92, 0xde, 0x00 }, // 把
    { 0xe6, 0x8a, 0x91, 0x00, 0xa4, 0xfe, 0x7c, 0x22, 0xfc, 0x04, 0x3c, 0x00 }, // 抑
    { 0xe6, 0x8a, 0x92, 0x00, 0xa4, 0xfe, 0x12, 0x96, 0xfa, 0x16, 0x30, 0x00 }, // 抒
    { 0xe6, 0x8a, 0x93, 0x00, 0xa4, 0xfe, 0x7c, 0x04, 0xfc, 0x7a, 0x80, 0x00 }, // 抓
    { 0xe6, 0x8a, 0x95, 0x00, 0xa4, 0xfe, 0x88, 0xb6, 0x52, 0xbe, 0x88, 0x00 }, // 投
    { 0xe6, 0x8a, 0x96, 0x00, 0xa4, 0xfe, 0x40, 0x54, 0x40, 0xfe, 0x20, 0x00 }, // 抖
    { 0xe6, 0x8a, 0x97, 0x00, 0xa4, 0xfe, 0x84, 0x74, 0x16, 0xf4, 0x84, 0x00 }, // 抗
    { 0xe6, 0x8a, 0x98, 0x00, 0xa4, 0xfe, 0x40, 0x3c, 0x14, 0xf2, 0x10, 0x00 }, // 折
    { 0xe6, 0x8a, 0x9a, 0x00, 0xa4, 0xfe, 0x90, 0x52, 0x3e, 0xf2, 0x90, 0x00 }, // 抚
    { 0xe6, 0x8a, 0x9b, 0x00, 0xa4, 0xfe, 0x84, 0x7e, 0xa4, 0x9e, 0xbc, 0x00 }, // 抛
    { 0xe6, 0x8a, 0xa0, 0x00, 0xa4, 0xfe, 0x14, 0xfe, 0xaa, 0x92, 0xaa, 0x00 }, // 抠
    { 0xe6, 0x8a, 0xa1, 0x00, 0xa4, 0xfe, 0x08, 0xf4, 0xa2, 0x94, 0xc8, 0x00 }, // 抡
    { 0xe6, 0x8a, 0xa2, 0x00, 0xa4, 0xfe, 0x08, 0xf4, 0x92, 0xb4, 0xc8, 0x00 }, // 抢
    { 0xe6, 0x8a, 0xa4, 0x00, 0xa4, 0xfe, 0x80, 0x7c, 0x16, 0x14, 0x1c, 0x00 }, // 护
    { 0xe6, 0x8a, 0xa5, 0x00, 0xa4, 0xfe, 0x14, 0xfe, 0xb2, 0x52, 0xb6, 0x00 }, // 报
    { 0xe6, 0x8a, 0xab, 0x00, 0xa4, 0xfe, 0x7c, 0xb4, 0x5e, 0xb4, 0x8c, 0x00 }, // 披
    { 0xe6, 0x8a, 0xac, 0x00, 0xa4, 0xfe, 0x10, 0xd8, 0xd6, 0xc8, 0x10, 0x00 }, // 抬
    { 0xe6, 0x8a, 0xb1, 0x00, 0xa4, 0xfe, 0x08, 0xf6, 0xb4, 0x84, 0xbc, 0x00 }, // 抱
    { 0xe6, 0x8a, 0xb5, 0x00, 0xa4, 0xfe, 0x00, 0xfc, 0xd4, 0x7c, 0x92, 0x00 }, // 抵
    { 0xe6, 0x8a, 0xb9, 0x00, 0xa4, 0xfe, 0x84, 0x54, 0xfe, 0x54, 0x84, 0x00 }, // 抹
    { 0xe6, 0x8a, 0xbc, 0x00, 0xa4, 0xfe, 0x3e, 0x2a, 0xfe, 0x2a, 0x3e, 0x00 }, // 押
    { 0xe6, 0x8a, 0xbd, 0x00, 0xa4, 0xfe, 0xfc, 0x94, 0xfe, 0x94, 0xfc, 0x00 }, // 抽
    { 0xe6, 0x8b, 0x82, 0x00, 0xa4, 0xfe, 0xb4, 0x7e, 0x2c, 0xfe, 0x6c, 0x00 }, // 拂
    { 0xe6, 0x8b, 0x84, 0x00, 0xa4, 0xfe, 0x88, 0xaa, 0xfc, 0xa8, 0x88, 0x00 }, // 拄
    { 0xe6, 0x8b, 0x85, 0x00, 0xa4, 0xfe, 0x14, 0xbe, 0xaa, 0xaa, 0xbe, 0x00 }, // 担
    { 0xe6, 0x8b, 0x86, 0x00, 0xa4, 0xfe, 0x80, 0x7c, 0x34, 0xf2, 0x50, 0x00 }, // 拆
    { 0xe6, 0x8b, 0x87, 0x00, 0xa4, 0xfe, 0x70, 0x5e, 0xd2, 0xfe, 0x50, 0x00 }, // 拇
    { 0xe6, 0x8b, 0x89, 0x00, 0xa4, 0xfe, 0x84, 0xb4, 0xc6, 0xbc, 0x84, 0x00 }, // 拉
    { 0xe6, 0x8b, 0x8c, 0x00, 0xa4, 0xfe, 0x54, 0x50, 0xfe, 0x50, 0x54, 0x00 }, // 拌
    { 0xe6, 0x8b, 0x8d, 0x00, 0xa4, 0xfe, 0x14, 0xfc, 0x96, 0x94, 0xfc, 0x00 }, // 拍
    { 0xe6, 0x8b, 0x90, 0x00, 0xa4, 0xfe, 0x14, 0xae, 0x7a, 0xaa, 0xee, 0x00 }, // 拐
    { 0xe6, 0x8b, 0x92, 0x00, 0xa4, 0xfe, 0x14, 0xfe, 0xaa, 0xaa, 0xba, 0x00 }, // 拒
    { 0xe6, 0x8b, 0x93, 0x00, 0xa4, 0xfe, 0x14, 0x22, 0xfe, 0x92, 0xf2, 0x00 }, // 拓
    { 0xe6, 0x8b, 0x94, 0x00, 0xa4, 0xfe, 0x14, 0x44, 0xbe, 0x54, 0xb6, 0x00 }, // 拔
    { 0xe6, 0x8b, 0x96, 0x00, 0xa4, 0xfe, 0x28, 0xfe, 0x94, 0xbc, 0xb4, 0x00 }, // 拖
    { 0xe6, 0x8b, 0x97, 0x00, 0xa4, 0xfe, 0xc8, 0xb6, 0xc8, 0x3e, 0xfc, 0x00 }, // 拗
    { 0xe6, 0x8b, 0x98, 0x00, 0xa4, 0xfe, 0x08, 0x36, 0x34, 0x84, 0xfc, 0x00 }, // 拘
    { 0xe6, 0x8b, 0x99, 0x00, 0xa4, 0xfe, 0xec, 0x88, 0xfe, 0x88, 0xec, 0x00 }, // 拙
    { 0xe6, 0x8b, 0x9b, 0x00, 0xa4, 0xfe, 0x14, 0xea, 0xa6, 0xb2, 0xfe, 0x00 }, // 招
    { 0xe6, 0x8b, 0x9c, 0x00, 0xac, 0x7c, 0x2a, 0x42, 0x56, 0xfe, 0x56, 0x00 }, // 拜
    { 0xe6, 0x8b, 0x9f, 0x00, 0xa4, 0xfe, 0x14, 0xbe, 0x90, 0x44, 0xbe, 0x00 }, // 拟
    { 0xe6, 0x8b, 0xa2, 0x00, 0xa4, 0xfe, 0x88, 0x7e, 0x48, 0xfa, 0xa8, 0x00 }, // 拢
    { 0xe6, 0x8b, 0xa3, 0x00, 0xa4, 0xfe, 0x54, 0x9c, 0xfe, 0x14, 0x54, 0x00 }, // 拣
    { 0xe6, 0x8b, 0xa5, 0x00, 0xa4, 0xfe, 0x94, 0x7e, 0xfe, 0x2a, 0xfe, 0x00 }, // 拥
    { 0xe6, 0x8b, 0xa6, 0x00, 0xa4, 0xfe, 0x88, 0xaa, 0xa8, 0xac, 0x8a, 0x00 }, // 拦
    { 0xe6, 0x8b, 0xa7, 0x00, 0xa4, 0xfe, 0x0c, 0x94, 0xf6, 0x14, 0x0c, 0x00 }, // 拧
    { 0xe6, 0x8b, 0xa8, 0x00, 0xa4, 0xfe, 0x46, 0xbc, 0x56, 0xb4, 0x86, 0x00 }, // 拨
    { 0xe6, 0x8b, 0xa9, 0x00, 0xa4, 0xfe, 0x50, 0x56, 0xea, 0x56, 0x50, 0x00 }, // 择
    { 0xe6, 0x8b, 0xac, 0x00, 0xa4, 0xfe, 0x08, 0xec, 0xbc, 0xea, 0x08, 0x00 }, // 括
    { 0xe6, 0x8b, 0xad, 0x00, 0xa4, 0xfe, 0xa8, 0xe8, 0xae, 0x78, 0x8a, 0x00 }, // 拭
    { 0xe6, 0x8b, 0xaf, 0x00, 0xa4, 0xfe, 0xa8, 0x9a, 0xfa, 0x96, 0xa8, 0x00 }, // 拯
    { 0xe6, 0x8b, 0xb1, 0x00, 0xa4, 0xfe, 0xa4, 0x3e, 0x24, 0x3e, 0xa4, 0x00 }, // 拱
    { 0xe6, 0x8b, 0xb3, 0x00, 0x28, 0x5a, 0xec, 0xee, 0x6c, 0x5a, 0x28, 0x00 }, // 拳
    { 0xe6, 0x8b, 0xb4, 0x00, 0xa4, 0xfe, 0x88, 0xac, 0xfa, 0xac, 0x88, 0x00 }, // 拴
    { 0xe6, 0x8b, 0xb7, 0x00, 0xa4, 0xfe, 0x50, 0x34, 0x7e, 0x54, 0xd2, 0x00 }, // 拷
    { 0xe6, 0x8b, 0xbc, 0x00, 0xa4, 0xfe, 0xa8, 0x7a, 0x28, 0xfa, 0x28, 0x00 }, // 拼
    { 0xe6, 0x8b, 0xbe, 0x00, 0xa4, 0xfe, 0x08, 0xe4, 0xaa, 0xec, 0x08, 0x00 }, // 拾
    { 0xe6, 0x8b, 0xbf, 0x00, 0x48, 0x68, 0xfc, 0xfa, 0x7c, 0x68, 0x48, 0x00 }, // 拿
    { 0xe6, 0x8c, 0x81, 0x00, 0xa4, 0xfe, 0x50, 0xd4, 0x5e, 0xf4, 0x50, 0x00 }, // 持
    { 0xe6, 0x8c, 0x82, 0x00, 0xa4, 0xfe, 0x90, 0xb4, 0xfe, 0xb4, 0x90, 0x00 }, // 挂
    { 0xe6, 0x8c, 0x87, 0x00, 0xa4, 0xfe, 0x00, 0xde, 0xd4, 0xd4, 0xda, 0x00 }, // 指
    { 0xe6, 0x8c, 0x89, 0x00, 0xa4, 0xfe, 0x9c, 0xb4, 0x5e, 0x74, 0x9c, 0x00 }, // 按
    { 0xe6, 0x8c, 0x8e, 0x00, 0xa4, 0xfe, 0x14, 0x2c, 0x36, 0xac, 0xd4, 0x00 }, // 挎
    { 0xe6, 0x8c, 0x91, 0x00, 0xa4, 0xfe, 0x94, 0x7e, 0x00, 0xfe, 0x94, 0x00 }, // 挑
    { 0xe6, 0x8c, 0x96, 0x00, 0xa4, 0xfe, 0x0c, 0x5c, 0xb6, 0x9c, 0xcc, 0x00 }, // 挖
    { 0xe6, 0x8c, 0x9a, 0x00, 0x54, 0x7e, 0xe0, 0xf4, 0x6e, 0x7c, 0x50, 0x00 }, // 挚
    { 0xe6, 0x8c, 0x9f, 0x00, 0xa4, 0xfe, 0xac, 0xa4, 0x7e, 0xa4, 0xac, 0x00 }, // 挟
    { 0xe6, 0x8c, 0xa0, 0x00, 0xa4, 0xfe, 0xa4, 0x74, 0x36, 0xec, 0xb4, 0x00 }, // 挠
    { 0xe6, 0x8c, 0xa1, 0x00, 0xa4, 0xfe, 0x8a, 0xa8, 0xae, 0xa8, 0xfa, 0x00 }, // 挡
    { 0xe6, 0x8c, 0xa3, 0x00, 0xa4, 0xfe, 0x24, 0xac, 0xfa, 0x7e, 0x20, 0x00 }, // 挣
    { 0xe6, 0x8c, 0xa4, 0x00, 0xa4, 0xfe, 0xa4, 0x6c, 0x16, 0xec, 0x24, 0x00 }, // 挤
    { 0xe6, 0x8c, 0xa5, 0x00, 0xa4, 0xfe, 0x4e, 0x7a, 0xee, 0x6a, 0x4e, 0x00 }, // 挥
    { 0xe6, 0x8c, 0xa8, 0x00, 0xa4, 0xfe, 0x14, 0xac, 0xba, 0x68, 0xac, 0x00 }, // 挨
    { 0xe6, 0x8c, 0xaa, 0x00, 0xa4, 0xfe, 0xaa, 0x7e, 0xaa, 0xfe, 0x36, 0x00 }, // 挪
    { 0xe6, 0x8c, 0xab, 0x00, 0xa4, 0xfe, 0x88, 0xa6, 0xf8, 0xa6, 0x88, 0x00 }, // 挫
    { 0xe6, 0x8c, 0xaf, 0x00, 0xa4, 0xfe, 0x40, 0xfe, 0xa2, 0x6a, 0xaa, 0x00 }, // 振
    { 0xe6, 0x8c, 0xba, 0x00, 0xa4, 0xfe, 0xaa, 0x76, 0xd4, 0xfc, 0xd2, 0x00 }, // 挺
    { 0xe6, 0x8c, 0xbd, 0x00, 0xa4, 0xfe, 0xb8, 0xac, 0x7a, 0xee, 0xb8, 0x00 }, // 挽
    { 0xe6, 0x8d, 0x82, 0x00, 0xa4, 0xfe, 0x28, 0xfa, 0xae, 0xfa, 0x20, 0x00 }, // 捂
    { 0xe6, 0x8d, 0x85, 0x00, 0xa4, 0xfe, 0xf8, 0x2a, 0xfa, 0x2e, 0xfa, 0x00 }, // 捅
    { 0xe6, 0x8d, 0x86, 0x00, 0xa4, 0xfe, 0xfe, 0xaa, 0xfe, 0xaa, 0xfe, 0x00 }, // 捆
    { 0xe6, 0x8d, 0x89, 0x00, 0xa4, 0xfe, 0x80, 0x6e, 0x8a, 0xfa, 0xae, 0x00 }, // 捉
    { 0xe6, 0x8d, 0x8c, 0x00, 0xa4, 0xfe, 0xce, 0x3a, 0xee, 0x1c, 0xfe, 0x00 }, // 捌
    { 0xe6, 0x8d, 0x8d, 0x00, 0xa4, 0xfe, 0x50, 0x5e, 0xfa, 0x5e, 0x50, 0x00 }, // 捍
    { 0xe6, 0x8d, 0x8e, 0x00, 0xa4, 0xfe, 0x14, 0xfa, 0x28, 0xae, 0xfa, 0x00 }, // 捎
    { 0xe6, 0x8d, 0x8f, 0x00, 0xa4, 0xfe, 0x14, 0x8e, 0xaa, 0xfa, 0xae, 0x00 }, // 捏
    { 0xe6, 0x8d, 0x90, 0x00, 0xa4, 0xfe, 0x14, 0xf0, 0x56, 0x56, 0xf0, 0x00 }, // 捐
    { 0xe6, 0x8d, 0x95, 0x00, 0xa4, 0xfe, 0xf4, 0x54, 0xfe, 0x54, 0xf6, 0x00 }, // 捕
    { 0xe6, 0x8d, 0x9e, 0x00, 0xa4, 0xfe, 0x8c, 0xa6, 0x74, 0xa6, 0xec, 0x00 }, // 捞
    { 0xe6, 0x8d, 0x9f, 0x00, 0xa4, 0xfe, 0xb8, 0x8e, 0x6a, 0x0e, 0xb8, 0x00 }, // 损
    { 0xe6, 0x8d, 0xa1, 0x00, 0xa4, 0xfe, 0xa8, 0xc4, 0xaa, 0xcc, 0xa8, 0x00 }, // 捡
    { 0xe6, 0x8d, 0xa2, 0x00, 0xa4, 0xfe, 0xb8, 0xac, 0x7a, 0xae, 0xb8, 0x00 }, // 换
    { 0xe6, 0x8d, 0xa3, 0x00, 0xa4, 0xfe, 0x14, 0xbc, 0xe6, 0xbc, 0xe0, 0x00 }, // 捣
    { 0xe6, 0x8d, 0xa7, 0x00, 0xa4, 0xfe, 0x28, 0x5c, 0xee, 0x5c, 0x28, 0x00 }, // 捧
    { 0xe6, 0x8d, 0xae, 0x00, 0xa4, 0xfe, 0x40, 0x3e, 0xd6, 0xbe, 0xd6, 0x00 }, // 据
    { 0xe6, 0x8d, 0xb6, 0x00, 0xa4, 0xfe, 0xa8, 0xba, 0xee, 0xba, 0xa8, 0x00 }, // 捶
    { 0xe6, 0x8d, 0xb7, 0x00, 0xa4, 0xfe, 0x80, 0x54, 0x94, 0xfe, 0xac, 0x00 }, // 捷
    { 0xe6, 0x8d, 0xba, 0x00, 0xa4, 0xfe, 0x94, 0x2c, 0xe6, 0x2c, 0x94, 0x00 }, // 捺
    { 0xe6, 0x8d, 0xbb, 0x00, 0xa4, 0xfe, 0xc8, 0x54, 0x9a, 0xbc, 0xc8, 0x00 }, // 捻
    { 0xe6, 0x8e, 0x80, 0x00, 0xa4, 0xfe, 0x3c, 0xfa, 0x88, 0x76, 0x8c, 0x00 }, // 掀
    { 0xe6, 0x8e, 0x82, 0x00, 0xa4, 0xfe, 0x80, 0x7c, 0xc4, 0xfe, 0xd4, 0x00 }, // 掂
    { 0xe6, 0x8e, 0x88, 0x00, 0xa4, 0xfe, 0x9a, 0xae, 0x6a, 0xae, 0x9a, 0x00 }, // 授
    { 0xe6, 0x8e, 0x89, 0x00, 0xa4, 0xfe, 0x54, 0x78, 0xee, 0x7c, 0x44, 0x00 }, // 掉
    { 0xe6, 0x8e, 0x8c, 0x00, 0x4c, 0x66, 0xfc, 0xf6, 0x7c, 0x66, 0x4c, 0x00 }, // 掌
    { 0xe6, 0x8e, 0x8f, 0x00, 0xa4, 0xfe, 0xc8, 0x96, 0xfc, 0xd4, 0xfc, 0x00 }, // 掏
    { 0xe6, 0x8e, 0x90, 0x00, 0xa4, 0xfe, 0xe0, 0xd4, 0x82, 0xda, 0xf6, 0x00 }, // 掐
    { 0xe6, 0x8e, 0x92, 0x00, 0xa4, 0xfe, 0x54, 0xfe, 0x00, 0xfe, 0x54, 0x00 }, // 排
    { 0xe6, 0x8e, 0x96, 0x00, 0xa4, 0xfe, 0x14, 0xfc, 0xa6, 0x54, 0xb4, 0x00 }, // 掖
    { 0xe6, 0x8e, 0x98, 0x00, 0xa4, 0xfe, 0x3e, 0xca, 0x9a, 0xfa, 0xde, 0x00 }, // 掘
    { 0xe6, 0x8e, 0xa0, 0x00, 0xa4, 0xfe, 0x44, 0x9c, 0xf6, 0x1c, 0x44, 0x00 }, // 掠
    { 0xe6, 0x8e, 0xa2, 0x00, 0xa4, 0xfe, 0xb6, 0x6a, 0xf2, 0x6a, 0xb6, 0x00 }, // 探
    { 0xe6, 0x8e, 0xa5, 0x00, 0xa4, 0xfe, 0x94, 0xbc, 0x56, 0x7c, 0x94, 0x00 }, // 接
    { 0xe6, 0x8e, 0xa7, 0x00, 0xa4, 0xfe, 0x8c, 0xac, 0xe6, 0xac, 0x8c, 0x00 }, // 控
    { 0xe6, 0x8e, 0xa8, 0x00, 0xa4, 0xfe, 0x08, 0xfe, 0x94, 0xfe, 0x94, 0x00 }, // 推
    { 0xe6, 0x8e, 0xa9, 0x00, 0xa4, 0xfe, 0x14, 0x6c, 0x76, 0xec, 0x94, 0x00 }, // 掩
    { 0xe6, 0x8e, 0xaa, 0x00, 0xa4, 0xfe, 0x14, 0xfe, 0xb4, 0xfe, 0x14, 0x00 }, // 措
    { 0xe6, 0x8e, 0xb0, 0x00, 0xaa, 0x7e, 0x96, 0x70, 0x96, 0xfc, 0x2a, 0x00 }, // 掰
    { 0xe6, 0x8e, 0xb7, 0x00, 0xa4, 0xfe, 0xaa, 0x78, 0xaa, 0xfe, 0x36, 0x00 }, // 掷
    { 0xe6, 0x8e, 0xb8, 0x00, 0xa4, 0xfe, 0x40, 0x5a, 0xf8, 0x5c, 0x5a, 0x00 }, // 掸
    { 0xe6, 0x8e, 0xba, 0x00, 0xa4, 0xfe, 0x28, 0x9c, 0xaa, 0x54, 0x28, 0x00 }, // 掺
    { 0xe6, 0x8f, 0x89, 0x00, 0xa4, 0xfe, 0xb4, 0x6e, 0xfe, 0x66, 0xac, 0x00 }, // 揉
    { 0xe6, 0x8f, 0x8d, 0x00, 0xa4, 0xfe, 0x34, 0x9c, 0x7e, 0x9c, 0x34, 0x00 }, // 揍
    { 0xe6, 0x8f, 0x8f, 0x00, 0xa4, 0xfe, 0xf4, 0xbe, 0xf4, 0xbe, 0xf4, 0x00 }, // 描
    { 0xe6, 0x8f, 0x90, 0x00, 0xa4, 0xfe, 0x84, 0x68, 0x8e, 0xfe, 0xa8, 0x00 }, // 提
    { 0xe6, 0x8f, 0x92, 0x00, 0xa4, 0xfe, 0xe8, 0xac, 0xfc, 0xaa, 0xe8, 0x00 }, // 插
    { 0xe6, 0x8f, 0x96, 0x00, 0xa4, 0xfe, 0x48, 0x7e, 0x5a, 0xfe, 0x48, 0x00 }, // 揖
    { 0xe6, 0x8f, 0xa1, 0x00, 0xa4, 0xfe, 0x40, 0xbe, 0xba, 0xea, 0xa6, 0x00 }, // 握
    { 0xe6, 0x8f, 0xa3, 0x00, 0xa4, 0xfe, 0xd6, 0x74, 0xd6, 0x54, 0xd6, 0x00 }, // 揣
    { 0xe6, 0x8f, 0xa9, 0x00, 0xa4, 0xfe, 0x1e, 0xd4, 0xe0, 0xde, 0x14, 0x00 }, // 揩
    { 0xe6, 0x8f, 0xaa, 0x00, 0xa4, 0xfe, 0x6a, 0xfe, 0x98, 0x7e, 0x88, 0x00 }, // 揪
    { 0xe6, 0x8f, 0xad, 0x00, 0xa4, 0xfe, 0x20, 0x7e, 0x5a, 0x9e, 0xf0, 0x00 }, // 揭
    { 0xe6, 0x8f, 0xb4, 0x00, 0xa4, 0xfe, 0x8c, 0x54, 0xbc, 0x52, 0xba, 0x00 }, // 援
    { 0xe6, 0x8f, 0xbd, 0x00, 0xa4, 0xfe, 0x8c, 0x7e, 0x50, 0xf6, 0x8c, 0x00 }, // 揽
    { 0xe6, 0x90, 0x80, 0x00, 0xa4, 0xfe, 0x24, 0x6c, 0x5a, 0xbe, 0x2c, 0x00 }, // 搀
    { 0xe6, 0x90, 0x81, 0x00, 0xa4, 0xfe, 0xfa, 0x50, 0xea, 0xda, 0xfe, 0x00 }, // 搁
    { 0xe6, 0x90, 0x82, 0x00, 0xa4, 0xfe, 0xaa, 0xf4, 0xae, 0x64, 0xaa, 0x00 }, // 搂
    { 0xe6, 0x90, 0x85, 0x00, 0xa4, 0xfe, 0x8e, 0x74, 0x56, 0xf4, 0x8e, 0x00 }, // 搅
    { 0xe6, 0x90, 0x8f, 0x00, 0xa4, 0xfe, 0x24, 0x7c, 0xae, 0xfc, 0x26, 0x00 }, // 搏
    { 0xe6, 0x90, 0x93, 0x00, 0xa4, 0xfe, 0x94, 0x56, 0xbc, 0xf6, 0xb4, 0x00 }, // 搓
    { 0xe6, 0x90, 0x94, 0x00, 0xa4, 0xfe, 0x90, 0xf6, 0xaa, 0x76, 0x90, 0x00 }, // 搔
    { 0xe6, 0x90, 0x9c, 0x00, 0xa4, 0xfe, 0x9c, 0xb2, 0x5c, 0xb2, 0x9e, 0x00 }, // 搜
    { 0xe6, 0x90, 0x9e, 0x00, 0xa4, 0xfe, 0xe4, 0x3c, 0xb6, 0x3c, 0xe4, 0x00 }, // 搞
    { 0xe6, 0x90, 0xaa, 0x00, 0xa4, 0xfe, 0x7c, 0x24, 0xee, 0xbc, 0xd4, 0x00 }, // 搪
    { 0xe6, 0x90, 0xac, 0x00, 0xa4, 0xfe, 0xfc, 0x26, 0xfc, 0x52, 0xb6, 0x00 }, // 搬
    { 0xe6, 0x90, 0xad, 0x00, 0xa4, 0xfe, 0x24, 0xf6, 0xac, 0xf6, 0x24, 0x00 }, // 搭
    { 0xe6, 0x90, 0xba, 0x00, 0xa4, 0xfe, 0xa8, 0x7e, 0x34, 0x7e, 0xd4, 0x00 }, // 携
    { 0xe6, 0x91, 0x84, 0x00, 0xa4, 0xfe, 0xb2, 0x5e, 0xb2, 0x5e, 0xb2, 0x00 }, // 摄
    { 0xe6, 0x91, 0x86, 0x00, 0xa4, 0xfe, 0xa6, 0xf6, 0xbe, 0x76, 0xa6, 0x00 }, // 摆
    { 0xe6, 0x91, 0x87, 0x00, 0xa4, 0xfe, 0xd0, 0x94, 0xfc, 0x92, 0xd6, 0x00 }, // 摇
    { 0xe6, 0x91, 0x8a, 0x00, 0xa4, 0xfe, 0x24, 0x5c, 0xfe, 0xfc, 0x96, 0x00 }, // 摊
    { 0xe6, 0x91, 0x94, 0x00, 0xa4, 0xfe, 0x6c, 0x54, 0xee, 0x54, 0x6c, 0x00 }, // 摔
    { 0xe6, 0x91, 0x98, 0x00, 0xa4, 0xfe, 0xf4, 0xdc, 0xb6, 0xdc, 0xf4, 0x00 }, // 摘
    { 0xe6, 0x91, 0xa7, 0x00, 0xa4, 0xfe, 0x26, 0xfc, 0x96, 0xfc, 0x96, 0x00 }, // 摧
    { 0xe6, 0x91, 0xa9, 0x00, 0x80, 0x7c, 0x54, 0xfc, 0xd6, 0x7c, 0x54, 0x00 }, // 摩
    { 0xe6, 0x91, 0xb8, 0x00, 0xa4, 0xfe, 0xa4, 0xbe, 0x6c, 0xbe, 0xa4, 0x00 }, // 摸
    { 0xe6, 0x91, 0xb9, 0x00, 0x54, 0x74, 0xde, 0xdc, 0x5e, 0x74, 0x54, 0x00 }, // 摹
    { 0xe6, 0x92, 0x87, 0x00, 0xa4, 0xfe, 0xfa, 0x5c, 0xfa, 0x46, 0xbc, 0x00 }, // 撇
    { 0xe6, 0x92, 0x91, 0x00, 0xa4, 0xfe, 0x4a, 0xfc, 0xf6, 0x7c, 0x4a, 0x00 }, // 撑
    { 0xe6, 0x92, 0x92, 0x00, 0xa4, 0xfe, 0x14, 0xfe, 0xfc, 0x46, 0xbc, 0x00 }, // 撒
    { 0xe6, 0x92, 0x95, 0x00, 0xa4, 0xfe, 0xbe, 0x34, 0xbe, 0x7c, 0xf2, 0x00 }, // 撕
    { 0xe6, 0x92, 0x9e, 0x00, 0xa4, 0xfe, 0x94, 0xbc, 0xf6, 0xbc, 0x94, 0x00 }, // 撞
    { 0xe6, 0x92, 0xa4, 0x00, 0xa4, 0xfe, 0x14, 0xee, 0xe4, 0x7e, 0xbc, 0x00 }, // 撤
    { 0xe6, 0x92, 0xa9, 0x00, 0xa4, 0xfe, 0x94, 0x3c, 0xd6, 0x3c, 0x94, 0x00 }, // 撩
    { 0xe6, 0x92, 0xac, 0x00, 0xa4, 0xfe, 0xe4, 0xa4, 0x0e, 0xea, 0xa8, 0x00 }, // 撬
    { 0xe6, 0x92, 0xad, 0x00, 0xa4, 0xfe, 0x2a, 0xde, 0xfa, 0xde, 0x2a, 0x00 }, // 播
    { 0xe6, 0x92, 0xae, 0x00, 0xa4, 0xfe, 0x48, 0x7e, 0xfa, 0x5e, 0xb8, 0x00 }, // 撮
    { 0xe6, 0x92, 0xb0, 0x00, 0xa4, 0xfe, 0x9e, 0x36, 0x20, 0x3e, 0x96, 0x00 }, // 撰
    { 0xe6, 0x92, 0xb5, 0x00, 0xa4, 0xfe, 0x74, 0x5e, 0xf4, 0x6e, 0x54, 0x00 }, // 撵
    { 0xe6, 0x92, 0xbc, 0x00, 0xa4, 0xfe, 0xdc, 0x5c, 0x84, 0x8e, 0xd4, 0x00 }, // 撼
    { 0xe6, 0x93, 0x82, 0x00, 0xa4, 0xfe, 0xec, 0xa6, 0xee, 0xa6, 0xec, 0x00 }, // 擂
    { 0xe6, 0x93, 0x85, 0x00, 0xa4, 0xfe, 0x9c, 0xfc, 0xb6, 0xfc, 0x9c, 0x00 }, // 擅
    { 0xe6, 0x93, 0x8d, 0x00, 0xa4, 0xfe, 0xb8, 0x6e, 0xfa, 0x6e, 0xb8, 0x00 }, // 操
    { 0xe6, 0x93, 0x8e, 0x00, 0x54, 0x4e, 0xec, 0xfe, 0x74, 0x6a, 0x56, 0x00 }, // 擎
    { 0xe6, 0x93, 0x92, 0x00, 0xa4, 0xfe, 0xf4, 0x9c, 0xfa, 0x5c, 0xf4, 0x00 }, // 擒
    { 0xe6, 0x93, 0xa6, 0x00, 0xa4, 0xfe, 0xac, 0x54, 0xce, 0x54, 0xac, 0x00 }, // 擦
    { 0xe6, 0x94, 0x80, 0x00, 0x54, 0x3e, 0xd4, 0xfa, 0x54, 0x3e, 0x54, 0x00 }, // 攀
    { 0xe6, 0x94, 0x92, 0x00, 0xa4, 0xfe, 0x96, 0x6c, 0x56, 0x6c, 0x94, 0x00 }, // 攒
    { 0xe6, 0x94, 0x98, 0x00, 0xa4, 0xfe, 0x6c, 0xfc, 0xb6, 0x7c, 0xac, 0x00 }, // 攘
    { 0xe6, 0x94, 0xaf, 0x00, 0x84, 0x94, 0xb4, 0x5e, 0xb4, 0x84, 0x84, 0x00 }, // 支
    { 0xe6, 0x94, 0xb6, 0x00, 0x7c, 0x40, 0xfe, 0x88, 0xbe, 0x44, 0xbc, 0x00 }, // 收
    { 0xe6, 0x94, 0xb9, 0x00, 0x7a, 0x4a, 0x2e, 0x88, 0xbe, 0x44, 0xbc, 0x00 }, // 改
    { 0xe6, 0x94, 0xbb, 0x00, 0x44, 0x7c, 0x24, 0x88, 0xbe, 0x44, 0xbc, 0x00 }, // 攻
    { 0xe6, 0x94, 0xbe, 0x00, 0x84, 0x7c, 0x96, 0xf4, 0xb8, 0x46, 0xbc, 0x00 }, // 放
    { 0xe6, 0x94, 0xbf, 0x00, 0xf2, 0x82, 0x7e, 0x52, 0xb8, 0x46, 0xbc, 0x00 }, // 政
    { 0xe6, 0x95, 0x85, 0x00, 0x74, 0x5e, 0x74, 0x88, 0xbe, 0x44, 0xbc, 0x00 }, // 故
    { 0xe6, 0x95, 0x88, 0x00, 0x94, 0xac, 0x46, 0xac, 0xb8, 0x46, 0xbc, 0x00 }, // 效
    { 0xe6, 0x95, 0x8c, 0x00, 0x08, 0xec, 0xbc, 0xea, 0xb8, 0x46, 0xbc, 0x00 }, // 敌
    { 0xe6, 0x95, 0x8f, 0x00, 0x66, 0x5c, 0xfc, 0x54, 0xb8, 0x46, 0xbc, 0x00 }, // 敏
    { 0xe6, 0x95, 0x91, 0x00, 0x54, 0xa4, 0xfe, 0x54, 0xb8, 0x46, 0xbc, 0x00 }, // 救
    { 0xe6, 0x95, 0x99, 0x00, 0x50, 0x34, 0xde, 0x74, 0xb8, 0x46, 0xbc, 0x00 }, // 教
    { 0xe6, 0x95, 0x9b, 0x00, 0xa8, 0xcc, 0xaa, 0xcc, 0xb8, 0x46, 0xbc, 0x00 }, // 敛
    { 0xe6, 0x95, 0x9e, 0x00, 0xf2, 0x14, 0xde, 0xf4, 0xba, 0x46, 0xbc, 0x00 }, // 敞
    { 0xe6, 0x95, 0xa2, 0x00, 0x48, 0x7a, 0x4e, 0xf8, 0xb8, 0x46, 0xbc, 0x00 }, // 敢
    { 0xe6, 0x95, 0xa3, 0x00, 0x14, 0xfe, 0x54, 0xfe, 0xb8, 0x46, 0xbc, 0x00 }, // 散
    { 0xe6, 0x95, 0xa6, 0x00, 0x44, 0x5c, 0xf6, 0x3c, 0xb8, 0x46, 0xbc, 0x00 }, // 敦
    { 0xe6, 0x95, 0xac, 0x00, 0x24, 0x5e, 0x94, 0xfe, 0xb8, 0x46, 0xbc, 0x00 }, // 敬
    { 0xe6, 0x95, 0xb0, 0x00, 0xaa, 0xf4, 0xae, 0x64, 0xba, 0x46, 0xbc, 0x00 }, // 数
    { 0xe6, 0x95, 0xb2, 0x00, 0xe4, 0x3c, 0xb6, 0x3c, 0xf0, 0x5e, 0xb4, 0x00 }, // 敲
    { 0xe6, 0x95, 0xb4, 0x00, 0xb4, 0xec, 0xbe, 0xec, 0xf4, 0xea, 0xb6, 0x00 }, // 整
    { 0xe6, 0x95, 0xb7, 0x00, 0xa4, 0x7c, 0xfe, 0x24, 0xb8, 0x46, 0xbc, 0x00 }, // 敷
    { 0xe6, 0x96, 0x87, 0x00, 0x84, 0x84, 0x5c, 0x26, 0x5c, 0x84, 0x84, 0x00 }, // 文
    { 0xe6, 0x96, 0x8b, 0x00, 0xc4, 0x64, 0xec, 0x56, 0xec, 0x64, 0xc4, 0x00 }, // 斋
    { 0xe6, 0x96, 0x91, 0x00, 0x52, 0x7e, 0x94, 0x66, 0x9c, 0xfe, 0x92, 0x00 }, // 斑
    { 0xe6, 0x96, 0x97, 0x00, 0x40, 0x4a, 0x54, 0x40, 0xfe, 0x20, 0x20, 0x00 }, // 斗
    { 0xe6, 0x96, 0x99, 0x00, 0x6a, 0xfc, 0x4a, 0x54, 0x40, 0xfe, 0x20, 0x00 }, // 料
    { 0xe6, 0x96, 0x9c, 0x00, 0xa8, 0x2c, 0xfa, 0xac, 0x54, 0x40, 0xfe, 0x00 }, // 斜
    { 0xe6, 0x96, 0x9f, 0x00, 0xe4, 0xbe, 0xe4, 0xbe, 0x54, 0x40, 0xfe, 0x00 }, // 斟
    { 0xe6, 0x96, 0xa4, 0x00, 0x80, 0x7c, 0x14, 0x14, 0xf2, 0x12, 0x10, 0x00 }, // 斤
    { 0xe6, 0x96, 0xa5, 0x00, 0x80, 0x7c, 0x14, 0x34, 0xf2, 0x52, 0x10, 0x00 }, // 斥
    { 0xe6, 0x96, 0xa7, 0x00, 0x94, 0x74, 0x2a, 0x28, 0xea, 0x34, 0x14, 0x00 }, // 斧
    { 0xe6, 0x96, 0xa9, 0x00, 0x5c, 0xf6, 0x54, 0x3c, 0x14, 0xf2, 0x10, 0x00 }, // 斩
    { 0xe6, 0x96, 0xad, 0x00, 0xfe, 0xaa, 0x9c, 0xaa, 0x7c, 0x14, 0xf2, 0x00 }, // 断
    { 0xe6, 0x96, 0xaf, 0x00, 0xa4, 0x3e, 0x34, 0xbe, 0x7c, 0x14, 0xf2, 0x00 }, // 斯
    { 0xe6, 0x96, 0xb0, 0x00, 0xa4, 0x2c, 0xf6, 0x2c, 0xbc, 0x14, 0xf2, 0x00 }, // 新
    { 0xe6, 0x96, 0xb9, 0x00, 0x84, 0x44, 0x3c, 0x16, 0x94, 0xf4, 0x04, 0x00 }, // 方
    { 0xe6, 0x96, 0xbd, 0x00, 0x24, 0x9e, 0xf4, 0x28, 0xfe, 0x94, 0xb4, 0x00 }, // 施
    { 0xe6, 0x97, 0x81, 0x00, 0xb4, 0x94, 0x7c, 0x56, 0x54, 0xdc, 0x34, 0x00 }, // 旁
    { 0xe6, 0x97, 0x85, 0x00, 0x24, 0x9e, 0xf4, 0xe8, 0x96, 0x4c, 0xa4, 0x00 }, // 旅
    { 0xe6, 0x97, 0x8b, 0x00, 0x24, 0x9e, 0xf4, 0x88, 0x56, 0xf4, 0xb4, 0x00 }, // 旋
    { 0xe6, 0x97, 0x8f, 0x00, 0x24, 0x9e, 0xf4, 0x28, 0xbe, 0x74, 0xa4, 0x00 }, // 族
    { 0xe6, 0x97, 0x97, 0x00, 0x24, 0x9e, 0xf4, 0xa8, 0x3e, 0x3c, 0xa4, 0x00 }, // 旗
    { 0xe6, 0x97, 0xa0, 0x00, 0x90, 0x92, 0x52, 0x3e, 0xf2, 0x92, 0xd0, 0x00 }, // 无
    { 0xe6, 0x97, 0xa2, 0x00, 0xfe, 0xaa, 0xbe, 0x9a, 0x56, 0xf2, 0x9e, 0x00 }, // 既
    { 0xe6, 0x97, 0xa5, 0x00, 0x00, 0xfe, 0x92, 0x92, 0x92, 0x92, 0xfe, 0x00 }, // 日
    { 0xe6, 0x97, 0xa6, 0x00, 0x80, 0xbe, 0xaa, 0xaa, 0xaa, 0xbe, 0x80, 0x00 }, // 旦
    { 0xe6, 0x97, 0xa7, 0x00, 0xfe, 0x00, 0xfe, 0x92, 0x92, 0x92, 0xfe, 0x00 }, // 旧
    { 0xe6, 0x97, 0xa8, 0x00, 0x0e, 0xf4, 0xb4, 0xb4, 0xb2, 0xf2, 0x18, 0x00 }, // 旨
    { 0xe6, 0x97, 0xa9, 0x00, 0x40, 0x7e, 0x6a, 0xea, 0x6a, 0x7e, 0x40, 0x00 }, // 早
    { 0xe6, 0x97, 0xac, 0x00, 0x10, 0x08, 0x7e, 0x54, 0x7c, 0x84, 0xfc, 0x00 }, // 旬
    { 0xe6, 0x97, 0xad, 0x00, 0x84, 0x7e, 0x04, 0xfc, 0xbe, 0xaa, 0xbe, 0x00 }, // 旭
    { 0xe6, 0x97, 0xb1, 0x00, 0x50, 0x5e, 0x5a, 0xfa, 0x5a, 0x5e, 0x50, 0x00 }, // 旱
    { 0xe6, 0x97, 0xb6, 0x00, 0x7c, 0x54, 0x7c, 0x14, 0xa4, 0xfe, 0x04, 0x00 }, // 时
    { 0xe6, 0x97, 0xb7, 0x00, 0x7c, 0x54, 0x7c, 0x80, 0x7c, 0x06, 0x04, 0x00 }, // 旷
    { 0xe6, 0x97, 0xba, 0x00, 0x7c, 0x54, 0x7c, 0x82, 0x92, 0xfe, 0x92, 0x00 }, // 旺
    { 0xe6, 0x98, 0x82, 0x00, 0x60, 0x5e, 0x4a, 0x0a, 0xfa, 0x1e, 0x70, 0x00 }, // 昂
    { 0xe6, 0x98, 0x86, 0x00, 0xf0, 0xae, 0xaa, 0x0a, 0xfa, 0xae, 0xa0, 0x00 }, // 昆
    { 0xe6, 0x98, 0x8c, 0x00, 0xf8, 0xae, 0xaa, 0xaa, 0xaa, 0xae, 0xf8, 0x00 }, // 昌
    { 0xe6, 0x98, 0x8e, 0x00, 0x3e, 0x2a, 0xbe, 0x40, 0x3e, 0xaa, 0xfe, 0x00 }, // 明
    { 0xe6, 0x98, 0x8f, 0x00, 0x3c, 0xec, 0xec, 0xcc, 0xda, 0xea, 0x20, 0x00 }, // 昏
    { 0xe6, 0x98, 0x93, 0x00, 0x40, 0xae, 0x7a, 0xaa, 0x6a, 0xae, 0xe0, 0x00 }, // 易
    { 0xe6, 0x98, 0x94, 0x00, 0x10, 0xf4, 0xbe, 0xb4, 0xbe, 0xf4, 0x10, 0x00 }, // 昔
    { 0xe6, 0x98, 0x99, 0x00, 0xa8, 0xae, 0xea, 0xaa, 0xaa, 0x6e, 0xa8, 0x00 }, // 昙
    { 0xe6, 0x98, 0x9f, 0x00, 0xa0, 0x9e, 0xaa, 0xfa, 0xaa, 0xae, 0x88, 0x00 }, // 星
    { 0xe6, 0x98, 0xa0, 0x00, 0x7c, 0x54, 0xfc, 0x9c, 0x76, 0x9c, 0x90, 0x00 }, // 映
    { 0xe6, 0x98, 0xa5, 0x00, 0x50, 0x34, 0xdc, 0xde, 0xdc, 0x34, 0x50, 0x00 }, // 春
    { 0xe6, 0x98, 0xa7, 0x00, 0x7c, 0x54, 0xbc, 0x54, 0xfe, 0x54, 0x90, 0x00 }, // 昧
    { 0xe6, 0x98, 0xa8, 0x00, 0x7c, 0x54, 0x7c, 0x08, 0xfe, 0x54, 0x54, 0x00 }, // 昨
    { 0xe6, 0x98, 0xad, 0x00, 0x7c, 0x54, 0x7c, 0xea, 0xa6, 0xb2, 0xfe, 0x00 }, // 昭
    { 0xe6, 0x98, 0xaf, 0x00, 0x88, 0x6e, 0x8a, 0xfa, 0xaa, 0xae, 0x88, 0x00 }, // 是
    { 0xe6, 0x98, 0xb5, 0x00, 0x7c, 0x54, 0xfc, 0x7e, 0x0a, 0xfa, 0xae, 0x00 }, // 昵
    { 0xe6, 0x98, 0xbc, 0x00, 0xa0, 0x9e, 0xea, 0xaa, 0xea, 0x96, 0xa0, 0x00 }, // 昼
    { 0xe6, 0x98, 0xbe, 0x00, 0x90, 0xae, 0xfa, 0x8a, 0xfa, 0xae, 0x90, 0x00 }, // 显
    { 0xe6, 0x99, 0x83, 0x00, 0xa0, 0xb6, 0x66, 0x3e, 0xe6, 0xb6, 0xa0, 0x00 }, // 晃
    { 0xe6, 0x99, 0x8b, 0x00, 0x12, 0xf6, 0xbe, 0xb2, 0xbe, 0xf6, 0x12, 0x00 }, // 晋
    { 0xe6, 0x99, 0x8c, 0x00, 0x7c, 0x54, 0x7c, 0xfc, 0x76, 0x54, 0xfc, 0x00 }, // 晌
    { 0xe6, 0x99, 0x92, 0x00, 0x7c, 0x54, 0xfa, 0xbe, 0x8a, 0xbe, 0xfa, 0x00 }, // 晒
    { 0xe6, 0x99, 0x93, 0x00, 0x7c, 0x54, 0xfc, 0x74, 0x36, 0xec, 0xb4, 0x00 }, // 晓
    { 0xe6, 0x99, 0x95, 0x00, 0x58, 0x6e, 0x7a, 0xea, 0x6a, 0x6e, 0x58, 0x00 }, // 晕
    { 0xe6, 0x99, 0x9a, 0x00, 0x7c, 0x54, 0xbc, 0xac, 0x7a, 0xee, 0xb8, 0x00 }, // 晚
    { 0xe6, 0x99, 0xa4, 0x00, 0x7c, 0x54, 0x7c, 0x28, 0xfa, 0xae, 0xfa, 0x00 }, // 晤
    { 0xe6, 0x99, 0xa6, 0x00, 0x7c, 0x54, 0x7c, 0x66, 0x5c, 0xfc, 0x54, 0x00 }, // 晦
    { 0xe6, 0x99, 0xa8, 0x00, 0x80, 0x78, 0xee, 0xba, 0x7a, 0xbe, 0xa8, 0x00 }, // 晨
    { 0xe6, 0x99, 0xae, 0x00, 0x24, 0xee, 0xbc, 0xa4, 0xbc, 0xee, 0x24, 0x00 }, // 普
    { 0xe6, 0x99, 0xaf, 0x00, 0x88, 0x7e, 0xaa, 0xea, 0x2a, 0x7e, 0x88, 0x00 }, // 景
    { 0xe6, 0x99, 0xb0, 0x00, 0x7c, 0x54, 0x7c, 0x34, 0xfe, 0x1c, 0xf2, 0x00 }, // 晰
    { 0xe6, 0x99, 0xb4, 0x00, 0x7c, 0x54, 0x7c, 0x10, 0xf4, 0x5e, 0xf4, 0x00 }, // 晴
    { 0xe6, 0x99, 0xb6, 0x00, 0xf8, 0xae, 0xfa, 0x0a, 0xfa, 0xae, 0xf8, 0x00 }, // 晶
    { 0xe6, 0x99, 0xba, 0x00, 0x28, 0xf6, 0xac, 0xb4, 0xbc, 0xf4, 0x1c, 0x00 }, // 智
    { 0xe6, 0x99, 0xbe, 0x00, 0x7c, 0x54, 0x7c, 0x44, 0x9c, 0xf6, 0x5c, 0x00 }, // 晾
    { 0xe6, 0x9a, 0x82, 0x00, 0x1c, 0xd4, 0xfe, 0xd4, 0xce, 0xfa, 0x0a, 0x00 }, // 暂
    { 0xe6, 0x9a, 0x87, 0x00, 0x7c, 0x54, 0xfe, 0x56, 0xb0, 0x5a, 0xbe, 0x00 }, // 暇
    { 0xe6, 0x9a, 0x91, 0x00, 0xa0, 0xae, 0x7a, 0xfa, 0xba, 0xee, 0x20, 0x00 }, // 暑
    { 0xe6, 0x9a, 0x96, 0x00, 0x7c, 0x54, 0xfc, 0x54, 0xbc, 0x52, 0xba, 0x00 }, // 暖
    { 0xe6, 0x9a, 0x97, 0x00, 0x7c, 0x54, 0x7c, 0x1c, 0xd6, 0xdc, 0x14, 0x00 }, // 暗
    { 0xe6, 0x9a, 0xae, 0x00, 0x54, 0x34, 0xde, 0xdc, 0xde, 0x34, 0x54, 0x00 }, // 暮
    { 0xe6, 0x9a, 0xb4, 0x00, 0x90, 0xb6, 0x5e, 0xf6, 0x5e, 0xb6, 0x90, 0x00 }, // 暴
    { 0xe6, 0x9b, 0x99, 0x00, 0x7c, 0x54, 0xbe, 0x6a, 0xfe, 0xba, 0xee, 0x00 }, // 曙
    { 0xe6, 0x9b, 0xb2, 0x00, 0xfc, 0x94, 0xfe, 0x94, 0xfe, 0x94, 0xfc, 0x00 }, // 曲
    { 0xe6, 0x9b, 0xb4, 0x00, 0x82, 0xbe, 0x6a, 0x7e, 0xaa, 0xbe, 0x82, 0x00 }, // 更
    { 0xe6, 0x9b, 0xb9, 0x00, 0x3c, 0xec, 0xbe, 0xac, 0xbe, 0xec, 0x3c, 0x00 }, // 曹
    { 0xe6, 0x9b, 0xbc, 0x00, 0x98, 0x9e, 0xba, 0x5a, 0xba, 0x9e, 0x98, 0x00 }, // 曼
    { 0xe6, 0x9b, 0xbe, 0x00, 0x1c, 0xf6, 0xbc, 0xbc, 0xb4, 0xfe, 0x1c, 0x00 }, // 曾
    { 0xe6, 0x9b, 0xbf, 0x00, 0x14, 0xee, 0xb4, 0xa0, 0xb4, 0xee, 0x14, 0x00 }, // 替
    { 0xe6, 0x9c, 0x80, 0x00, 0x48, 0x7e, 0x4a, 0xfa, 0xaa, 0x4e, 0xb8, 0x00 }, // 最
    { 0xe6, 0x9c, 0x88, 0x00, 0x80, 0x40, 0x3e, 0x2a, 0x2a, 0xaa, 0xfe, 0x00 }, // 月
    { 0xe6, 0x9c, 0x89, 0x00, 0x24, 0x14, 0xfe, 0x54, 0x54, 0xf4, 0x04, 0x00 }, // 有
    { 0xe6, 0x9c, 0x8b, 0x00, 0x80, 0x7e, 0xaa, 0xfe, 0x7e, 0xaa, 0xfe, 0x00 }, // 朋
    { 0xe6, 0x9c, 0x8d, 0x00, 0x80, 0x7e, 0xaa, 0xfe, 0xb2, 0x52, 0xb6, 0x00 }, // 服
    { 0xe6, 0x9c, 0x97, 0x00, 0xfc, 0x96, 0x5c, 0x80, 0x7e, 0xaa, 0xfe, 0x00 }, // 朗
    { 0xe6, 0x9c, 0x9b, 0x00, 0xa4, 0xbc, 0xb6, 0xf4, 0xae, 0xaa, 0xbe, 0x00 }, // 望
    { 0xe6, 0x9c, 0x9d, 0x00, 0x5a, 0xee, 0x5a, 0x80, 0x7e, 0xaa, 0xfe, 0x00 }, // 朝
    { 0xe6, 0x9c, 0x9f, 0x00, 0xa4, 0x3e, 0x34, 0xbe, 0x7e, 0xaa, 0xfe, 0x00 }, // 期
    { 0xe6, 0x9c, 0xa6, 0x00, 0xfe, 0x2a, 0xfc, 0xbe, 0xf4, 0x5e, 0xb4, 0x00 }, // 朦
    { 0xe6, 0x9c, 0xa8, 0x00, 0x44, 0x24, 0x14, 0xfe, 0x14, 0x24, 0x44, 0x00 }, // 木
    { 0xe6, 0x9c, 0xaa, 0x00, 0x90, 0x94, 0x54, 0xfe, 0x54, 0x94, 0x90, 0x00 }, // 未
    { 0xe6, 0x9c, 0xab, 0x00, 0x84, 0x94, 0x54, 0xfe, 0x54, 0x94, 0x84, 0x00 }, // 末
    { 0xe6, 0x9c, 0xac, 0x00, 0x44, 0x24, 0x54, 0xfe, 0x54, 0x24, 0x44, 0x00 }, // 本
    { 0xe6, 0x9c, 0xaf, 0x00, 0x44, 0x24, 0x14, 0xfe, 0x14, 0x26, 0x44, 0x00 }, // 术
    { 0xe6, 0x9c, 0xb1, 0x00, 0x98, 0x96, 0x54, 0xfe, 0x54, 0x94, 0x90, 0x00 }, // 朱
    { 0xe6, 0x9c, 0xb4, 0x00, 0x44, 0x34, 0xfe, 0x14, 0xfe, 0x10, 0x20, 0x00 }, // 朴
    { 0xe6, 0x9c, 0xb5, 0x00, 0xa8, 0xa8, 0x66, 0xf2, 0x6e, 0xa8, 0xa8, 0x00 }, // 朵
    { 0xe6, 0x9c, 0xba, 0x00, 0x34, 0xfe, 0x80, 0x7e, 0x02, 0xfe, 0x80, 0x00 }, // 机
    { 0xe6, 0x9c, 0xbd, 0x00, 0x34, 0xfe, 0x14, 0x02, 0x1e, 0x92, 0xf2, 0x00 }, // 朽
    { 0xe6, 0x9d, 0x80, 0x00, 0xa0, 0x2a, 0xaa, 0xf4, 0x24, 0x2a, 0xa0, 0x00 }, // 杀
    { 0xe6, 0x9d, 0x82, 0x00, 0xa0, 0x34, 0xae, 0xe4, 0x3c, 0x30, 0xa0, 0x00 }, // 杂
    { 0xe6, 0x9d, 0x83, 0x00, 0x34, 0xfe, 0x14, 0x80, 0x9a, 0x62, 0x9e, 0x00 }, // 权
    { 0xe6, 0x9d, 0x86, 0x00, 0x34, 0xfe, 0x10, 0x12, 0xfe, 0x12, 0x10, 0x00 }, // 杆
    { 0xe6, 0x9d, 0x88, 0x00, 0x34, 0xfe, 0x8e, 0x52, 0x26, 0x52, 0x8e, 0x00 }, // 杈
    { 0xe6, 0x9d, 0x89, 0x00, 0x44, 0x34, 0xfe, 0x14, 0x80, 0x94, 0x4a, 0x00 }, // 杉
    { 0xe6, 0x9d, 0x8e, 0x00, 0x54, 0x54, 0x4c, 0xde, 0x7c, 0x4c, 0x54, 0x00 }, // 李
    { 0xe6, 0x9d, 0x8f, 0x00, 0x14, 0xf4, 0xac, 0xbe, 0xac, 0xf4, 0x14, 0x00 }, // 杏
    { 0xe6, 0x9d, 0x90, 0x00, 0x34, 0xfe, 0x44, 0x24, 0x94, 0xfe, 0x04, 0x00 }, // 材
    { 0xe6, 0x9d, 0x91, 0x00, 0x44, 0x34, 0xfe, 0x14, 0xa4, 0xfe, 0x04, 0x00 }, // 村
    { 0xe6, 0x9d, 0x96, 0x00, 0x34, 0xfe, 0x84, 0x54, 0x3e, 0x44, 0x84, 0x00 }, // 杖
    { 0xe6, 0x9d, 0x9c, 0x00, 0x34, 0xfe, 0x14, 0x88, 0x88, 0xfe, 0x88, 0x00 }, // 杜
    { 0xe6, 0x9d, 0x9f, 0x00, 0x84, 0x9c, 0x54, 0xfe, 0x54, 0x9c, 0x84, 0x00 }, // 束
    { 0xe6, 0x9d, 0xa0, 0x00, 0x34, 0xfe, 0x14, 0x80, 0x84, 0xfc, 0x84, 0x00 }, // 杠
    { 0xe6, 0x9d, 0xa1, 0x00, 0x90, 0x34, 0xb4, 0xea, 0x36, 0x30, 0x90, 0x00 }, // 条
    { 0xe6, 0x9d, 0xa5, 0x00, 0xa4, 0xac, 0x64, 0xfe, 0x64, 0xac, 0xa4, 0x00 }, // 来
    { 0xe6, 0x9d, 0xa8, 0x00, 0x34, 0xfe, 0x50, 0xb2, 0x5a, 0xb6, 0xf0, 0x00 }, // 杨
    { 0xe6, 0x9d, 0xad, 0x00, 0x34, 0xfe, 0x84, 0x74, 0x16, 0xf4, 0x84, 0x00 }, // 杭
    { 0xe6, 0x9d, 0xaf, 0x00, 0x34, 0xfe, 0x22, 0x12, 0xfe, 0x12, 0x22, 0x00 }, // 杯
    { 0xe6, 0x9d, 0xb0, 0x00, 0xa4, 0x24, 0x94, 0x3e, 0x94, 0x24, 0xa4, 0x00 }, // 杰
    { 0xe6, 0x9d, 0xbe, 0x00, 0x34, 0xfe, 0x88, 0xc6, 0xb0, 0x46, 0x88, 0x00 }, // 松
    { 0xe6, 0x9d, 0xbf, 0x00, 0x34, 0xfe, 0x40, 0xbc, 0xb4, 0x52, 0xb2, 0x00 }, // 板
    { 0xe6, 0x9e, 0x81, 0x00, 0x34, 0xfe, 0x42, 0xbe, 0xa2, 0x4e, 0xb8, 0x00 }, // 极
    { 0xe6, 0x9e, 0x84, 0x00, 0x34, 0xfe, 0x14, 0x68, 0x56, 0x44, 0xfc, 0x00 }, // 构
    { 0xe6, 0x9e, 0x89, 0x00, 0x34, 0xfe, 0x14, 0x82, 0x92, 0xfe, 0x92, 0x00 }, // 枉
    { 0xe6, 0x9e, 0x90, 0x00, 0x34, 0xfe, 0x80, 0x7c, 0x14, 0xf2, 0x10, 0x00 }, // 析
    { 0xe6, 0x9e, 0x95, 0x00, 0x34, 0xfe, 0x8c, 0x44, 0x3e, 0xf4, 0x8c, 0x00 }, // 枕
    { 0xe6, 0x9e, 0x97, 0x00, 0x44, 0x34, 0xfe, 0x24, 0x14, 0xfe, 0x24, 0x00 }, // 林
    { 0xe6, 0x9e, 0x9a, 0x00, 0x34, 0xfe, 0x88, 0xbe, 0x44, 0xbc, 0x84, 0x00 }, // 枚
    { 0xe6, 0x9e, 0x9c, 0x00, 0xa0, 0xbe, 0x6a, 0xfe, 0x6a, 0xbe, 0xa0, 0x00 }, // 果
    { 0xe6, 0x9e, 0x9d, 0x00, 0x34, 0xfe, 0x94, 0xb4, 0x5e, 0xb4, 0x84, 0x00 }, // 枝
    { 0xe6, 0x9e, 0xa2, 0x00, 0x34, 0xfe, 0x14, 0xfe, 0xaa, 0x92, 0xaa, 0x00 }, // 枢
    { 0xe6, 0x9e, 0xa3, 0x00, 0x24, 0x2c, 0x54, 0x7e, 0x94, 0xac, 0x24, 0x00 }, // 枣
    { 0xe6, 0x9e, 0xaa, 0x00, 0x34, 0xfe, 0x08, 0xf4, 0x92, 0xb4, 0xc8, 0x00 }, // 枪
    { 0xe6, 0x9e, 0xab, 0x00, 0x34, 0xfe, 0x7e, 0x12, 0x2a, 0xfe, 0x80, 0x00 }, // 枫
    { 0xe6, 0x9e, 0xaf, 0x00, 0x34, 0xfe, 0x08, 0xe8, 0xbe, 0xe8, 0x08, 0x00 }, // 枯
    { 0xe6, 0x9e, 0xb6, 0x00, 0xb4, 0xae, 0x74, 0xfc, 0x7c, 0xb4, 0xbc, 0x00 }, // 架
    { 0xe6, 0x9e, 0xb7, 0x00, 0x34, 0xfe, 0x24, 0x9e, 0xfc, 0x44, 0x7c, 0x00 }, // 枷
    { 0xe6, 0x9f, 0x84, 0x00, 0x34, 0xfe, 0xfa, 0x2a, 0x1e, 0xaa, 0xfa, 0x00 }, // 柄
    { 0xe6, 0x9f, 0x8f, 0x00, 0x34, 0xfe, 0x14, 0xfc, 0x96, 0x94, 0xfc, 0x00 }, // 柏
    { 0xe6, 0x9f, 0x90, 0x00, 0xa4, 0xa4, 0x7e, 0xf4, 0x7e, 0xa4, 0xa4, 0x00 }, // 某
    { 0xe6, 0x9f, 0x91, 0x00, 0x34, 0xfe, 0x04, 0xfe, 0x94, 0xfe, 0x04, 0x00 }, // 柑
    { 0xe6, 0x9f, 0x92, 0x00, 0xaa, 0xa0, 0x64, 0xee, 0x74, 0xb2, 0xba, 0x00 }, // 柒
    { 0xe6, 0x9f, 0x93, 0x00, 0xaa, 0xa0, 0x74, 0xee, 0x64, 0xbc, 0xb0, 0x00 }, // 染
    { 0xe6, 0x9f, 0x94, 0x00, 0xb4, 0xac, 0x76, 0xfe, 0x66, 0xa4, 0xac, 0x00 }, // 柔
    { 0xe6, 0x9f, 0x9c, 0x00, 0x34, 0xfe, 0x14, 0xfe, 0xaa, 0xaa, 0xba, 0x00 }, // 柜
    { 0xe6, 0x9f, 0xa0, 0x00, 0x34, 0xfe, 0x0c, 0x94, 0xf6, 0x14, 0x0c, 0x00 }, // 柠
    { 0xe6, 0x9f, 0xa5, 0x00, 0x94, 0xf4, 0xec, 0xfe, 0xec, 0xf4, 0x94, 0x00 }, // 查
    { 0xe6, 0x9f, 0xac, 0x00, 0x84, 0xbc, 0x7c, 0xfe, 0x7c, 0xbc, 0x84, 0x00 }, // 柬
    { 0xe6, 0x9f, 0xb1, 0x00, 0x34, 0xfe, 0x88, 0xaa, 0xfc, 0xa8, 0x88, 0x00 }, // 柱
    { 0xe6, 0x9f, 0xb3, 0x00, 0x34, 0xfe, 0xbc, 0x7a, 0x00, 0xfe, 0x3e, 0x00 }, // 柳
    { 0xe6, 0x9f, 0xb4, 0x00, 0xbc, 0xb0, 0x7e, 0xf4, 0x60, 0xbe, 0xb4, 0x00 }, // 柴
    { 0xe6, 0x9f, 0xbf, 0x00, 0x34, 0xfe, 0x74, 0x14, 0xfe, 0x14, 0x74, 0x00 }, // 柿
    { 0xe6, 0xa0, 0x85, 0x00, 0x34, 0xfe, 0x90, 0x7e, 0xfe, 0x12, 0xfe, 0x00 }, // 栅
    { 0xe6, 0xa0, 0x87, 0x00, 0x34, 0xfe, 0x68, 0x8a, 0xfa, 0x0a, 0x68, 0x00 }, // 标
    { 0xe6, 0xa0, 0x88, 0x00, 0x34, 0xfe, 0x14, 0x94, 0xbe, 0x54, 0xa6, 0x00 }, // 栈
    { 0xe6, 0xa0, 0x8b, 0x00, 0x34, 0xfe, 0x54, 0x9c, 0xf6, 0x14, 0x54, 0x00 }, // 栋
    { 0xe6, 0xa0, 0x8f, 0x00, 0x34, 0xfe, 0x88, 0xaa, 0xa8, 0xac, 0x8a, 0x00 }, // 栏
    { 0xe6, 0xa0, 0x91, 0x00, 0x34, 0xfe, 0x54, 0x24, 0x5c, 0xa4, 0xfe, 0x00 }, // 树
    { 0xe6, 0xa0, 0x93, 0x00, 0x34, 0xfe, 0x88, 0xac, 0xfa, 0xac, 0x88, 0x00 }, // 栓
    { 0xe6, 0xa0, 0x96, 0x00, 0x34, 0xfe, 0xfa, 0xbe, 0x8a, 0xbe, 0xfa, 0x00 }, // 栖
    { 0xe6, 0xa0, 0x97, 0x00, 0xa2, 0xae, 0x6a, 0xfe, 0x6a, 0xae, 0xa2, 0x00 }, // 栗
    { 0xe6, 0xa0, 0xa1, 0x00, 0x34, 0xfe, 0x94, 0xac, 0x46, 0xac, 0x94, 0x00 }, // 校
    { 0xe6, 0xa0, 0xaa, 0x00, 0x34, 0xfe, 0x98, 0x56, 0xfe, 0x54, 0x90, 0x00 }, // 株
    { 0xe6, 0xa0, 0xb7, 0x00, 0x34, 0xfe, 0x44, 0x56, 0xfc, 0x56, 0x44, 0x00 }, // 样
    { 0xe6, 0xa0, 0xb8, 0x00, 0x34, 0xfe, 0x94, 0xbc, 0x56, 0xac, 0x94, 0x00 }, // 核
    { 0xe6, 0xa0, 0xb9, 0x00, 0x34, 0xfe, 0x14, 0xfe, 0xaa, 0x6a, 0xbe, 0x00 }, // 根
    { 0xe6, 0xa0, 0xbc, 0x00, 0x34, 0xfe, 0x10, 0xf4, 0xaa, 0xf6, 0x10, 0x00 }, // 格
    { 0xe6, 0xa0, 0xbd, 0x00, 0x90, 0x54, 0xfe, 0x54, 0x9e, 0x70, 0xb4, 0x00 }, // 栽
    { 0xe6, 0xa1, 0x82, 0x00, 0x34, 0xfe, 0x90, 0xb4, 0xfe, 0xb4, 0x90, 0x00 }, // 桂
    { 0xe6, 0xa1, 0x83, 0x00, 0x34, 0xfe, 0x94, 0x7e, 0x00, 0xfe, 0x94, 0x00 }, // 桃
    { 0xe6, 0xa1, 0x85, 0x00, 0x34, 0xfe, 0x84, 0x7c, 0xfa, 0x9e, 0xb8, 0x00 }, // 桅
    { 0xe6, 0xa1, 0x86, 0x00, 0x34, 0xfe, 0x14, 0xfe, 0xaa, 0xba, 0xaa, 0x00 }, // 框
    { 0xe6, 0xa1, 0x88, 0x00, 0xac, 0xb4, 0x7c, 0xf6, 0x6c, 0xb4, 0xac, 0x00 }, // 案
    { 0xe6, 0xa1, 0x8c, 0x00, 0xa0, 0xb8, 0x68, 0xee, 0x6c, 0xbc, 0xa4, 0x00 }, // 桌
    { 0xe6, 0xa1, 0x90, 0x00, 0x34, 0xfe, 0x14, 0xfe, 0x6a, 0x6a, 0xfe, 0x00 }, // 桐
    { 0xe6, 0xa1, 0x91, 0x00, 0xa8, 0xa8, 0x5a, 0xe2, 0x66, 0xa8, 0x98, 0x00 }, // 桑
    { 0xe6, 0xa1, 0xa3, 0x00, 0x34, 0xfe, 0x8a, 0xa8, 0xae, 0xa8, 0xfa, 0x00 }, // 档
    { 0xe6, 0xa1, 0xa5, 0x00, 0x34, 0xfe, 0x94, 0x6e, 0x06, 0xee, 0x14, 0x00 }, // 桥
    { 0xe6, 0xa1, 0xa6, 0x00, 0x34, 0xfe, 0x48, 0x5c, 0xea, 0x5e, 0x54, 0x00 }, // 桦
    { 0xe6, 0xa1, 0xa8, 0x00, 0x92, 0xa8, 0x7e, 0xe0, 0x74, 0xaa, 0x86, 0x00 }, // 桨
    { 0xe6, 0xa1, 0xa9, 0x00, 0x34, 0xfe, 0x80, 0x7c, 0x94, 0xfe, 0x94, 0x00 }, // 桩
    { 0xe6, 0xa1, 0xb6, 0x00, 0x34, 0xfe, 0xf8, 0x2a, 0xfa, 0x2e, 0xfa, 0x00 }, // 桶
    { 0xe6, 0xa2, 0x81, 0x00, 0xaa, 0xa0, 0x72, 0xee, 0x72, 0xbe, 0xa8, 0x00 }, // 梁
    { 0xe6, 0xa2, 0x85, 0x00, 0x34, 0xfe, 0x10, 0x76, 0x5c, 0xfc, 0x54, 0x00 }, // 梅
    { 0xe6, 0xa2, 0x86, 0x00, 0x34, 0xfe, 0x54, 0xfe, 0x54, 0xfe, 0x36, 0x00 }, // 梆
    { 0xe6, 0xa2, 0x97, 0x00, 0x34, 0xfe, 0x82, 0xae, 0x7e, 0x8e, 0x82, 0x00 }, // 梗
    { 0xe6, 0xa2, 0xa2, 0x00, 0x34, 0xfe, 0x14, 0xfa, 0x28, 0xae, 0xfa, 0x00 }, // 梢
    { 0xe6, 0xa2, 0xa6, 0x00, 0x94, 0xac, 0xbe, 0x54, 0x5c, 0x3e, 0x14, 0x00 }, // 梦
    { 0xe6, 0xa2, 0xa7, 0x00, 0x34, 0xfe, 0x28, 0xfa, 0xae, 0xfa, 0x20, 0x00 }, // 梧
    { 0xe6, 0xa2, 0xa8, 0x00, 0xb4, 0xae, 0x7e, 0xf4, 0x6e, 0xa0, 0xbe, 0x00 }, // 梨
    { 0xe6, 0xa2, 0xad, 0x00, 0x34, 0xfe, 0x54, 0xae, 0x64, 0xac, 0x96, 0x00 }, // 梭
    { 0xe6, 0xa2, 0xaf, 0x00, 0x34, 0xfe, 0xb4, 0x56, 0xfc, 0x56, 0xdc, 0x00 }, // 梯
    { 0xe6, 0xa2, 0xb0, 0x00, 0x34, 0xfe, 0x14, 0x7c, 0x94, 0x7e, 0xa4, 0x00 }, // 械
    { 0xe6, 0xa2, 0xb3, 0x00, 0x34, 0xfe, 0x94, 0x7c, 0xf6, 0x0c, 0xd4, 0x00 }, // 梳
    { 0xe6, 0xa3, 0x80, 0x00, 0x34, 0xfe, 0xa8, 0xc4, 0xaa, 0xcc, 0xa8, 0x00 }, // 检
    { 0xe6, 0xa3, 0x89, 0x00, 0x34, 0xfe, 0x60, 0x3c, 0xf6, 0x3c, 0x60, 0x00 }, // 棉
    { 0xe6, 0xa3, 0x8b, 0x00, 0x34, 0xfe, 0xa4, 0x3e, 0x34, 0x3e, 0xa4, 0x00 }, // 棋
    { 0xe6, 0xa3, 0x8d, 0x00, 0x34, 0xfe, 0xfe, 0xaa, 0x0a, 0xfa, 0xae, 0x00 }, // 棍
    { 0xe6, 0xa3, 0x92, 0x00, 0x34, 0xfe, 0x28, 0x5c, 0xee, 0x5c, 0x28, 0x00 }, // 棒
    { 0xe6, 0xa3, 0x95, 0x00, 0x34, 0xfe, 0xac, 0x24, 0xee, 0x2c, 0xac, 0x00 }, // 棕
    { 0xe6, 0xa3, 0x98, 0x00, 0xb4, 0x54, 0xfe, 0xb4, 0x54, 0xfe, 0xb4, 0x00 }, // 棘
    { 0xe6, 0xa3, 0x9a, 0x00, 0x34, 0xfe, 0x7e, 0xaa, 0x7e, 0xaa, 0xfe, 0x00 }, // 棚
    { 0xe6, 0xa3, 0xa0, 0x00, 0xac, 0xa6, 0x7c, 0xf6, 0x7c, 0xa6, 0xac, 0x00 }, // 棠
    { 0xe6, 0xa3, 0xae, 0x00, 0xa0, 0x74, 0xec, 0xbe, 0x6c, 0xf4, 0xa0, 0x00 }, // 森
    { 0xe6, 0xa3, 0xb1, 0x00, 0x34, 0xfe, 0x50, 0xb4, 0x5e, 0xb4, 0x90, 0x00 }, // 棱
    { 0xe6, 0xa3, 0xb5, 0x00, 0x34, 0xfe, 0xae, 0x6a, 0xfe, 0x6a, 0xae, 0x00 }, // 棵
    { 0xe6, 0xa3, 0xba, 0x00, 0x34, 0xfe, 0x0c, 0xf4, 0xb6, 0xb4, 0xec, 0x00 }, // 棺
    { 0xe6, 0xa4, 0x85, 0x00, 0x34, 0xfe, 0x24, 0xb4, 0x2e, 0xf4, 0x24, 0x00 }, // 椅
    { 0xe6, 0xa4, 0x8d, 0x00, 0x34, 0xfe, 0x84, 0xf4, 0xde, 0xf4, 0x84, 0x00 }, // 植
    { 0xe6, 0xa4, 0x8e, 0x00, 0x34, 0xfe, 0x08, 0xfe, 0x94, 0xfe, 0x94, 0x00 }, // 椎
    { 0xe6, 0xa4, 0x92, 0x00, 0x34, 0xfe, 0x50, 0xfe, 0x94, 0x62, 0x9e, 0x00 }, // 椒
    { 0xe6, 0xa4, 0xad, 0x00, 0x34, 0xfe, 0x4a, 0x36, 0xfc, 0x56, 0xf4, 0x00 }, // 椭
    { 0xe6, 0xa4, 0xb0, 0x00, 0x34, 0xfe, 0x42, 0x7e, 0x5a, 0xfe, 0x36, 0x00 }, // 椰
    { 0xe6, 0xa4, 0xbf, 0x00, 0x34, 0xfe, 0x54, 0x3c, 0xde, 0xfc, 0x54, 0x00 }, // 椿
    { 0xe6, 0xa5, 0x94, 0x00, 0x34, 0xfe, 0xac, 0xbe, 0x6c, 0xa6, 0xae, 0x00 }, // 楔
    { 0xe6, 0xa5, 0x9a, 0x00, 0xb4, 0x6c, 0xbe, 0xf4, 0xec, 0xbe, 0x94, 0x00 }, // 楚
    { 0xe6, 0xa5, 0x9e, 0x00, 0x34, 0xfe, 0x00, 0x96, 0x76, 0x5e, 0xd6, 0x00 }, // 楞
    { 0xe6, 0xa5, 0xa3, 0x00, 0x34, 0xfe, 0x80, 0x7e, 0x0a, 0xee, 0xee, 0x00 }, // 楣
    { 0xe6, 0xa5, 0xb7, 0x00, 0x34, 0xfe, 0x1e, 0xd4, 0xe0, 0xde, 0x14, 0x00 }, // 楷
    { 0xe6, 0xa5, 0xbc, 0x00, 0x34, 0xfe, 0xaa, 0xf4, 0xae, 0x64, 0xaa, 0x00 }, // 楼
    { 0xe6, 0xa6, 0x82, 0x00, 0x34, 0xfe, 0x7c, 0x5c, 0x92, 0x7e, 0x9e, 0x00 }, // 概
    { 0xe6, 0xa6, 0x84, 0x00, 0x34, 0xfe, 0x8c, 0x7e, 0x50, 0xf6, 0x8c, 0x00 }, // 榄
    { 0xe6, 0xa6, 0x86, 0x00, 0x34, 0xfe, 0x08, 0xe4, 0xea, 0x0c, 0xe8, 0x00 }, // 榆
    { 0xe6, 0xa6, 0x94, 0x00, 0x34, 0xfe, 0xfc, 0x96, 0x5c, 0xfe, 0x36, 0x00 }, // 榔
    { 0xe6, 0xa6, 0x95, 0x00, 0x34, 0xfe, 0x4c, 0x2c, 0xd6, 0xec, 0x4c, 0x00 }, // 榕
    { 0xe6, 0xa6, 0x9b, 0x00, 0x34, 0xfe, 0xa4, 0x54, 0xee, 0x54, 0xa4, 0x00 }, // 榛
    { 0xe6, 0xa6, 0x9c, 0x00, 0x34, 0xfe, 0x34, 0x9c, 0x76, 0xdc, 0x34, 0x00 }, // 榜
    { 0xe6, 0xa6, 0xa8, 0x00, 0x34, 0xfe, 0x4c, 0x3c, 0xe6, 0x6c, 0x4c, 0x00 }, // 榨
    { 0xe6, 0xa6, 0xb4, 0x00, 0x34, 0xfe, 0x1c, 0xf4, 0xf2, 0xee, 0x1e, 0x00 }, // 榴
    { 0xe6, 0xa7, 0x90, 0x00, 0x34, 0xfe, 0xbc, 0x54, 0xfe, 0xd4, 0xbc, 0x00 }, // 槐
    { 0xe6, 0xa7, 0xbd, 0x00, 0x34, 0xfe, 0x34, 0xfe, 0xb4, 0xfe, 0x34, 0x00 }, // 槽
    { 0xe6, 0xa8, 0x8a, 0x00, 0x94, 0xbe, 0xb4, 0x6a, 0xb4, 0xbe, 0x94, 0x00 }, // 樊
    { 0xe6, 0xa8, 0x9f, 0x00, 0x34, 0xfe, 0x54, 0x7c, 0xf6, 0x7c, 0x54, 0x00 }, // 樟
    { 0xe6, 0xa8, 0xa1, 0x00, 0x34, 0xfe, 0xa4, 0xbe, 0x6c, 0xbe, 0xa4, 0x00 }, // 模
    { 0xe6, 0xa8, 0xaa, 0x00, 0x34, 0xfe, 0x94, 0x7e, 0x74, 0x7e, 0x94, 0x00 }, // 横
    { 0xe6, 0xa8, 0xb1, 0x00, 0x34, 0xfe, 0xb6, 0xea, 0xb6, 0x6a, 0xb6, 0x00 }, // 樱
    { 0xe6, 0xa9, 0x84, 0x00, 0x34, 0xfe, 0x7a, 0x4e, 0xf8, 0x7e, 0xbc, 0x00 }, // 橄
    { 0xe6, 0xa9, 0x98, 0x00, 0x34, 0xfe, 0xf4, 0x6e, 0xbe, 0x66, 0xec, 0x00 }, // 橘
    { 0xe6, 0xa9, 0x99, 0x00, 0x34, 0xfe, 0x8a, 0xb6, 0xd2, 0xb4, 0x8a, 0x00 }, // 橙
    { 0xe6, 0xa9, 0xa1, 0x00, 0x34, 0xfe, 0x44, 0xbc, 0xfa, 0x5e, 0xa0, 0x00 }, // 橡
    { 0xe6, 0xa9, 0xb1, 0x00, 0x34, 0xfe, 0x7e, 0xba, 0x6a, 0x92, 0xfa, 0x00 }, // 橱
    { 0xe6, 0xaa, 0x80, 0x00, 0x34, 0xfe, 0x9c, 0xfc, 0xb6, 0xfc, 0x9c, 0x00 }, // 檀
    { 0xe6, 0xaa, 0x90, 0x00, 0x34, 0xfe, 0x78, 0x5c, 0xea, 0xfe, 0x58, 0x00 }, // 檐
    { 0xe6, 0xaa, 0xa9, 0x00, 0x34, 0xfe, 0xa4, 0x3c, 0xf6, 0x3c, 0xa4, 0x00 }, // 檩
    { 0xe6, 0xaa, 0xac, 0x00, 0x34, 0xfe, 0x54, 0xbe, 0xf4, 0x5e, 0xb4, 0x00 }, // 檬
    { 0xe6, 0xac, 0xa0, 0x00, 0x90, 0x8e, 0x44, 0x3c, 0x44, 0x84, 0x8c, 0x00 }, // 欠
    { 0xe6, 0xac, 0xa1, 0x00, 0xe2, 0x00, 0x88, 0x46, 0x3c, 0x44, 0x8c, 0x00 }, // 次
    { 0xe6, 0xac, 0xa2, 0x00, 0x4a, 0x32, 0x4e, 0x88, 0x86, 0x7c, 0x8c, 0x00 }, // 欢
    { 0xe6, 0xac, 0xa3, 0x00, 0x80, 0x7c, 0x14, 0xf2, 0x88, 0x76, 0x8c, 0x00 }, // 欣
    { 0xe6, 0xac, 0xa7, 0x00, 0xfe, 0xaa, 0x92, 0x28, 0x86, 0x7c, 0x8c, 0x00 }, // 欧
    { 0xe6, 0xac, 0xb2, 0x00, 0x24, 0xd2, 0xc8, 0xd2, 0x88, 0x76, 0x8c, 0x00 }, // 欲
    { 0xe6, 0xac, 0xba, 0x00, 0xa4, 0x3e, 0x34, 0xbe, 0xa4, 0x76, 0x8c, 0x00 }, // 欺
    { 0xe6, 0xac, 0xbe, 0x00, 0x54, 0xde, 0x54, 0x88, 0x86, 0x7c, 0x8c, 0x00 }, // 款
    { 0xe6, 0xad, 0x87, 0x00, 0x60, 0x5e, 0x9a, 0xfe, 0x88, 0x76, 0x8c, 0x00 }, // 歇
    { 0xe6, 0xad, 0x89, 0x00, 0xa4, 0x6e, 0xfc, 0x7e, 0x88, 0x76, 0x8c, 0x00 }, // 歉
    { 0xe6, 0xad, 0x8c, 0x00, 0x5a, 0x92, 0xfe, 0x88, 0x86, 0x7c, 0x8c, 0x00 }, // 歌
    { 0xe6, 0xad, 0xa2, 0x00, 0x80, 0xf8, 0x80, 0xfe, 0x88, 0x88, 0x80, 0x00 }, // 止
    { 0xe6, 0xad, 0xa3, 0x00, 0x82, 0xf2, 0x82, 0xfe, 0x92, 0x92, 0x82, 0x00 }, // 正
    { 0xe6, 0xad, 0xa4, 0x00, 0xf8, 0x80, 0x7e, 0x48, 0xfe, 0x90, 0xc8, 0x00 }, // 此
    { 0xe6, 0xad, 0xa5, 0x00, 0x50, 0xbc, 0x90, 0xfe, 0x54, 0x34, 0x10, 0x00 }, // 步
    { 0xe6, 0xad, 0xa6, 0x00, 0x88, 0xea, 0x8a, 0xf8, 0xae, 0x38, 0xca, 0x00 }, // 武
    { 0xe6, 0xad, 0xa7, 0x00, 0xf8, 0x80, 0x7e, 0x48, 0xb4, 0x5e, 0xb4, 0x00 }, // 歧
    { 0xe6, 0xad, 0xaa, 0x00, 0x8a, 0xda, 0x96, 0xfe, 0xb2, 0xb6, 0x8a, 0x00 }, // 歪
    { 0xe6, 0xad, 0xb9, 0x00, 0x02, 0x92, 0x92, 0x6e, 0x2a, 0x1a, 0x02, 0x00 }, // 歹
    { 0xe6, 0xad, 0xbb, 0x00, 0x92, 0x6e, 0x3a, 0x02, 0xfe, 0x92, 0xca, 0x00 }, // 死
    { 0xe6, 0xad, 0xbc, 0x00, 0x92, 0x6e, 0x3a, 0x10, 0x14, 0xfc, 0x12, 0x00 }, // 歼
    { 0xe6, 0xae, 0x83, 0x00, 0x92, 0x6e, 0x3a, 0x90, 0x9c, 0x76, 0x9c, 0x00 }, // 殃
    { 0xe6, 0xae, 0x89, 0x00, 0x92, 0x6e, 0x3a, 0x78, 0x56, 0x7c, 0xfc, 0x00 }, // 殉
    { 0xe6, 0xae, 0x8a, 0x00, 0x92, 0x6e, 0xba, 0x56, 0xfe, 0x54, 0x90, 0x00 }, // 殊
    { 0xe6, 0xae, 0x8b, 0x00, 0x92, 0x6e, 0x3a, 0x94, 0xbe, 0x54, 0xa6, 0x00 }, // 残
    { 0xe6, 0xae, 0x96, 0x00, 0x92, 0x6e, 0x3a, 0x84, 0xf4, 0xde, 0xf4, 0x00 }, // 殖
    { 0xe6, 0xae, 0xb4, 0x00, 0xfe, 0xaa, 0x92, 0x28, 0xb6, 0x52, 0xb6, 0x00 }, // 殴
    { 0xe6, 0xae, 0xb5, 0x00, 0x40, 0xfc, 0x2a, 0x80, 0xb6, 0x52, 0xb6, 0x00 }, // 段
    { 0xe6, 0xae, 0xb7, 0x00, 0xfc, 0x5c, 0xda, 0x00, 0xb6, 0x52, 0xb6, 0x00 }, // 殷
    { 0xe6, 0xae, 0xbf, 0x00, 0x80, 0x7e, 0xba, 0x2a, 0xb6, 0x52, 0xb6, 0x00 }, // 殿
    { 0xe6, 0xaf, 0x81, 0x00, 0x9c, 0xb2, 0xf4, 0xbc, 0xb6, 0x52, 0xb6, 0x00 }, // 毁
    { 0xe6, 0xaf, 0x85, 0x00, 0x54, 0xbc, 0xf6, 0x5c, 0xb6, 0x52, 0xb6, 0x00 }, // 毅
    { 0xe6, 0xaf, 0x8d, 0x00, 0x10, 0x70, 0x5e, 0x76, 0xd2, 0xfe, 0x50, 0x00 }, // 母
    { 0xe6, 0xaf, 0x8f, 0x00, 0x18, 0x76, 0x5c, 0x7c, 0xd4, 0xfc, 0x54, 0x00 }, // 每
    { 0xe6, 0xaf, 0x92, 0x00, 0x50, 0xf4, 0xd4, 0xfe, 0xd4, 0xf4, 0x50, 0x00 }, // 毒
    { 0xe6, 0xaf, 0x94, 0x00, 0xfe, 0x48, 0x48, 0xfe, 0x90, 0x90, 0xc8, 0x00 }, // 比
    { 0xe6, 0xaf, 0x95, 0x00, 0x5e, 0x54, 0x54, 0xe0, 0x5e, 0x54, 0x52, 0x00 }, // 毕
    { 0xe6, 0xaf, 0x99, 0x00, 0xde, 0xb4, 0x74, 0x10, 0xfe, 0xd4, 0xb2, 0x00 }, // 毙
    { 0xe6, 0xaf, 0x9b, 0x00, 0x50, 0x54, 0x54, 0xfc, 0xaa, 0xaa, 0xa8, 0x00 }, // 毛
    { 0xe6, 0xaf, 0xa1, 0x00, 0x54, 0xfc, 0xaa, 0x80, 0xf0, 0xde, 0xf4, 0x00 }, // 毡
    { 0xe6, 0xaf, 0xab, 0x00, 0x34, 0x5c, 0x74, 0xf6, 0xf4, 0xdc, 0xb4, 0x00 }, // 毫
    { 0xe6, 0xaf, 0xaf, 0x00, 0x54, 0xfc, 0xaa, 0xd4, 0xd0, 0xae, 0xd4, 0x00 }, // 毯
    { 0xe6, 0xb0, 0x8f, 0x00, 0xfc, 0x94, 0x14, 0x3c, 0x52, 0x92, 0xd0, 0x00 }, // 氏
    { 0xe6, 0xb0, 0x91, 0x00, 0xfe, 0xaa, 0xaa, 0x3a, 0x6a, 0xae, 0xc0, 0x00 }, // 民
    { 0xe6, 0xb0, 0x93, 0x00, 0x7c, 0x46, 0x44, 0xfe, 0xaa, 0x7a, 0xae, 0x00 }, // 氓
    { 0xe6, 0xb0, 0x94, 0x00, 0x08, 0x16, 0x1c, 0x1c, 0x1c, 0x74, 0x84, 0x00 }, // 气
    { 0xe6, 0xb0, 0x9b, 0x00, 0x28, 0x96, 0x5c, 0xdc, 0x3c, 0x74, 0x84, 0x00 }, // 氛
    { 0xe6, 0xb0, 0xa2, 0x00, 0xa4, 0xaa, 0xee, 0x9e, 0xae, 0x7a, 0x82, 0x00 }, // 氢
    { 0xe6, 0xb0, 0xa7, 0x00, 0x44, 0x7a, 0xee, 0x7e, 0x6e, 0x7a, 0x82, 0x00 }, // 氧
    { 0xe6, 0xb0, 0xa8, 0x00, 0xb4, 0xda, 0xbe, 0x5e, 0xbe, 0x7a, 0x82, 0x00 }, // 氨
    { 0xe6, 0xb0, 0xae, 0x00, 0xb4, 0xaa, 0x5e, 0xae, 0xbe, 0x7a, 0x82, 0x00 }, // 氮
    { 0xe6, 0xb0, 0xaf, 0x00, 0xa4, 0x6a, 0xee, 0x7e, 0xae, 0x7a, 0x82, 0x00 }, // 氯
    { 0xe6, 0xb0, 0xb4, 0x00, 0x48, 0x28, 0x98, 0xfe, 0x10, 0x28, 0x44, 0x00 }, // 水
    { 0xe6, 0xb0, 0xb8, 0x00, 0x50, 0x30, 0x8a, 0xfa, 0x20, 0x50, 0x88, 0x00 }, // 永
    { 0xe6, 0xb1, 0x81, 0x00, 0xea, 0x00, 0x08, 0x08, 0xfe, 0x08, 0x08, 0x00 }, // 汁
    { 0xe6, 0xb1, 0x82, 0x00, 0x44, 0x54, 0xa4, 0xfe, 0x24, 0x56, 0x84, 0x00 }, // 求
    { 0xe6, 0xb1, 0x87, 0x00, 0xea, 0x00, 0xfe, 0x82, 0x82, 0x82, 0x82, 0x00 }, // 汇
    { 0xe6, 0xb1, 0x89, 0x00, 0xea, 0x00, 0x82, 0x5a, 0x22, 0x52, 0x8e, 0x00 }, // 汉
    { 0xe6, 0xb1, 0x97, 0x00, 0xea, 0x00, 0x10, 0x12, 0xfe, 0x12, 0x10, 0x00 }, // 汗
    { 0xe6, 0xb1, 0x9b, 0x00, 0xea, 0x00, 0x12, 0xfe, 0x12, 0xfe, 0x80, 0x00 }, // 汛
    { 0xe6, 0xb1, 0x9e, 0x00, 0xa8, 0x6a, 0x8a, 0xfe, 0x2a, 0x4a, 0xa8, 0x00 }, // 汞
    { 0xe6, 0xb1, 0x9f, 0x00, 0xea, 0x00, 0x84, 0x84, 0xfc, 0x84, 0x84, 0x00 }, // 江
    { 0xe6, 0xb1, 0xa0, 0x00, 0xea, 0x00, 0x10, 0xfc, 0x88, 0xbe, 0xd8, 0x00 }, // 池
    { 0xe6, 0xb1, 0xa1, 0x00, 0xea, 0x00, 0x08, 0x3a, 0x2a, 0xaa, 0xe8, 0x00 }, // 污
    { 0xe6, 0xb1, 0xa4, 0x00, 0xea, 0x00, 0x50, 0xb2, 0x5a, 0xb6, 0xf0, 0x00 }, // 汤
    { 0xe6, 0xb1, 0xaa, 0x00, 0xea, 0x00, 0x82, 0x92, 0xfe, 0x92, 0x82, 0x00 }, // 汪
    { 0xe6, 0xb1, 0xb0, 0x00, 0xea, 0x00, 0xc4, 0x34, 0x8e, 0x34, 0xc4, 0x00 }, // 汰
    { 0xe6, 0xb1, 0xb9, 0x00, 0xea, 0x00, 0xfc, 0xa8, 0x90, 0xac, 0xfe, 0x00 }, // 汹
    { 0xe6, 0xb1, 0xbd, 0x00, 0xea, 0x08, 0x16, 0x1c, 0x1c, 0x74, 0x84, 0x00 }, // 汽
    { 0xe6, 0xb2, 0x83, 0x00, 0xea, 0x00, 0x90, 0x94, 0x7c, 0x92, 0x90, 0x00 }, // 沃
    { 0xe6, 0xb2, 0x88, 0x00, 0xea, 0x00, 0x8c, 0x44, 0x3e, 0xf4, 0x8c, 0x00 }, // 沈
    { 0xe6, 0xb2, 0x89, 0x00, 0xea, 0x00, 0x86, 0x7a, 0x0a, 0xfa, 0x86, 0x00 }, // 沉
    { 0xe6, 0xb2, 0x90, 0x00, 0xea, 0x00, 0x44, 0x34, 0xfe, 0x34, 0x44, 0x00 }, // 沐
    { 0xe6, 0xb2, 0x99, 0x00, 0xea, 0x00, 0x10, 0x8c, 0xbe, 0x44, 0x28, 0x00 }, // 沙
    { 0xe6, 0xb2, 0x9b, 0x00, 0xea, 0x00, 0x74, 0x14, 0xfe, 0x14, 0x74, 0x00 }, // 沛
    { 0xe6, 0xb2, 0x9f, 0x00, 0xea, 0x00, 0x68, 0x56, 0x64, 0x84, 0xfc, 0x00 }, // 沟
    { 0xe6, 0xb2, 0xa1, 0x00, 0xea, 0x00, 0x88, 0xb6, 0x52, 0xbe, 0x88, 0x00 }, // 没
    { 0xe6, 0xb2, 0xa5, 0x00, 0xea, 0x80, 0x7e, 0x92, 0x7a, 0x92, 0xf2, 0x00 }, // 沥
    { 0xe6, 0xb2, 0xa6, 0x00, 0xea, 0x00, 0x08, 0xf4, 0xa2, 0x94, 0xc8, 0x00 }, // 沦
    { 0xe6, 0xb2, 0xa7, 0x00, 0xea, 0x00, 0x08, 0xf4, 0x92, 0xb4, 0xc8, 0x00 }, // 沧
    { 0xe6, 0xb2, 0xaa, 0x00, 0xea, 0x00, 0x80, 0x7c, 0x16, 0x14, 0x1c, 0x00 }, // 沪
    { 0xe6, 0xb2, 0xab, 0x00, 0xea, 0x00, 0x84, 0x54, 0xfe, 0x54, 0x84, 0x00 }, // 沫
    { 0xe6, 0xb2, 0xae, 0x00, 0xea, 0x80, 0xfe, 0xaa, 0xaa, 0xfe, 0x80, 0x00 }, // 沮
    { 0xe6, 0xb2, 0xb3, 0x00, 0xea, 0x00, 0x3a, 0x2a, 0x3a, 0x82, 0xfe, 0x00 }, // 河
    { 0xe6, 0xb2, 0xb8, 0x00, 0xea, 0x00, 0xb4, 0x7e, 0x2c, 0xfe, 0x6c, 0x00 }, // 沸
    { 0xe6, 0xb2, 0xb9, 0x00, 0xea, 0x00, 0xfc, 0x94, 0xfe, 0x94, 0xfc, 0x00 }, // 油
    { 0xe6, 0xb2, 0xbb, 0x00, 0xea, 0x00, 0x10, 0xd8, 0xd6, 0xc8, 0x10, 0x00 }, // 治
    { 0xe6, 0xb2, 0xbc, 0x00, 0xea, 0x00, 0x12, 0xea, 0xa6, 0xb2, 0xfe, 0x00 }, // 沼
    { 0xe6, 0xb2, 0xbd, 0x00, 0xea, 0x00, 0x08, 0xe8, 0xbe, 0xe8, 0x08, 0x00 }, // 沽
    { 0xe6, 0xb2, 0xbe, 0x00, 0xea, 0x00, 0xe0, 0xa0, 0xbe, 0xa8, 0xe8, 0x00 }, // 沾
    { 0xe6, 0xb2, 0xbf, 0x00, 0xea, 0x00, 0x10, 0xee, 0xa2, 0xee, 0x08, 0x00 }, // 沿
    { 0xe6, 0xb3, 0x84, 0x00, 0xea, 0x00, 0xfe, 0x88, 0xbe, 0xa8, 0xbe, 0x00 }, // 泄
    { 0xe6, 0xb3, 0x89, 0x00, 0xa0, 0x7c, 0x94, 0xf6, 0x34, 0x5c, 0xa0, 0x00 }, // 泉
    { 0xe6, 0xb3, 0x8a, 0x00, 0xea, 0x00, 0xfc, 0x94, 0x96, 0x94, 0xfc, 0x00 }, // 泊
    { 0xe6, 0xb3, 0x8c, 0x00, 0xea, 0x00, 0xb0, 0x7a, 0xa4, 0x90, 0xac, 0x00 }, // 泌
    { 0xe6, 0xb3, 0x95, 0x00, 0xea, 0x00, 0x90, 0xd4, 0xbe, 0x54, 0x90, 0x00 }, // 法
    { 0xe6, 0xb3, 0x9b, 0x00, 0xea, 0x80, 0x4a, 0x4a, 0xae, 0x9a, 0x80, 0x00 }, // 泛
    { 0xe6, 0xb3, 0x9e, 0x00, 0xea, 0x00, 0x0c, 0x94, 0xf6, 0x14, 0x0c, 0x00 }, // 泞
    { 0xe6, 0xb3, 0xa1, 0x00, 0xea, 0x00, 0x08, 0xf6, 0xb4, 0x84, 0xbc, 0x00 }, // 泡
    { 0xe6, 0xb3, 0xa2, 0x00, 0xea, 0x40, 0xbc, 0xb4, 0x5e, 0xb4, 0x8c, 0x00 }, // 波
    { 0xe6, 0xb3, 0xa3, 0x00, 0xea, 0x00, 0x84, 0xb4, 0xc6, 0xbc, 0x84, 0x00 }, // 泣
    { 0xe6, 0xb3, 0xa5, 0x00, 0xea, 0x80, 0x7e, 0x0a, 0xfa, 0xaa, 0xae, 0x00 }, // 泥
    { 0xe6, 0xb3, 0xa8, 0x00, 0xea, 0x00, 0x88, 0xaa, 0xfc, 0xa8, 0x88, 0x00 }, // 注
    { 0xe6, 0xb3, 0xaa, 0x00, 0xea, 0x00, 0xfe, 0xaa, 0xaa, 0xaa, 0xfe, 0x00 }, // 泪
    { 0xe6, 0xb3, 0xb0, 0x00, 0x90, 0xb4, 0x5c, 0xee, 0x5c, 0xb4, 0x90, 0x00 }, // 泰
    { 0xe6, 0xb3, 0xb3, 0x00, 0xea, 0x50, 0x30, 0x8a, 0xfa, 0x20, 0x50, 0x00 }, // 泳
    { 0xe6, 0xb3, 0xb5, 0x00, 0xaa, 0x66, 0x9e, 0xf6, 0x36, 0x5e, 0xa2, 0x00 }, // 泵
    { 0xe6, 0xb3, 0xbb, 0x00, 0xea, 0x00, 0x26, 0x22, 0xbe, 0xaa, 0xee, 0x00 }, // 泻
    { 0xe6, 0xb3, 0xbc, 0x00, 0xea, 0x00, 0x46, 0xbc, 0x56, 0xb4, 0x86, 0x00 }, // 泼
    { 0xe6, 0xb3, 0xbd, 0x00, 0xea, 0x00, 0x50, 0x56, 0xea, 0x56, 0x50, 0x00 }, // 泽
    { 0xe6, 0xb4, 0x81, 0x00, 0xea, 0x00, 0x04, 0xd4, 0xde, 0xd4, 0x04, 0x00 }, // 洁
    { 0xe6, 0xb4, 0x8b, 0x00, 0xea, 0x00, 0x44, 0x56, 0xfc, 0x56, 0x44, 0x00 }, // 洋
    { 0xe6, 0xb4, 0x92, 0x00, 0xea, 0x00, 0xfa, 0xbe, 0x8a, 0xbe, 0xfa, 0x00 }, // 洒
    { 0xe6, 0xb4, 0x97, 0x00, 0xea, 0x00, 0x98, 0x76, 0x1e, 0xf4, 0x94, 0x00 }, // 洗
    { 0xe6, 0xb4, 0x9b, 0x00, 0xea, 0x00, 0x10, 0xf4, 0xaa, 0xf6, 0x10, 0x00 }, // 洛
    { 0xe6, 0xb4, 0x9e, 0x00, 0xea, 0x00, 0xfe, 0x6a, 0x6a, 0x82, 0xfe, 0x00 }, // 洞
    { 0xe6, 0xb4, 0xa5, 0x00, 0xea, 0x00, 0x54, 0x54, 0xfe, 0x5c, 0x48, 0x00 }, // 津
    { 0xe6, 0xb4, 0xaa, 0x00, 0xea, 0x00, 0xa4, 0x3e, 0x24, 0x3e, 0xa4, 0x00 }, // 洪
    { 0xe6, 0xb4, 0xb2, 0x00, 0xea, 0x98, 0x7e, 0x18, 0xfe, 0x18, 0xfe, 0x00 }, // 洲
    { 0xe6, 0xb4, 0xbb, 0x00, 0xea, 0x00, 0x08, 0xec, 0xbc, 0xea, 0x08, 0x00 }, // 活
    { 0xe6, 0xb4, 0xbc, 0x00, 0xea, 0x00, 0x90, 0xb4, 0xfe, 0xb4, 0x90, 0x00 }, // 洼
    { 0xe6, 0xb4, 0xbd, 0x00, 0xea, 0x00, 0x08, 0xe4, 0xaa, 0xec, 0x08, 0x00 }, // 洽
    { 0xe6, 0xb4, 0xbe, 0x00, 0xea, 0x80, 0x7c, 0xf4, 0x94, 0x6a, 0xa8, 0x00 }, // 派
    { 0xe6, 0xb5, 0x81, 0x00, 0xea, 0x00, 0x94, 0x7c, 0xf6, 0x0c, 0xd4, 0x00 }, // 流
    { 0xe6, 0xb5, 0x85, 0x00, 0xea, 0x00, 0x94, 0x94, 0xbe, 0x54, 0xa6, 0x00 }, // 浅
    { 0xe6, 0xb5, 0x86, 0x00, 0x92, 0xa8, 0x7e, 0xe0, 0x54, 0xaa, 0x86, 0x00 }, // 浆
    { 0xe6, 0xb5, 0x87, 0x00, 0xea, 0x00, 0xa4, 0x74, 0x36, 0xec, 0xb4, 0x00 }, // 浇
    { 0xe6, 0xb5, 0x8a, 0x00, 0xea, 0x00, 0x9c, 0x94, 0xfe, 0x94, 0xdc, 0x00 }, // 浊
    { 0xe6, 0xb5, 0x8b, 0x00, 0xea, 0x00, 0xbe, 0x7a, 0xbe, 0x1c, 0xfe, 0x00 }, // 测
    { 0xe6, 0xb5, 0x8e, 0x00, 0xea, 0x00, 0xa4, 0x6c, 0x16, 0xec, 0x24, 0x00 }, // 济
    { 0xe6, 0xb5, 0x91, 0x00, 0xea, 0x00, 0x4e, 0x7a, 0xee, 0x6a, 0x4e, 0x00 }, // 浑
    { 0xe6, 0xb5, 0x93, 0x00, 0xea, 0x00, 0x2c, 0xf4, 0x9e, 0x64, 0xac, 0x00 }, // 浓
    { 0xe6, 0xb5, 0x99, 0x00, 0xea, 0x00, 0xa4, 0xfe, 0x7c, 0x14, 0xf2, 0x00 }, // 浙
    { 0xe6, 0xb5, 0xa6, 0x00, 0xea, 0x00, 0xf4, 0x54, 0xfe, 0x54, 0xf6, 0x00 }, // 浦
    { 0xe6, 0xb5, 0xa9, 0x00, 0xea, 0x00, 0x18, 0xd6, 0xde, 0xd4, 0x10, 0x00 }, // 浩
    { 0xe6, 0xb5, 0xaa, 0x00, 0xea, 0x00, 0xfc, 0x94, 0x36, 0x5c, 0xa0, 0x00 }, // 浪
    { 0xe6, 0xb5, 0xae, 0x00, 0xea, 0x00, 0x24, 0xac, 0xec, 0x3a, 0x26, 0x00 }, // 浮
    { 0xe6, 0xb5, 0xb4, 0x00, 0xea, 0x00, 0x24, 0xd2, 0xc8, 0xd2, 0x24, 0x00 }, // 浴
    { 0xe6, 0xb5, 0xb7, 0x00, 0xea, 0x10, 0x76, 0x7c, 0xdc, 0xfc, 0x54, 0x00 }, // 海
    { 0xe6, 0xb5, 0xb8, 0x00, 0xea, 0x00, 0xb0, 0xba, 0x5a, 0xbe, 0xb0, 0x00 }, // 浸
    { 0xe6, 0xb6, 0x82, 0x00, 0xea, 0x00, 0xa8, 0x2c, 0xfa, 0x2c, 0xa8, 0x00 }, // 涂
    { 0xe6, 0xb6, 0x88, 0x00, 0xea, 0x00, 0xfa, 0x28, 0x2e, 0xa8, 0xfa, 0x00 }, // 消
    { 0xe6, 0xb6, 0x89, 0x00, 0xea, 0x10, 0xbc, 0x90, 0xfe, 0x54, 0x30, 0x00 }, // 涉
    { 0xe6, 0xb6, 0x8c, 0x00, 0xea, 0x00, 0xfa, 0x2a, 0xfa, 0x2e, 0xfa, 0x00 }, // 涌
    { 0xe6, 0xb6, 0x8e, 0x00, 0xea, 0x00, 0xaa, 0x76, 0xa4, 0xbc, 0xaa, 0x00 }, // 涎
    { 0xe6, 0xb6, 0x95, 0x00, 0xea, 0x00, 0xb4, 0x56, 0xfc, 0x56, 0xdc, 0x00 }, // 涕
    { 0xe6, 0xb6, 0x9b, 0x00, 0xea, 0x80, 0x48, 0xbc, 0x2e, 0xfc, 0x28, 0x00 }, // 涛
    { 0xe6, 0xb6, 0x9d, 0x00, 0xea, 0x00, 0x8c, 0xa6, 0x74, 0xa6, 0xec, 0x00 }, // 涝
    { 0xe6, 0xb6, 0xa1, 0x00, 0xea, 0x00, 0xe0, 0xae, 0x7a, 0xae, 0xe0, 0x00 }, // 涡
    { 0xe6, 0xb6, 0xa3, 0x00, 0xea, 0x00, 0xb8, 0xac, 0x7a, 0xae, 0xb8, 0x00 }, // 涣
    { 0xe6, 0xb6, 0xa4, 0x00, 0xea, 0x00, 0xa0, 0x74, 0xea, 0x76, 0xa0, 0x00 }, // 涤
    { 0xe6, 0xb6, 0xa6, 0x00, 0xea, 0xfa, 0x00, 0xaa, 0xfa, 0xaa, 0xfe, 0x00 }, // 润
    { 0xe6, 0xb6, 0xa7, 0x00, 0xea, 0x00, 0xfa, 0x00, 0x7a, 0x7a, 0xfe, 0x00 }, // 涧
    { 0xe6, 0xb6, 0xa8, 0x00, 0xea, 0x00, 0xba, 0xee, 0xfe, 0x54, 0x92, 0x00 }, // 涨
    { 0xe6, 0xb6, 0xa9, 0x00, 0xea, 0x00, 0xd2, 0x96, 0xea, 0xb6, 0x9e, 0x00 }, // 涩
    { 0xe6, 0xb6, 0xae, 0x00, 0xea, 0x80, 0x7e, 0xfa, 0x6e, 0x80, 0xfe, 0x00 }, // 涮
    { 0xe6, 0xb6, 0xaf, 0x00, 0xea, 0x80, 0x7e, 0x82, 0xaa, 0xfe, 0xaa, 0x00 }, // 涯
    { 0xe6, 0xb6, 0xb2, 0x00, 0xea, 0x00, 0x24, 0xfc, 0xa6, 0x54, 0xb4, 0x00 }, // 液
    { 0xe6, 0xb6, 0xb5, 0x00, 0xea, 0x00, 0xfa, 0xb2, 0xfa, 0xb6, 0xfa, 0x00 }, // 涵
    { 0xe6, 0xb7, 0x80, 0x00, 0xea, 0x00, 0x8c, 0x64, 0x8c, 0xfe, 0xac, 0x00 }, // 淀
    { 0xe6, 0xb7, 0x86, 0x00, 0xea, 0x50, 0x32, 0xfa, 0x54, 0xfa, 0x10, 0x00 }, // 淆
    { 0xe6, 0xb7, 0x8b, 0x00, 0xea, 0x44, 0x34, 0xfe, 0x34, 0xfe, 0x24, 0x00 }, // 淋
    { 0xe6, 0xb7, 0x8c, 0x00, 0xea, 0x00, 0xfa, 0x08, 0x6e, 0x68, 0xfa, 0x00 }, // 淌
    { 0xe6, 0xb7, 0x91, 0x00, 0xea, 0x50, 0xfe, 0x54, 0x9a, 0x62, 0x9e, 0x00 }, // 淑
    { 0xe6, 0xb7, 0x98, 0x00, 0xea, 0x00, 0xc8, 0x96, 0xfc, 0xd4, 0xfc, 0x00 }, // 淘
    { 0xe6, 0xb7, 0xa1, 0x00, 0xea, 0x00, 0xaa, 0x44, 0x32, 0x44, 0xaa, 0x00 }, // 淡
    { 0xe6, 0xb7, 0xa4, 0x00, 0xea, 0x44, 0x3c, 0x96, 0xf4, 0x52, 0xa4, 0x00 }, // 淤
    { 0xe6, 0xb7, 0xab, 0x00, 0xea, 0x00, 0xac, 0xa4, 0xec, 0xa2, 0xaa, 0x00 }, // 淫
    { 0xe6, 0xb7, 0xae, 0x00, 0xea, 0x00, 0x08, 0xfe, 0x94, 0xfe, 0x94, 0x00 }, // 淮
    { 0xe6, 0xb7, 0xb1, 0x00, 0xea, 0x00, 0xb6, 0x6a, 0xf2, 0x6a, 0xb6, 0x00 }, // 深
    { 0xe6, 0xb7, 0xb3, 0x00, 0xea, 0x00, 0x44, 0x5c, 0xd6, 0x7c, 0x44, 0x00 }, // 淳
    { 0xe6, 0xb7, 0xb7, 0x00, 0xea, 0x00, 0xfe, 0xaa, 0x0a, 0xfa, 0xae, 0x00 }, // 混
    { 0xe6, 0xb7, 0xb9, 0x00, 0xea, 0x00, 0x14, 0x6c, 0x76, 0xec, 0x94, 0x00 }, // 淹
    { 0xe6, 0xb7, 0xbb, 0x00, 0xea, 0x00, 0xa8, 0x1a, 0xce, 0x1a, 0xa8, 0x00 }, // 添
    { 0xe6, 0xb8, 0x85, 0x00, 0xea, 0x00, 0x10, 0xf4, 0x5e, 0xf4, 0x10, 0x00 }, // 清
    { 0xe6, 0xb8, 0x8a, 0x00, 0xea, 0x80, 0x7e, 0x54, 0xfe, 0x54, 0xfe, 0x00 }, // 渊
    { 0xe6, 0xb8, 0x90, 0x00, 0xea, 0x00, 0x5c, 0xf6, 0x7c, 0x14, 0xf2, 0x00 }, // 渐
    { 0xe6, 0xb8, 0x94, 0x00, 0xea, 0x00, 0x84, 0xbc, 0xba, 0xae, 0xb8, 0x00 }, // 渔
    { 0xe6, 0xb8, 0x97, 0x00, 0xea, 0x00, 0x28, 0x9c, 0xaa, 0x54, 0x28, 0x00 }, // 渗
    { 0xe6, 0xb8, 0xa0, 0x00, 0xaa, 0xa0, 0x7e, 0xf6, 0x76, 0xbe, 0xb2, 0x00 }, // 渠
    { 0xe6, 0xb8, 0xa1, 0x00, 0xea, 0x80, 0x7c, 0x94, 0xbe, 0x5c, 0xb4, 0x00 }, // 渡
    { 0xe6, 0xb8, 0xa3, 0x00, 0xea, 0x00, 0x94, 0xec, 0xfe, 0xec, 0x94, 0x00 }, // 渣
    { 0xe6, 0xb8, 0xa4, 0x00, 0xea, 0x18, 0x4c, 0xee, 0x5c, 0x3e, 0xfc, 0x00 }, // 渤
    { 0xe6, 0xb8, 0xa9, 0x00, 0xea, 0x80, 0xee, 0xaa, 0xea, 0xee, 0x80, 0x00 }, // 温
    { 0xe6, 0xb8, 0xaf, 0x00, 0xea, 0x50, 0x34, 0xde, 0xb4, 0x9e, 0x34, 0x00 }, // 港
    { 0xe6, 0xb8, 0xb4, 0x00, 0xea, 0x00, 0x20, 0x7e, 0x5a, 0x9e, 0xf0, 0x00 }, // 渴
    { 0xe6, 0xb8, 0xb8, 0x00, 0xea, 0x24, 0x9e, 0xf4, 0x4e, 0xec, 0x5c, 0x00 }, // 游
    { 0xe6, 0xb8, 0xba, 0x00, 0xea, 0x00, 0xfe, 0xaa, 0xfe, 0x8c, 0x5e, 0x00 }, // 渺
    { 0xe6, 0xb9, 0x83, 0x00, 0xea, 0x00, 0x94, 0x7c, 0x2a, 0xfe, 0x2a, 0x00 }, // 湃
    { 0xe6, 0xb9, 0x96, 0x00, 0xea, 0x74, 0x5e, 0x74, 0xfe, 0x2a, 0xfe, 0x00 }, // 湖
    { 0xe6, 0xb9, 0x98, 0x00, 0xea, 0x34, 0xfe, 0x14, 0xfe, 0xaa, 0xfe, 0x00 }, // 湘
    { 0xe6, 0xb9, 0xbe, 0x00, 0xea, 0x00, 0x14, 0x7c, 0x66, 0x7c, 0xd4, 0x00 }, // 湾
    { 0xe6, 0xb9, 0xbf, 0x00, 0xea, 0x00, 0xae, 0xfa, 0x8a, 0xfa, 0xae, 0x00 }, // 湿
    { 0xe6, 0xba, 0x83, 0x00, 0xea, 0x10, 0xbc, 0x94, 0x5e, 0x14, 0xbc, 0x00 }, // 溃
    { 0xe6, 0xba, 0x85, 0x00, 0xea, 0x00, 0xbe, 0x7e, 0x94, 0x7e, 0xb4, 0x00 }, // 溅
    { 0xe6, 0xba, 0x89, 0x00, 0xea, 0x00, 0x7c, 0x5c, 0x92, 0x7e, 0x9e, 0x00 }, // 溉
    { 0xe6, 0xba, 0x90, 0x00, 0xea, 0x80, 0x7e, 0x42, 0x9a, 0xfe, 0x5a, 0x00 }, // 源
    { 0xe6, 0xba, 0x9c, 0x00, 0xea, 0x00, 0x1c, 0xf4, 0xf2, 0xee, 0x1e, 0x00 }, // 溜
    { 0xe6, 0xba, 0xa2, 0x00, 0xea, 0x00, 0x94, 0xee, 0xe4, 0xee, 0x94, 0x00 }, // 溢
    { 0xe6, 0xba, 0xaa, 0x00, 0xea, 0x00, 0xa4, 0xac, 0x74, 0xa2, 0xa6, 0x00 }, // 溪
    { 0xe6, 0xba, 0xaf, 0x00, 0xea, 0x34, 0xa6, 0x7c, 0x7e, 0x2a, 0xfe, 0x00 }, // 溯
    { 0xe6, 0xba, 0xb6, 0x00, 0xea, 0x00, 0x4c, 0x2c, 0xd6, 0xec, 0x4c, 0x00 }, // 溶
    { 0xe6, 0xba, 0xba, 0x00, 0xea, 0x40, 0xba, 0xee, 0x40, 0xba, 0xee, 0x00 }, // 溺
    { 0xe6, 0xbb, 0x8b, 0x00, 0xea, 0x00, 0xd4, 0xae, 0x04, 0xd6, 0xac, 0x00 }, // 滋
    { 0xe6, 0xbb, 0x91, 0x00, 0xea, 0x00, 0x18, 0xee, 0x6a, 0xee, 0x18, 0x00 }, // 滑
    { 0xe6, 0xbb, 0x93, 0x00, 0xea, 0x4c, 0x54, 0x74, 0xde, 0x74, 0x5c, 0x00 }, // 滓
    { 0xe6, 0xbb, 0x94, 0x00, 0xea, 0x00, 0xe4, 0xd4, 0x84, 0xd2, 0xf6, 0x00 }, // 滔
    { 0xe6, 0xbb, 0x9a, 0x00, 0xea, 0x04, 0x54, 0xec, 0xb6, 0x6c, 0x94, 0x00 }, // 滚
    { 0xe6, 0xbb, 0x9e, 0x00, 0xea, 0x00, 0x34, 0xde, 0x74, 0xde, 0x34, 0x00 }, // 滞
    { 0xe6, 0xbb, 0xa1, 0x00, 0xea, 0x00, 0xf4, 0x5e, 0xf4, 0x5e, 0xf4, 0x00 }, // 满
    { 0xe6, 0xbb, 0xa4, 0x00, 0xea, 0x80, 0x78, 0xc8, 0x5e, 0x94, 0xd4, 0x00 }, // 滤
    { 0xe6, 0xbb, 0xa5, 0x00, 0xea, 0x00, 0x8c, 0xde, 0xc8, 0xc6, 0x94, 0x00 }, // 滥
    { 0xe6, 0xbb, 0xa8, 0x00, 0xea, 0x00, 0xa4, 0x3c, 0x2e, 0x3c, 0xac, 0x00 }, // 滨
    { 0xe6, 0xbb, 0xa9, 0x00, 0xea, 0x5c, 0x24, 0x5c, 0xfe, 0xfc, 0x96, 0x00 }, // 滩
    { 0xe6, 0xbb, 0xb4, 0x00, 0xea, 0x00, 0xf4, 0xdc, 0xb6, 0xdc, 0xf4, 0x00 }, // 滴
    { 0xe6, 0xbc, 0x82, 0x00, 0xea, 0x00, 0xa2, 0x2e, 0xee, 0x2e, 0xa2, 0x00 }, // 漂
    { 0xe6, 0xbc, 0x86, 0x00, 0xea, 0x80, 0x54, 0xac, 0xfe, 0x6c, 0x94, 0x00 }, // 漆
    { 0xe6, 0xbc, 0x8f, 0x00, 0xea, 0x40, 0x3e, 0xd6, 0xf6, 0x56, 0xd6, 0x00 }, // 漏
    { 0xe6, 0xbc, 0x93, 0x00, 0xea, 0x00, 0xe4, 0xbc, 0xf6, 0x7c, 0xe4, 0x00 }, // 漓
    { 0xe6, 0xbc, 0x94, 0x00, 0xea, 0x00, 0xac, 0x54, 0x76, 0x54, 0xac, 0x00 }, // 演
    { 0xe6, 0xbc, 0xa0, 0x00, 0xea, 0x00, 0xa4, 0xbe, 0x6c, 0xbe, 0xa4, 0x00 }, // 漠
    { 0xe6, 0xbc, 0xa9, 0x00, 0xea, 0x44, 0x3c, 0x96, 0xf4, 0x6a, 0xbc, 0x00 }, // 漩
    { 0xe6, 0xbc, 0xab, 0x00, 0xea, 0x00, 0x98, 0xbe, 0x5a, 0xbe, 0x98, 0x00 }, // 漫
    { 0xe6, 0xbc, 0xb1, 0x00, 0xea, 0x84, 0x5c, 0xfe, 0x9c, 0x76, 0x8c, 0x00 }, // 漱
    { 0xe6, 0xbc, 0xbe, 0x00, 0xea, 0x00, 0xa4, 0x6e, 0xfc, 0x4e, 0xa4, 0x00 }, // 漾
    { 0xe6, 0xbd, 0x98, 0x00, 0xea, 0x00, 0x2a, 0xde, 0xfa, 0xde, 0x2a, 0x00 }, // 潘
    { 0xe6, 0xbd, 0x9c, 0x00, 0xea, 0x00, 0x14, 0xee, 0xb4, 0xee, 0x14, 0x00 }, // 潜
    { 0xe6, 0xbd, 0xa6, 0x00, 0xea, 0x00, 0x94, 0x3c, 0xd6, 0x3c, 0x94, 0x00 }, // 潦
    { 0xe6, 0xbd, 0xad, 0x00, 0xea, 0x00, 0x42, 0x76, 0xd6, 0x76, 0x42, 0x00 }, // 潭
    { 0xe6, 0xbd, 0xae, 0x00, 0xea, 0x00, 0x5a, 0xfe, 0x7e, 0x2a, 0xfe, 0x00 }, // 潮
    { 0xe6, 0xbe, 0x84, 0x00, 0xca, 0x20, 0x8a, 0xb6, 0xd2, 0xb4, 0x8a, 0x00 }, // 澄
    { 0xe6, 0xbe, 0x88, 0x00, 0xea, 0x14, 0xfc, 0x56, 0xec, 0x7e, 0xbc, 0x00 }, // 澈
    { 0xe6, 0xbe, 0x8e, 0x00, 0xea, 0x00, 0xb4, 0xde, 0xb4, 0x94, 0x4a, 0x00 }, // 澎
    { 0xe6, 0xbe, 0x9c, 0x00, 0xea, 0x00, 0xfa, 0x58, 0xfe, 0x5a, 0xfe, 0x00 }, // 澜
    { 0xe6, 0xbe, 0xa1, 0x00, 0xea, 0x00, 0xb8, 0x6e, 0xfa, 0x6e, 0xb8, 0x00 }, // 澡
    { 0xe6, 0xbe, 0xb3, 0x00, 0xea, 0x00, 0xa0, 0xbc, 0x76, 0xac, 0xbc, 0x00 }, // 澳
    { 0xe6, 0xbf, 0x80, 0x00, 0xea, 0x90, 0x5c, 0xbe, 0xf8, 0x46, 0xbc, 0x00 }, // 激
    { 0xe6, 0xbf, 0x92, 0x00, 0xea, 0x90, 0xbe, 0x54, 0xba, 0x6e, 0xba, 0x00 }, // 濒
    { 0xe7, 0x80, 0x91, 0x00, 0xea, 0x00, 0xb6, 0x5e, 0xf6, 0x5e, 0xb6, 0x00 }, // 瀑
    { 0xe7, 0x81, 0x8c, 0x00, 0xea, 0x00, 0x4c, 0xfe, 0xa4, 0xfe, 0xac, 0x00 }, // 灌
    { 0xe7, 0x81, 0xab, 0x00, 0x80, 0x98, 0x40, 0x3e, 0x50, 0x88, 0x80, 0x00 }, // 火
    { 0xe7, 0x81, 0xad, 0x00, 0x82, 0x9a, 0x42, 0x3e, 0x52, 0x8a, 0x82, 0x00 }, // 灭
    { 0xe7, 0x81, 0xaf, 0x00, 0x98, 0x7e, 0x48, 0x02, 0x82, 0xfe, 0x02, 0x00 }, // 灯
    { 0xe7, 0x81, 0xb0, 0x00, 0x84, 0x7e, 0x94, 0x44, 0x3c, 0x44, 0xb4, 0x00 }, // 灰
    { 0xe7, 0x81, 0xb5, 0x00, 0x80, 0xaa, 0x4a, 0x3a, 0x4a, 0xae, 0x80, 0x00 }, // 灵
    { 0xe7, 0x81, 0xb6, 0x00, 0x98, 0x7e, 0x48, 0x80, 0x88, 0xfe, 0x88, 0x00 }, // 灶
    { 0xe7, 0x81, 0xb8, 0x00, 0x90, 0xb4, 0x52, 0x2a, 0x4a, 0xb6, 0x90, 0x00 }, // 灸
    { 0xe7, 0x81, 0xbc, 0x00, 0x98, 0x7e, 0x48, 0x16, 0x24, 0x84, 0xfc, 0x00 }, // 灼
    { 0xe7, 0x81, 0xbe, 0x00, 0x8c, 0xa4, 0x44, 0x36, 0x44, 0xa4, 0x8c, 0x00 }, // 灾
    { 0xe7, 0x81, 0xbf, 0x00, 0x98, 0x7e, 0xf8, 0x80, 0xfe, 0x80, 0xf8, 0x00 }, // 灿
    { 0xe7, 0x82, 0x89, 0x00, 0x98, 0x7e, 0x80, 0x7c, 0x14, 0x16, 0x1c, 0x00 }, // 炉
    { 0xe7, 0x82, 0x8a, 0x00, 0x98, 0x7e, 0x88, 0x46, 0x3c, 0x44, 0x8c, 0x00 }, // 炊
    { 0xe7, 0x82, 0x8e, 0x00, 0x90, 0xb4, 0x48, 0x26, 0x48, 0xb4, 0x90, 0x00 }, // 炎
    { 0xe7, 0x82, 0x92, 0x00, 0x98, 0x7e, 0x48, 0x8c, 0xbe, 0x44, 0x28, 0x00 }, // 炒
    { 0xe7, 0x82, 0x95, 0x00, 0x98, 0x7e, 0x84, 0x74, 0x16, 0xf4, 0x84, 0x00 }, // 炕
    { 0xe7, 0x82, 0xab, 0x00, 0x98, 0x7e, 0x48, 0x94, 0xdc, 0xb6, 0xcc, 0x00 }, // 炫
    { 0xe7, 0x82, 0xac, 0x00, 0x98, 0x7e, 0x48, 0xfe, 0xaa, 0xaa, 0xba, 0x00 }, // 炬
    { 0xe7, 0x82, 0xad, 0x00, 0x96, 0x7c, 0xb4, 0x96, 0x74, 0x94, 0xb6, 0x00 }, // 炭
    { 0xe7, 0x82, 0xae, 0x00, 0x98, 0x7e, 0x48, 0x08, 0xf6, 0xb4, 0xbc, 0x00 }, // 炮
    { 0xe7, 0x82, 0xb8, 0x00, 0x98, 0x7e, 0x48, 0x06, 0xfc, 0x54, 0x54, 0x00 }, // 炸
    { 0xe7, 0x82, 0xb9, 0x00, 0x80, 0x30, 0xb0, 0x3e, 0xb4, 0x34, 0x80, 0x00 }, // 点
    { 0xe7, 0x82, 0xbc, 0x00, 0x98, 0x7e, 0x54, 0x9c, 0xfe, 0x14, 0x54, 0x00 }, // 炼
    { 0xe7, 0x83, 0x81, 0x00, 0x98, 0x7e, 0x5c, 0x94, 0xfc, 0x12, 0x50, 0x00 }, // 烁
    { 0xe7, 0x83, 0x82, 0x00, 0x98, 0x7e, 0x88, 0xaa, 0xa8, 0xac, 0x8a, 0x00 }, // 烂
    { 0xe7, 0x83, 0x88, 0x00, 0x92, 0x2e, 0x9a, 0x02, 0x8c, 0x20, 0xbe, 0x00 }, // 烈
    { 0xe7, 0x83, 0x98, 0x00, 0x98, 0x7e, 0xa4, 0x3e, 0x24, 0x3e, 0xa4, 0x00 }, // 烘
    { 0xe7, 0x83, 0x99, 0x00, 0x98, 0x7e, 0x10, 0xf4, 0xaa, 0xf6, 0x10, 0x00 }, // 烙
    { 0xe7, 0x83, 0x9b, 0x00, 0x98, 0x7e, 0x48, 0x9c, 0xfe, 0x94, 0xdc, 0x00 }, // 烛
    { 0xe7, 0x83, 0x9f, 0x00, 0x98, 0x7e, 0xfe, 0xaa, 0x9e, 0xaa, 0xfe, 0x00 }, // 烟
    { 0xe7, 0x83, 0xa4, 0x00, 0x98, 0x7e, 0x50, 0x34, 0x7e, 0x54, 0xd2, 0x00 }, // 烤
    { 0xe7, 0x83, 0xa6, 0x00, 0x98, 0x7e, 0x48, 0xba, 0x6e, 0x0a, 0xba, 0x00 }, // 烦
    { 0xe7, 0x83, 0xa7, 0x00, 0x98, 0x7e, 0xa4, 0x74, 0x36, 0xec, 0xb4, 0x00 }, // 烧
    { 0xe7, 0x83, 0xab, 0x00, 0xaa, 0xc0, 0xa8, 0x5a, 0xaa, 0xde, 0xb8, 0x00 }, // 烫
    { 0xe7, 0x83, 0xad, 0x00, 0x94, 0x3e, 0xa4, 0x1c, 0x96, 0x3c, 0xa0, 0x00 }, // 热
    { 0xe7, 0x83, 0xb9, 0x00, 0x84, 0x1c, 0x94, 0x16, 0xb4, 0x1c, 0x84, 0x00 }, // 烹
    { 0xe7, 0x84, 0x8a, 0x00, 0x98, 0x7e, 0x50, 0x5e, 0xfa, 0x5e, 0x50, 0x00 }, // 焊
    { 0xe7, 0x84, 0x95, 0x00, 0x98, 0x7e, 0xb8, 0xac, 0x7a, 0xae, 0xb8, 0x00 }, // 焕
    { 0xe7, 0x84, 0x99, 0x00, 0x98, 0x7e, 0x14, 0xfc, 0xb6, 0xfc, 0x14, 0x00 }, // 焙
    { 0xe7, 0x84, 0x9a, 0x00, 0x94, 0xac, 0x5e, 0x34, 0x4c, 0xbe, 0x94, 0x00 }, // 焚
    { 0xe7, 0x84, 0xa6, 0x00, 0x90, 0x08, 0xbe, 0x2c, 0xbe, 0x2c, 0xa4, 0x00 }, // 焦
    { 0xe7, 0x84, 0xb0, 0x00, 0x98, 0x7e, 0xe8, 0xd4, 0x82, 0xda, 0xf6, 0x00 }, // 焰
    { 0xe7, 0x84, 0xb6, 0x00, 0xa8, 0x26, 0x9a, 0x0e, 0xa4, 0x1e, 0xa4, 0x00 }, // 然
    { 0xe7, 0x85, 0x8c, 0x00, 0x98, 0x7e, 0xa0, 0xbc, 0xf6, 0xbc, 0xa0, 0x00 }, // 煌
    { 0xe7, 0x85, 0x8e, 0x00, 0x84, 0x3e, 0x94, 0x3c, 0x84, 0x3e, 0x84, 0x00 }, // 煎
    { 0xe7, 0x85, 0x9e, 0x00, 0xa4, 0x2a, 0xae, 0x38, 0xa8, 0x16, 0xac, 0x00 }, // 煞
    { 0xe7, 0x85, 0xa4, 0x00, 0x98, 0x7e, 0xa4, 0x7e, 0xf4, 0x7e, 0xa4, 0x00 }, // 煤
    { 0xe7, 0x85, 0xa7, 0x00, 0xbe, 0x2a, 0xbe, 0x0a, 0xb6, 0x32, 0xbe, 0x00 }, // 照
    { 0xe7, 0x85, 0xae, 0x00, 0x90, 0x34, 0x94, 0x3e, 0xbc, 0x36, 0x90, 0x00 }, // 煮
    { 0xe7, 0x86, 0x84, 0x00, 0x98, 0x7e, 0xc0, 0x5c, 0x9e, 0x9c, 0xc0, 0x00 }, // 熄
    { 0xe7, 0x86, 0x8a, 0x00, 0x84, 0x3e, 0x94, 0x3e, 0x80, 0x36, 0xa4, 0x00 }, // 熊
    { 0xe7, 0x86, 0x8f, 0x00, 0xa4, 0x3c, 0xbe, 0x3e, 0xbe, 0x3c, 0xa4, 0x00 }, // 熏
    { 0xe7, 0x86, 0x94, 0x00, 0x98, 0x7e, 0x4c, 0x2c, 0xd6, 0xec, 0x4c, 0x00 }, // 熔
    { 0xe7, 0x86, 0x99, 0x00, 0xbe, 0x2a, 0xb6, 0x2a, 0x80, 0x3e, 0xae, 0x00 }, // 熙
    { 0xe7, 0x86, 0x9f, 0x00, 0xa4, 0x1c, 0xb6, 0x1c, 0xbe, 0x3c, 0xa0, 0x00 }, // 熟
    { 0xe7, 0x86, 0xac, 0x00, 0xa8, 0x1c, 0xbe, 0x0c, 0xa8, 0x16, 0xac, 0x00 }, // 熬
    { 0xe7, 0x87, 0x83, 0x00, 0x98, 0x7e, 0xa8, 0x16, 0xac, 0x1e, 0xa4, 0x00 }, // 燃
    { 0xe7, 0x87, 0x8e, 0x00, 0x98, 0x7e, 0x94, 0x3c, 0xd6, 0x3c, 0x94, 0x00 }, // 燎
    { 0xe7, 0x87, 0x95, 0x00, 0xac, 0x3c, 0x86, 0x3c, 0xae, 0x3c, 0xac, 0x00 }, // 燕
    { 0xe7, 0x87, 0xa5, 0x00, 0x98, 0x7e, 0xb8, 0x6e, 0xfa, 0x6e, 0xb8, 0x00 }, // 燥
    { 0xe7, 0x88, 0x86, 0x00, 0x98, 0x7e, 0xb6, 0x5e, 0xf6, 0x5e, 0xb6, 0x00 }, // 爆
    { 0xe7, 0x88, 0xaa, 0x00, 0x80, 0x7c, 0x04, 0xfc, 0x02, 0x7a, 0x80, 0x00 }, // 爪
    { 0xe7, 0x88, 0xac, 0x00, 0x80, 0x7c, 0xfc, 0x7a, 0x80, 0xbc, 0xac, 0x00 }, // 爬
    { 0xe7, 0x88, 0xb1, 0x00, 0x9a, 0x4e, 0xaa, 0x5e, 0x5a, 0xbe, 0x9a, 0x00 }, // 爱
    { 0xe7, 0x88, 0xb5, 0x00, 0xfa, 0xbe, 0xba, 0xde, 0x1a, 0xbe, 0xfa, 0x00 }, // 爵
    { 0xe7, 0x88, 0xb6, 0x00, 0x84, 0x84, 0x5a, 0x20, 0x5a, 0x84, 0x84, 0x00 }, // 父
    { 0xe7, 0x88, 0xb7, 0x00, 0x14, 0x34, 0x2a, 0xe8, 0x2a, 0x74, 0x14, 0x00 }, // 爷
    { 0xe7, 0x88, 0xb8, 0x00, 0x14, 0x74, 0xaa, 0xb8, 0xaa, 0xb4, 0xd4, 0x00 }, // 爸
    { 0xe7, 0x88, 0xb9, 0x00, 0x94, 0xb4, 0xaa, 0x58, 0x5a, 0x34, 0x14, 0x00 }, // 爹
    { 0xe7, 0x88, 0xbd, 0x00, 0x84, 0xac, 0x54, 0x3e, 0x54, 0xac, 0x84, 0x00 }, // 爽
    { 0xe7, 0x89, 0x87, 0x00, 0x80, 0x7e, 0x28, 0x28, 0x2e, 0xe8, 0x08, 0x00 }, // 片
    { 0xe7, 0x89, 0x88, 0x00, 0xfe, 0x28, 0xee, 0x40, 0xbc, 0x54, 0xb2, 0x00 }, // 版
    { 0xe7, 0x89, 0x8c, 0x00, 0xfe, 0x28, 0xee, 0x5c, 0x7e, 0xf4, 0x5c, 0x00 }, // 牌
    { 0xe7, 0x89, 0x8d, 0x00, 0xfe, 0x28, 0xee, 0xba, 0x7e, 0x2a, 0xb8, 0x00 }, // 牍
    { 0xe7, 0x89, 0x99, 0x00, 0x5a, 0x56, 0x32, 0x92, 0xfe, 0x12, 0x10, 0x00 }, // 牙
    { 0xe7, 0x89, 0x9b, 0x00, 0x28, 0x26, 0x24, 0xfe, 0x24, 0x24, 0x20, 0x00 }, // 牛
    { 0xe7, 0x89, 0xa1, 0x00, 0x28, 0x26, 0xfe, 0x14, 0x88, 0xfe, 0x88, 0x00 }, // 牡
    { 0xe7, 0x89, 0xa2, 0x00, 0x6c, 0x5c, 0x54, 0xfe, 0x54, 0x54, 0x4c, 0x00 }, // 牢
    { 0xe7, 0x89, 0xa7, 0x00, 0x2e, 0xfe, 0x88, 0xbe, 0x44, 0xbc, 0x84, 0x00 }, // 牧
    { 0xe7, 0x89, 0xa9, 0x00, 0x2e, 0xfe, 0x48, 0xa6, 0x5c, 0xbc, 0xfc, 0x00 }, // 物
    { 0xe7, 0x89, 0xb2, 0x00, 0x2e, 0xfe, 0x88, 0xa6, 0xfe, 0xa4, 0x84, 0x00 }, // 牲
    { 0xe7, 0x89, 0xb5, 0x00, 0x34, 0x54, 0x7c, 0xf6, 0x74, 0x5c, 0x34, 0x00 }, // 牵
    { 0xe7, 0x89, 0xb9, 0x00, 0x2e, 0xfe, 0x50, 0xd4, 0x5e, 0xf4, 0x50, 0x00 }, // 特
    { 0xe7, 0x89, 0xba, 0x00, 0x2e, 0xfe, 0xfa, 0xbe, 0x8a, 0xbe, 0xfa, 0x00 }, // 牺
    { 0xe7, 0x8a, 0x80, 0x00, 0x80, 0x7e, 0x56, 0x76, 0x66, 0xfe, 0x56, 0x00 }, // 犀
    { 0xe7, 0x8a, 0x81, 0x00, 0x54, 0x4e, 0x7e, 0xf4, 0x6e, 0x60, 0x5e, 0x00 }, // 犁
    { 0xe7, 0x8a, 0xac, 0x00, 0x88, 0x88, 0x48, 0x3e, 0x48, 0x8a, 0x88, 0x00 }, // 犬
    { 0xe7, 0x8a, 0xaf, 0x00, 0xaa, 0x94, 0x7a, 0xfe, 0x82, 0x92, 0xde, 0x00 }, // 犯
    { 0xe7, 0x8a, 0xb6, 0x00, 0x28, 0xfe, 0x88, 0x48, 0x3e, 0x48, 0x8a, 0x00 }, // 状
    { 0xe7, 0x8a, 0xb9, 0x00, 0xaa, 0x94, 0x7a, 0x84, 0x7e, 0xf4, 0x86, 0x00 }, // 犹
    { 0xe7, 0x8b, 0x82, 0x00, 0xaa, 0x94, 0x7a, 0x80, 0x92, 0xfe, 0x92, 0x00 }, // 狂
    { 0xe7, 0x8b, 0x88, 0x00, 0xaa, 0x94, 0x7a, 0xbe, 0x7a, 0x02, 0xbe, 0x00 }, // 狈
    { 0xe7, 0x8b, 0x90, 0x00, 0xaa, 0x7c, 0x82, 0x7c, 0x84, 0x7c, 0xc2, 0x00 }, // 狐
    { 0xe7, 0x8b, 0x97, 0x00, 0xaa, 0x94, 0x7a, 0x08, 0x36, 0xb4, 0xfc, 0x00 }, // 狗
    { 0xe7, 0x8b, 0x9e, 0x00, 0xaa, 0x7c, 0x0c, 0x94, 0xf6, 0x14, 0x0c, 0x00 }, // 狞
    { 0xe7, 0x8b, 0xa0, 0x00, 0xaa, 0x7c, 0x02, 0xfe, 0xaa, 0x6a, 0xbe, 0x00 }, // 狠
    { 0xe7, 0x8b, 0xa1, 0x00, 0xaa, 0x7c, 0x94, 0xac, 0x46, 0xac, 0x94, 0x00 }, // 狡
    { 0xe7, 0x8b, 0xac, 0x00, 0xaa, 0x94, 0x7a, 0x9c, 0xfe, 0x94, 0xdc, 0x00 }, // 独
    { 0xe7, 0x8b, 0xad, 0x00, 0xaa, 0x7c, 0xae, 0xa4, 0x7e, 0xa4, 0xac, 0x00 }, // 狭
    { 0xe7, 0x8b, 0xae, 0x00, 0xaa, 0x7c, 0x9a, 0x7e, 0x3a, 0xfe, 0x3a, 0x00 }, // 狮
    { 0xe7, 0x8b, 0xb0, 0x00, 0xaa, 0x7c, 0x26, 0xac, 0xfa, 0x7e, 0x20, 0x00 }, // 狰
    { 0xe7, 0x8b, 0xb1, 0x00, 0xaa, 0x94, 0x7a, 0xfa, 0x88, 0x7e, 0x8a, 0x00 }, // 狱
    { 0xe7, 0x8b, 0xb8, 0x00, 0xaa, 0x7c, 0xbe, 0xaa, 0xfe, 0xaa, 0xbe, 0x00 }, // 狸
    { 0xe7, 0x8b, 0xbc, 0x00, 0xaa, 0x7c, 0x02, 0xfc, 0xb4, 0x56, 0xbc, 0x00 }, // 狼
    { 0xe7, 0x8c, 0x8e, 0x00, 0xaa, 0x7c, 0x14, 0xfe, 0xb4, 0xfe, 0x14, 0x00 }, // 猎
    { 0xe7, 0x8c, 0x96, 0x00, 0xaa, 0x94, 0x7a, 0xf8, 0xae, 0xae, 0xf8, 0x00 }, // 猖
    { 0xe7, 0x8c, 0x9b, 0x00, 0xaa, 0x7c, 0x8a, 0xe8, 0xfa, 0xee, 0x88, 0x00 }, // 猛
    { 0xe7, 0x8c, 0x9c, 0x00, 0xaa, 0x7c, 0x12, 0xf4, 0x5e, 0xf4, 0x10, 0x00 }, // 猜
    { 0xe7, 0x8c, 0xa9, 0x00, 0xaa, 0x94, 0x7a, 0x90, 0xae, 0xfa, 0xae, 0x00 }, // 猩
    { 0xe7, 0x8c, 0xaa, 0x00, 0xaa, 0x7c, 0x52, 0x34, 0xde, 0xd4, 0xd2, 0x00 }, // 猪
    { 0xe7, 0x8c, 0xab, 0x00, 0xaa, 0x7c, 0xf4, 0xbe, 0xf4, 0xbe, 0xf4, 0x00 }, // 猫
    { 0xe7, 0x8c, 0xac, 0x00, 0xaa, 0x7c, 0x1e, 0xfa, 0x5e, 0xfa, 0x1e, 0x00 }, // 猬
    { 0xe7, 0x8c, 0xae, 0x00, 0xf4, 0x74, 0xde, 0xf4, 0x88, 0x7e, 0x8a, 0x00 }, // 献
    { 0xe7, 0x8c, 0xb4, 0x00, 0xaa, 0x7c, 0xfe, 0xa8, 0xba, 0x6e, 0xa8, 0x00 }, // 猴
    { 0xe7, 0x8c, 0xbe, 0x00, 0xaa, 0x7c, 0x18, 0xee, 0x6a, 0xee, 0x18, 0x00 }, // 猾
    { 0xe7, 0x8c, 0xbf, 0x00, 0xaa, 0x94, 0x7a, 0xfc, 0xae, 0x6c, 0xb8, 0x00 }, // 猿
    { 0xe7, 0x8e, 0x84, 0x00, 0x84, 0x94, 0xdc, 0xa6, 0x94, 0x44, 0x84, 0x00 }, // 玄
    { 0xe7, 0x8e, 0x87, 0x00, 0x44, 0x6c, 0x74, 0xee, 0x54, 0x6c, 0x44, 0x00 }, // 率
    { 0xe7, 0x8e, 0x89, 0x00, 0x82, 0x92, 0x92, 0xfe, 0x92, 0xd2, 0x82, 0x00 }, // 玉
    { 0xe7, 0x8e, 0x8b, 0x00, 0x82, 0x92, 0x92, 0xfe, 0x92, 0x92, 0x82, 0x00 }, // 王
    { 0xe7, 0x8e, 0x96, 0x00, 0x52, 0x7e, 0x52, 0x88, 0x46, 0x34, 0xcc, 0x00 }, // 玖
    { 0xe7, 0x8e, 0x9b, 0x00, 0x52, 0x7e, 0x52, 0x5a, 0x52, 0x9e, 0xf0, 0x00 }, // 玛
    { 0xe7, 0x8e, 0xa9, 0x00, 0x52, 0x7e, 0x88, 0x7a, 0x0a, 0xfa, 0x88, 0x00 }, // 玩
    { 0xe7, 0x8e, 0xab, 0x00, 0x52, 0x7e, 0x88, 0xbe, 0x44, 0xbc, 0x84, 0x00 }, // 玫
    { 0xe7, 0x8e, 0xaf, 0x00, 0x52, 0x7e, 0x22, 0x12, 0xfe, 0x12, 0x22, 0x00 }, // 环
    { 0xe7, 0x8e, 0xb0, 0x00, 0x52, 0x7e, 0x52, 0xbe, 0x7a, 0xc2, 0xbe, 0x00 }, // 现
    { 0xe7, 0x8e, 0xb2, 0x00, 0x52, 0x7e, 0x2a, 0x64, 0xaa, 0xa4, 0x68, 0x00 }, // 玲
    { 0xe7, 0x8e, 0xb7, 0x00, 0x52, 0x7e, 0x52, 0xe0, 0xbe, 0xa8, 0xe8, 0x00 }, // 玷
    { 0xe7, 0x8e, 0xbb, 0x00, 0x52, 0x7e, 0xfc, 0xb4, 0x5e, 0xb4, 0x8c, 0x00 }, // 玻
    { 0xe7, 0x8f, 0x8a, 0x00, 0x52, 0x7e, 0x90, 0x7e, 0xfe, 0x12, 0xfe, 0x00 }, // 珊
    { 0xe7, 0x8f, 0x8d, 0x00, 0x52, 0x7e, 0x2a, 0x84, 0xaa, 0x54, 0x28, 0x00 }, // 珍
    { 0xe7, 0x8f, 0xa0, 0x00, 0x52, 0x7e, 0x98, 0x56, 0xfe, 0x54, 0x90, 0x00 }, // 珠
    { 0xe7, 0x8f, 0xad, 0x00, 0x52, 0x7e, 0x9a, 0x40, 0xbc, 0xfe, 0x92, 0x00 }, // 班
    { 0xe7, 0x90, 0x83, 0x00, 0x52, 0x7e, 0x54, 0xa4, 0xfe, 0x24, 0x56, 0x00 }, // 球
    { 0xe7, 0x90, 0x85, 0x00, 0x52, 0x7e, 0x2a, 0xfc, 0xb4, 0x56, 0xbc, 0x00 }, // 琅
    { 0xe7, 0x90, 0x86, 0x00, 0x52, 0x7e, 0xbe, 0xaa, 0xfe, 0xaa, 0xbe, 0x00 }, // 理
    { 0xe7, 0x90, 0x89, 0x00, 0x52, 0x7e, 0x94, 0x7c, 0xf6, 0x0c, 0xd4, 0x00 }, // 琉
    { 0xe7, 0x90, 0x90, 0x00, 0x52, 0x7e, 0xba, 0x88, 0x6e, 0x08, 0xba, 0x00 }, // 琐
    { 0xe7, 0x90, 0xa2, 0x00, 0x52, 0x7e, 0x52, 0xae, 0xfa, 0x32, 0x4a, 0x00 }, // 琢
    { 0xe7, 0x90, 0xb3, 0x00, 0x52, 0x7e, 0x34, 0xfe, 0x34, 0xfe, 0x24, 0x00 }, // 琳
    { 0xe7, 0x90, 0xb4, 0x00, 0x2a, 0x2e, 0x5a, 0x50, 0xda, 0x2e, 0x2a, 0x00 }, // 琴
    { 0xe7, 0x90, 0xbc, 0x00, 0x52, 0x7e, 0x44, 0x9c, 0xf6, 0x1c, 0x44, 0x00 }, // 琼
    { 0xe7, 0x91, 0x9e, 0x00, 0x52, 0x7e, 0xd6, 0x74, 0xd6, 0x54, 0xd6, 0x00 }, // 瑞
    { 0xe7, 0x91, 0x9f, 0x00, 0xaa, 0x8e, 0x7a, 0xa0, 0x9a, 0x8e, 0xaa, 0x00 }, // 瑟
    { 0xe7, 0x91, 0xb0, 0x00, 0x52, 0x7e, 0xbc, 0x56, 0xfc, 0xd4, 0xbc, 0x00 }, // 瑰
    { 0xe7, 0x92, 0x83, 0x00, 0x52, 0x7e, 0xe4, 0xbc, 0xf6, 0x7c, 0xe4, 0x00 }, // 璃
    { 0xe7, 0x92, 0xa7, 0x00, 0xa8, 0xbe, 0xf6, 0xe0, 0xec, 0xf6, 0xac, 0x00 }, // 璧
    { 0xe7, 0x93, 0x9c, 0x00, 0x80, 0x7c, 0x84, 0xfc, 0x82, 0x7a, 0x80, 0x00 }, // 瓜
    { 0xe7, 0x93, 0xa2, 0x00, 0xa2, 0x2e, 0xee, 0x7e, 0x84, 0x7c, 0xc2, 0x00 }, // 瓢
    { 0xe7, 0x93, 0xa3, 0x00, 0xac, 0x76, 0xfc, 0xfe, 0x2c, 0xf6, 0x2c, 0x00 }, // 瓣
    { 0xe7, 0x93, 0xa4, 0x00, 0x6c, 0xfc, 0xb6, 0x7c, 0x84, 0x7c, 0xc2, 0x00 }, // 瓤
    { 0xe7, 0x93, 0xa6, 0x00, 0x02, 0xe2, 0x9e, 0x2a, 0xfa, 0x82, 0xc2, 0x00 }, // 瓦
    { 0xe7, 0x93, 0xae, 0x00, 0x14, 0xf4, 0xba, 0xb0, 0x32, 0xf4, 0x94, 0x00 }, // 瓮
    { 0xe7, 0x93, 0xb6, 0x00, 0xaa, 0x78, 0x2a, 0xfe, 0xaa, 0x7a, 0x82, 0x00 }, // 瓶
    { 0xe7, 0x93, 0xb7, 0x00, 0x32, 0xe0, 0xa8, 0xb6, 0x2c, 0xf4, 0xac, 0x00 }, // 瓷
    { 0xe7, 0x94, 0x98, 0x00, 0x04, 0xfe, 0x94, 0x94, 0x94, 0xfe, 0x04, 0x00 }, // 甘
    { 0xe7, 0x94, 0x9a, 0x00, 0x24, 0xe4, 0xbe, 0xf4, 0xbe, 0xe4, 0xa4, 0x00 }, // 甚
    { 0xe7, 0x94, 0x9c, 0x00, 0xec, 0xbc, 0xea, 0x04, 0xfe, 0x94, 0xfe, 0x00 }, // 甜
    { 0xe7, 0x94, 0x9f, 0x00, 0x88, 0xa6, 0xa4, 0xfe, 0xa4, 0xa4, 0x84, 0x00 }, // 生
    { 0xe7, 0x94, 0xa5, 0x00, 0x56, 0x7e, 0x54, 0xbe, 0x6a, 0xbe, 0xfe, 0x00 }, // 甥
    { 0xe7, 0x94, 0xa8, 0x00, 0x80, 0x7e, 0x2a, 0xfe, 0x2a, 0xaa, 0xfe, 0x00 }, // 用
    { 0xe7, 0x94, 0xa9, 0x00, 0x80, 0x7e, 0x2a, 0xfe, 0xaa, 0xfe, 0x80, 0x00 }, // 甩
    { 0xe7, 0x94, 0xab, 0x00, 0x04, 0xf4, 0x54, 0xfe, 0x54, 0xf6, 0x04, 0x00 }, // 甫
    { 0xe7, 0x94, 0xb0, 0x00, 0xfe, 0x92, 0x92, 0xfe, 0x92, 0x92, 0xfe, 0x00 }, // 田
    { 0xe7, 0x94, 0xb1, 0x00, 0xfc, 0x94, 0x94, 0xfe, 0x94, 0x94, 0xfc, 0x00 }, // 由
    { 0xe7, 0x94, 0xb2, 0x00, 0x3e, 0x2a, 0x2a, 0xfe, 0x2a, 0x2a, 0x3e, 0x00 }, // 甲
    { 0xe7, 0x94, 0xb3, 0x00, 0x7c, 0x54, 0x54, 0xfe, 0x54, 0x54, 0x7c, 0x00 }, // 申
    { 0xe7, 0x94, 0xb5, 0x00, 0x00, 0x3c, 0x34, 0x7e, 0xb4, 0xbc, 0xc0, 0x00 }, // 电
    { 0xe7, 0x94, 0xb7, 0x00, 0xa0, 0xbe, 0x6a, 0x3e, 0x2a, 0xbe, 0xe0, 0x00 }, // 男
    { 0xe7, 0x94, 0xb8, 0x00, 0x08, 0x7e, 0x54, 0x7c, 0x54, 0x7c, 0xfc, 0x00 }, // 甸
    { 0xe7, 0x94, 0xbb, 0x00, 0xfa, 0x82, 0xba, 0xba, 0xba, 0x82, 0xfa, 0x00 }, // 画
    { 0xe7, 0x95, 0x85, 0x00, 0x7c, 0xd6, 0x7c, 0xb2, 0x5a, 0xb6, 0xf0, 0x00 }, // 畅
    { 0xe7, 0x95, 0x8c, 0x00, 0x40, 0xbe, 0x6a, 0x3e, 0xea, 0x3e, 0x40, 0x00 }, // 界
    { 0xe7, 0x95, 0x8f, 0x00, 0x20, 0xfe, 0xaa, 0x3e, 0x6a, 0xbe, 0xa0, 0x00 }, // 畏
    { 0xe7, 0x95, 0x94, 0x00, 0x7c, 0x7c, 0x7c, 0x54, 0x50, 0xfe, 0x54, 0x00 }, // 畔
    { 0xe7, 0x95, 0x99, 0x00, 0x1c, 0xf4, 0xb2, 0xe8, 0xb2, 0xee, 0x1e, 0x00 }, // 留
    { 0xe7, 0x95, 0x9c, 0x00, 0x24, 0xec, 0xb4, 0xf6, 0xb4, 0xec, 0x34, 0x00 }, // 畜
    { 0xe7, 0x95, 0xa5, 0x00, 0x7c, 0x7c, 0x7c, 0x10, 0xf4, 0xaa, 0xf6, 0x00 }, // 略
    { 0xe7, 0x95, 0xa6, 0x00, 0x7c, 0x7c, 0x7c, 0x90, 0xb4, 0xfe, 0xb4, 0x00 }, // 畦
    { 0xe7, 0x95, 0xaa, 0x00, 0x2a, 0xee, 0xda, 0xfe, 0xda, 0xee, 0x2a, 0x00 }, // 番
    { 0xe7, 0x95, 0xb4, 0x00, 0x7c, 0x7c, 0x7c, 0xbc, 0x2e, 0xfc, 0x28, 0x00 }, // 畴
    { 0xe7, 0x95, 0xb8, 0x00, 0x7c, 0x7c, 0x7c, 0x24, 0xb4, 0x2e, 0xf4, 0x00 }, // 畸
    { 0xe7, 0x96, 0x86, 0x00, 0xa2, 0xfa, 0x6e, 0x92, 0xfe, 0xfe, 0x92, 0x00 }, // 疆
    { 0xe7, 0x96, 0x8f, 0x00, 0xe2, 0xfa, 0x96, 0x7c, 0xf6, 0x0c, 0xd4, 0x00 }, // 疏
    { 0xe7, 0x96, 0x91, 0x00, 0xae, 0x74, 0xb4, 0xca, 0x7a, 0xae, 0x9a, 0x00 }, // 疑
    { 0xe7, 0x96, 0x97, 0x00, 0xa8, 0x7c, 0x04, 0x8c, 0xee, 0x1c, 0x04, 0x00 }, // 疗
    { 0xe7, 0x96, 0x99, 0x00, 0xa8, 0x7c, 0x24, 0xdc, 0xb6, 0x94, 0xd4, 0x00 }, // 疙
    { 0xe7, 0x96, 0x9a, 0x00, 0xa8, 0x7c, 0x84, 0x94, 0x4e, 0xbc, 0x84, 0x00 }, // 疚
    { 0xe7, 0x96, 0x9f, 0x00, 0xa8, 0x7c, 0x24, 0xfc, 0xae, 0xac, 0x24, 0x00 }, // 疟
    { 0xe7, 0x96, 0xa4, 0x00, 0xa8, 0x7c, 0xfc, 0xac, 0xbe, 0xac, 0xbc, 0x00 }, // 疤
    { 0xe7, 0x96, 0xab, 0x00, 0xa8, 0x7c, 0xa4, 0x9c, 0x6e, 0xfc, 0xa4, 0x00 }, // 疫
    { 0xe7, 0x96, 0xae, 0x00, 0xa8, 0x7c, 0x24, 0xf4, 0xae, 0xf4, 0xa4, 0x00 }, // 疮
    { 0xe7, 0x96, 0xaf, 0x00, 0xa8, 0xfc, 0x7c, 0x24, 0x56, 0x7c, 0x84, 0x00 }, // 疯
    { 0xe7, 0x96, 0xb2, 0x00, 0xa8, 0x7c, 0x84, 0x74, 0xb6, 0x5c, 0xb4, 0x00 }, // 疲
    { 0xe7, 0x96, 0xb9, 0x00, 0xa8, 0x7c, 0x24, 0x94, 0xae, 0x54, 0x24, 0x00 }, // 疹
    { 0xe7, 0x96, 0xbc, 0x00, 0xa8, 0x7c, 0x44, 0x54, 0xae, 0x3c, 0x44, 0x00 }, // 疼
    { 0xe7, 0x96, 0xbe, 0x00, 0xa8, 0x7c, 0xa4, 0xbc, 0x76, 0xb4, 0xa4, 0x00 }, // 疾
    { 0xe7, 0x97, 0x85, 0x00, 0xa8, 0x7c, 0xf4, 0x5c, 0x3e, 0x5c, 0xf4, 0x00 }, // 病
    { 0xe7, 0x97, 0x87, 0x00, 0xa8, 0x7c, 0x84, 0xec, 0x8e, 0xfc, 0xac, 0x00 }, // 症
    { 0xe7, 0x97, 0x8a, 0x00, 0xa8, 0x7c, 0xa4, 0xb4, 0xee, 0xb4, 0xa4, 0x00 }, // 痊
    { 0xe7, 0x97, 0x92, 0x00, 0xa8, 0x7c, 0x54, 0x5c, 0xf6, 0x5c, 0x54, 0x00 }, // 痒
    { 0xe7, 0x97, 0x95, 0x00, 0xa8, 0x7c, 0x04, 0xfc, 0xae, 0x7c, 0x84, 0x00 }, // 痕
    { 0xe7, 0x97, 0x98, 0x00, 0xa8, 0x7c, 0x04, 0xb4, 0xd6, 0xd4, 0xb4, 0x00 }, // 痘
    { 0xe7, 0x97, 0x9b, 0x00, 0xa8, 0x7c, 0xf4, 0x54, 0xf6, 0x5c, 0xf4, 0x00 }, // 痛
    { 0xe7, 0x97, 0xa2, 0x00, 0xa8, 0x7c, 0x54, 0xf4, 0x4e, 0xb4, 0xf4, 0x00 }, // 痢
    { 0xe7, 0x97, 0xaa, 0x00, 0xa8, 0x7c, 0xb4, 0xbc, 0x6e, 0xbc, 0xa4, 0x00 }, // 痪
    { 0xe7, 0x97, 0xb0, 0x00, 0xa8, 0x7c, 0xac, 0xa4, 0x5e, 0xa4, 0xac, 0x00 }, // 痰
    { 0xe7, 0x97, 0xb4, 0x00, 0xa8, 0x7c, 0xa4, 0x7c, 0x96, 0x74, 0x74, 0x00 }, // 痴
    { 0xe7, 0x97, 0xb9, 0x00, 0xa8, 0x7c, 0xa4, 0x7c, 0x3e, 0xfc, 0x24, 0x00 }, // 痹
    { 0xe7, 0x98, 0x9f, 0x00, 0xa8, 0x7c, 0x04, 0x9c, 0xde, 0xd4, 0x9c, 0x00 }, // 瘟
    { 0xe7, 0x98, 0xa4, 0x00, 0xa8, 0x7c, 0x34, 0xec, 0xe6, 0xdc, 0x3c, 0x00 }, // 瘤
    { 0xe7, 0x98, 0xa6, 0x00, 0xa8, 0x7c, 0x9c, 0xb4, 0x5e, 0xb4, 0x9c, 0x00 }, // 瘦
    { 0xe7, 0x98, 0xa9, 0x00, 0xa8, 0x7c, 0x54, 0x3c, 0xd6, 0xfc, 0x54, 0x00 }, // 瘩
    { 0xe7, 0x98, 0xaa, 0x00, 0xa8, 0x7c, 0x24, 0xdc, 0xbe, 0x9c, 0x24, 0x00 }, // 瘪
    { 0xe7, 0x98, 0xab, 0x00, 0xa8, 0x7c, 0x2c, 0x5c, 0xf6, 0xfc, 0xac, 0x00 }, // 瘫
    { 0xe7, 0x98, 0xb8, 0x00, 0xa8, 0x7c, 0xf4, 0xac, 0x7e, 0xac, 0xfc, 0x00 }, // 瘸
    { 0xe7, 0x98, 0xbe, 0x00, 0xa8, 0x7c, 0xfc, 0x54, 0xae, 0xbc, 0xfc, 0x00 }, // 瘾
    { 0xe7, 0x99, 0x8c, 0x00, 0xa8, 0x7c, 0xf4, 0xbc, 0xce, 0xbc, 0xf4, 0x00 }, // 癌
    { 0xe7, 0x99, 0x9e, 0x00, 0xa8, 0x7c, 0xfc, 0x5c, 0xb6, 0x74, 0xbc, 0x00 }, // 癞
    { 0xe7, 0x99, 0xa3, 0x00, 0xa8, 0x7c, 0xb4, 0x7c, 0x56, 0xe4, 0x54, 0x00 }, // 癣
    { 0xe7, 0x99, 0xbb, 0x00, 0x94, 0x8a, 0xb6, 0xd2, 0xb4, 0x8a, 0x94, 0x00 }, // 登
    { 0xe7, 0x99, 0xbd, 0x00, 0x00, 0xfc, 0x94, 0x96, 0x94, 0x94, 0xfc, 0x00 }, // 白
    { 0xe7, 0x99, 0xbe, 0x00, 0x02, 0xfa, 0xaa, 0xae, 0xaa, 0xfa, 0x02, 0x00 }, // 百
    { 0xe7, 0x9a, 0x82, 0x00, 0x40, 0x5c, 0xf4, 0xb6, 0xb4, 0x9c, 0xc0, 0x00 }, // 皂
    { 0xe7, 0x9a, 0x84, 0x00, 0x7c, 0x56, 0x7c, 0x08, 0x16, 0xa4, 0xfc, 0x00 }, // 的
    { 0xe7, 0x9a, 0x86, 0x00, 0x1e, 0xd4, 0xd4, 0xe0, 0xde, 0xd4, 0x14, 0x00 }, // 皆
    { 0xe7, 0x9a, 0x87, 0x00, 0xa0, 0xbc, 0xb4, 0xf6, 0xb4, 0xbc, 0xa0, 0x00 }, // 皇
    { 0xe7, 0x9a, 0xae, 0x00, 0x80, 0x7c, 0x94, 0xb4, 0x5e, 0xb4, 0x8c, 0x00 }, // 皮
    { 0xe7, 0x9a, 0xb1, 0x00, 0x84, 0xaa, 0xae, 0xf8, 0xb4, 0x5e, 0xbc, 0x00 }, // 皱
    { 0xe7, 0x9a, 0xbf, 0x00, 0x80, 0xfc, 0x84, 0xfc, 0x84, 0xfc, 0x80, 0x00 }, // 皿
    { 0xe7, 0x9b, 0x85, 0x00, 0x80, 0xdc, 0xd4, 0xfe, 0xd4, 0xdc, 0x80, 0x00 }, // 盅
    { 0xe7, 0x9b, 0x86, 0x00, 0x88, 0xec, 0xba, 0xe8, 0xba, 0xe4, 0x88, 0x00 }, // 盆
    { 0xe7, 0x9b, 0x88, 0x00, 0x92, 0xea, 0xb6, 0xea, 0xb6, 0xe4, 0x9c, 0x00 }, // 盈
    { 0xe7, 0x9b, 0x8a, 0x00, 0x94, 0xee, 0xa4, 0xe4, 0xa4, 0xee, 0x94, 0x00 }, // 益
    { 0xe7, 0x9b, 0x8f, 0x00, 0x90, 0xd4, 0xd6, 0xdc, 0xf4, 0xd6, 0xa8, 0x00 }, // 盏
    { 0xe7, 0x9b, 0x90, 0x00, 0x94, 0xfe, 0xb4, 0xe0, 0xbe, 0xe4, 0x88, 0x00 }, // 盐
    { 0xe7, 0x9b, 0x91, 0x00, 0x8c, 0xe0, 0xbe, 0xe8, 0xa6, 0xec, 0x94, 0x00 }, // 监
    { 0xe7, 0x9b, 0x92, 0x00, 0x88, 0xe8, 0xbc, 0xfa, 0xbc, 0xe8, 0x88, 0x00 }, // 盒
    { 0xe7, 0x9b, 0x94, 0x00, 0x92, 0xee, 0xb6, 0xf2, 0xae, 0xf2, 0x96, 0x00 }, // 盔
    { 0xe7, 0x9b, 0x96, 0x00, 0x94, 0xf6, 0xb4, 0xfc, 0xb4, 0xf6, 0x94, 0x00 }, // 盖
    { 0xe7, 0x9b, 0x97, 0x00, 0x92, 0xe0, 0xa8, 0xf6, 0xac, 0xf4, 0x8c, 0x00 }, // 盗
    { 0xe7, 0x9b, 0x98, 0x00, 0xa8, 0x9e, 0xea, 0xfe, 0xaa, 0xfe, 0x88, 0x00 }, // 盘
    { 0xe7, 0x9b, 0x9b, 0x00, 0x90, 0xec, 0xbc, 0xe4, 0xb4, 0xee, 0x94, 0x00 }, // 盛
    { 0xe7, 0x9b, 0x9f, 0x00, 0x8e, 0xea, 0xae, 0xf0, 0xae, 0xea, 0x9e, 0x00 }, // 盟
    { 0xe7, 0x9b, 0xae, 0x00, 0x00, 0xfe, 0xaa, 0xaa, 0xaa, 0xaa, 0xfe, 0x00 }, // 目
    { 0xe7, 0x9b, 0xaf, 0x00, 0xfe, 0xaa, 0xfe, 0x02, 0x82, 0xfe, 0x02, 0x00 }, // 盯
    { 0xe7, 0x9b, 0xb2, 0x00, 0x04, 0xfc, 0xb4, 0xb6, 0xb4, 0xf4, 0x04, 0x00 }, // 盲
    { 0xe7, 0x9b, 0xb4, 0x00, 0x84, 0xf4, 0xd4, 0xde, 0xd4, 0xf4, 0x84, 0x00 }, // 直
    { 0xe7, 0x9b, 0xb8, 0x00, 0x44, 0x34, 0xfe, 0x14, 0xfe, 0xaa, 0xfe, 0x00 }, // 相
    { 0xe7, 0x9b, 0xb9, 0x00, 0xfe, 0xaa, 0xfe, 0x24, 0xfe, 0xa4, 0xb4, 0x00 }, // 盹
    { 0xe7, 0x9b, 0xbc, 0x00, 0xfe, 0xaa, 0xfe, 0x88, 0x76, 0x90, 0xf6, 0x00 }, // 盼
    { 0xe7, 0x9b, 0xbe, 0x00, 0x80, 0x7c, 0x0c, 0xec, 0xfc, 0xea, 0x0a, 0x00 }, // 盾
    { 0xe7, 0x9c, 0x81, 0x00, 0x28, 0x24, 0xf0, 0xde, 0xd0, 0xf4, 0x08, 0x00 }, // 省
    { 0xe7, 0x9c, 0x89, 0x00, 0x80, 0x7e, 0x0a, 0xfa, 0xae, 0xaa, 0xfe, 0x00 }, // 眉
    { 0xe7, 0x9c, 0x8b, 0x00, 0x50, 0x34, 0xfc, 0xbc, 0xba, 0xfa, 0x10, 0x00 }, // 看
    { 0xe7, 0x9c, 0x9f, 0x00, 0xa4, 0xa4, 0x3c, 0x3e, 0x3c, 0xa4, 0xa4, 0x00 }, // 真
    { 0xe7, 0x9c, 0xa0, 0x00, 0xfe, 0xaa, 0xfe, 0xfe, 0xaa, 0x7a, 0xae, 0x00 }, // 眠
    { 0xe7, 0x9c, 0xa8, 0x00, 0xfe, 0xaa, 0xfe, 0x48, 0x4a, 0xae, 0x9a, 0x00 }, // 眨
    { 0xe7, 0x9c, 0xaf, 0x00, 0xfe, 0xaa, 0xfe, 0x54, 0xfe, 0x30, 0x54, 0x00 }, // 眯
    { 0xe7, 0x9c, 0xb6, 0x00, 0xfe, 0xaa, 0xfe, 0xfe, 0xaa, 0xba, 0xaa, 0x00 }, // 眶
    { 0xe7, 0x9c, 0xb7, 0x00, 0x28, 0x1a, 0xec, 0xee, 0xec, 0x1a, 0x28, 0x00 }, // 眷
    { 0xe7, 0x9c, 0xbc, 0x00, 0xfe, 0xaa, 0xfe, 0xfe, 0xaa, 0x6a, 0xbe, 0x00 }, // 眼
    { 0xe7, 0x9d, 0x80, 0x00, 0x54, 0x56, 0x34, 0xfc, 0xf4, 0xf6, 0x14, 0x00 }, // 着
    { 0xe7, 0x9d, 0x81, 0x00, 0xfe, 0xaa, 0xfe, 0x24, 0xac, 0xfa, 0x7e, 0x00 }, // 睁
    { 0xe7, 0x9d, 0x9b, 0x00, 0xfe, 0xaa, 0xfe, 0x10, 0xf4, 0x5e, 0xf4, 0x00 }, // 睛
    { 0xe7, 0x9d, 0xa1, 0x00, 0xfe, 0xaa, 0xfe, 0x28, 0xba, 0xfe, 0xaa, 0x00 }, // 睡
    { 0xe7, 0x9d, 0xa3, 0x00, 0x18, 0xe8, 0xbe, 0xac, 0xb6, 0xea, 0x16, 0x00 }, // 督
    { 0xe7, 0x9d, 0xa6, 0x00, 0xfe, 0xaa, 0xfe, 0x9c, 0xce, 0x9c, 0xa8, 0x00 }, // 睦
    { 0xe7, 0x9d, 0xac, 0x00, 0xfe, 0xaa, 0xfe, 0x74, 0xec, 0x72, 0xaa, 0x00 }, // 睬
    { 0xe7, 0x9d, 0xb9, 0x00, 0xfe, 0xaa, 0xfe, 0x50, 0x34, 0xde, 0xd4, 0x00 }, // 睹
    { 0xe7, 0x9e, 0x84, 0x00, 0xfe, 0xaa, 0xfe, 0xbe, 0xf4, 0xbe, 0xf4, 0x00 }, // 瞄
    { 0xe7, 0x9e, 0x8e, 0x00, 0xfe, 0xaa, 0xfe, 0x4c, 0xd4, 0xfe, 0xdc, 0x00 }, // 瞎
    { 0xe7, 0x9e, 0x92, 0x00, 0xfe, 0xaa, 0xfe, 0xf4, 0x5e, 0xf4, 0xfe, 0x00 }, // 瞒
    { 0xe7, 0x9e, 0xa7, 0x00, 0xfe, 0xaa, 0xfe, 0x88, 0x3e, 0xbc, 0xa6, 0x00 }, // 瞧
    { 0xe7, 0x9e, 0xaa, 0x00, 0xfe, 0xaa, 0xfe, 0x8a, 0xb6, 0xd4, 0xba, 0x00 }, // 瞪
    { 0xe7, 0x9e, 0xac, 0x00, 0xfe, 0xaa, 0xfe, 0x6e, 0x4a, 0xee, 0x5a, 0x00 }, // 瞬
    { 0xe7, 0x9e, 0xad, 0x00, 0xfe, 0xaa, 0xfe, 0x3c, 0xd6, 0x3c, 0x94, 0x00 }, // 瞭
    { 0xe7, 0x9e, 0xb3, 0x00, 0xfe, 0xaa, 0xfe, 0x94, 0xbc, 0xf6, 0xbc, 0x00 }, // 瞳
    { 0xe7, 0x9e, 0xbb, 0x00, 0xfe, 0xaa, 0xfe, 0x7c, 0xda, 0xee, 0x58, 0x00 }, // 瞻
    { 0xe7, 0x9f, 0x97, 0x00, 0xa0, 0xe4, 0xfc, 0xbe, 0xfc, 0xe4, 0xa0, 0x00 }, // 矗
    { 0xe7, 0x9f, 0x9b, 0x00, 0x50, 0x52, 0x32, 0x96, 0xfa, 0x16, 0x30, 0x00 }, // 矛
    { 0xe7, 0x9f, 0xa2, 0x00, 0x98, 0x96, 0x54, 0x3c, 0x54, 0x94, 0x90, 0x00 }, // 矢
    { 0xe7, 0x9f, 0xa5, 0x00, 0x88, 0x56, 0x3c, 0x54, 0xfc, 0x84, 0xfc, 0x00 }, // 知
    { 0xe7, 0x9f, 0xa9, 0x00, 0x88, 0x56, 0x3c, 0x54, 0xfe, 0xaa, 0xba, 0x00 }, // 矩
    { 0xe7, 0x9f, 0xab, 0x00, 0x96, 0x7c, 0x94, 0x6e, 0x06, 0xee, 0x14, 0x00 }, // 矫
    { 0xe7, 0x9f, 0xad, 0x00, 0x96, 0x7c, 0x54, 0xba, 0xea, 0xea, 0xba, 0x00 }, // 短
    { 0xe7, 0x9f, 0xae, 0x00, 0x96, 0x7c, 0xb4, 0xee, 0xbe, 0x6e, 0xb4, 0x00 }, // 矮
    { 0xe7, 0x9f, 0xb3, 0x00, 0x22, 0x12, 0xfe, 0x92, 0x92, 0xf2, 0x02, 0x00 }, // 石
    { 0xe7, 0x9f, 0xbe, 0x00, 0x12, 0x6e, 0xe2, 0x7e, 0x12, 0xfe, 0x80, 0x00 }, // 矾
    { 0xe7, 0x9f, 0xbf, 0x00, 0x12, 0x6e, 0x62, 0x80, 0x7c, 0x06, 0x04, 0x00 }, // 矿
    { 0xe7, 0xa0, 0x81, 0x00, 0x12, 0x6e, 0x62, 0x5a, 0x52, 0x9e, 0xf0, 0x00 }, // 码
    { 0xe7, 0xa0, 0x82, 0x00, 0x12, 0x6e, 0x62, 0x8c, 0xbe, 0x44, 0x28, 0x00 }, // 砂
    { 0xe7, 0xa0, 0x8c, 0x00, 0x12, 0x6e, 0x62, 0x3c, 0xa8, 0x7e, 0xfe, 0x00 }, // 砌
    { 0xe7, 0xa0, 0x8d, 0x00, 0x12, 0x6e, 0x62, 0x88, 0x86, 0x7c, 0x8c, 0x00 }, // 砍
    { 0xe7, 0xa0, 0x94, 0x00, 0x12, 0x6e, 0x62, 0x92, 0x7e, 0x12, 0xfe, 0x00 }, // 研
    { 0xe7, 0xa0, 0x96, 0x00, 0x12, 0x6e, 0x62, 0x10, 0x74, 0x5e, 0xd4, 0x00 }, // 砖
    { 0xe7, 0xa0, 0x9a, 0x00, 0x12, 0x6e, 0x62, 0xbe, 0x7a, 0xc2, 0xbe, 0x00 }, // 砚
    { 0xe7, 0xa0, 0xb0, 0x00, 0x12, 0x6e, 0x62, 0x2a, 0x22, 0xfe, 0x2a, 0x00 }, // 砰
    { 0xe7, 0xa0, 0xb4, 0x00, 0x12, 0x6e, 0x62, 0x7c, 0xb4, 0x5e, 0xbc, 0x00 }, // 破
    { 0xe7, 0xa0, 0xb8, 0x00, 0x12, 0x6e, 0x62, 0xfe, 0x8a, 0xfe, 0xba, 0x00 }, // 砸
    { 0xe7, 0xa0, 0xbe, 0x00, 0x12, 0x6e, 0x62, 0x5c, 0x94, 0xfc, 0x52, 0x00 }, // 砾
    { 0xe7, 0xa1, 0x80, 0x00, 0x12, 0x6e, 0x62, 0xec, 0x88, 0xfe, 0xec, 0x00 }, // 础
    { 0xe7, 0xa1, 0x85, 0x00, 0x12, 0x6e, 0x62, 0x90, 0xb4, 0xfe, 0xb4, 0x00 }, // 硅
    { 0xe7, 0xa1, 0x95, 0x00, 0x12, 0x6e, 0x62, 0xba, 0x6e, 0x0a, 0xba, 0x00 }, // 硕
    { 0xe7, 0xa1, 0x9d, 0x00, 0x12, 0x6e, 0x62, 0xfa, 0x28, 0xae, 0xfa, 0x00 }, // 硝
    { 0xe7, 0xa1, 0xab, 0x00, 0x12, 0x6e, 0x62, 0x94, 0xdc, 0x16, 0xd4, 0x00 }, // 硫
    { 0xe7, 0xa1, 0xac, 0x00, 0x12, 0x6e, 0x62, 0x82, 0xae, 0x7e, 0x8e, 0x00 }, // 硬
    { 0xe7, 0xa1, 0xae, 0x00, 0x12, 0x6e, 0x62, 0x7c, 0xfa, 0x2e, 0xf8, 0x00 }, // 确
    { 0xe7, 0xa1, 0xbc, 0x00, 0x12, 0x6e, 0x7e, 0xaa, 0x7e, 0xaa, 0xfe, 0x00 }, // 硼
    { 0xe7, 0xa2, 0x89, 0x00, 0x12, 0x6e, 0xfe, 0x6a, 0x5e, 0x6a, 0xfe, 0x00 }, // 碉
    { 0xe7, 0xa2, 0x8c, 0x00, 0x12, 0x6e, 0xe8, 0x4a, 0xfa, 0x4e, 0xa8, 0x00 }, // 碌
    { 0xe7, 0xa2, 0x8d, 0x00, 0x12, 0x6e, 0x62, 0x68, 0xae, 0xfe, 0x28, 0x00 }, // 碍
    { 0xe7, 0xa2, 0x8e, 0x00, 0x12, 0x6e, 0x64, 0x5c, 0xe6, 0x5c, 0x64, 0x00 }, // 碎
    { 0xe7, 0xa2, 0x91, 0x00, 0x12, 0x6e, 0x62, 0x5c, 0x7e, 0xf4, 0x5c, 0x00 }, // 碑
    { 0xe7, 0xa2, 0x97, 0x00, 0x12, 0x6e, 0x62, 0xac, 0x54, 0xf6, 0xbc, 0x00 }, // 碗
    { 0xe7, 0xa2, 0x98, 0x00, 0x12, 0x6e, 0x62, 0xbc, 0x3e, 0x34, 0xbe, 0x00 }, // 碘
    { 0xe7, 0xa2, 0x9f, 0x00, 0x12, 0x6e, 0x62, 0x7c, 0xe6, 0x6c, 0xae, 0x00 }, // 碟
    { 0xe7, 0xa2, 0xa7, 0x00, 0xaa, 0x7e, 0xea, 0xa0, 0xbc, 0xf6, 0x3c, 0x00 }, // 碧
    { 0xe7, 0xa2, 0xb0, 0x00, 0x12, 0x6e, 0x62, 0xb4, 0xfe, 0x84, 0xfe, 0x00 }, // 碰
    { 0xe7, 0xa2, 0xb1, 0x00, 0x12, 0x6e, 0x62, 0xfc, 0xd4, 0x7e, 0xa4, 0x00 }, // 碱
    { 0xe7, 0xa2, 0xb3, 0x00, 0x12, 0x6e, 0x96, 0x7c, 0xb6, 0x74, 0xb6, 0x00 }, // 碳
    { 0xe7, 0xa2, 0xb4, 0x00, 0x12, 0x6e, 0x62, 0x94, 0xec, 0xfe, 0x94, 0x00 }, // 碴
    { 0xe7, 0xa2, 0xbe, 0x00, 0x12, 0x6e, 0x7e, 0xea, 0xba, 0x7a, 0xae, 0x00 }, // 碾
    { 0xe7, 0xa3, 0x81, 0x00, 0x12, 0x6e, 0x62, 0xd4, 0xae, 0xd4, 0xae, 0x00 }, // 磁
    { 0xe7, 0xa3, 0x85, 0x00, 0x12, 0x6e, 0x74, 0x9c, 0x76, 0xdc, 0x34, 0x00 }, // 磅
    { 0xe7, 0xa3, 0x95, 0x00, 0x12, 0x6e, 0x62, 0xbc, 0xee, 0xdc, 0xa8, 0x00 }, // 磕
    { 0xe7, 0xa3, 0xa8, 0x00, 0x80, 0x7c, 0x94, 0x7c, 0xd6, 0xfc, 0x54, 0x00 }, // 磨
    { 0xe7, 0xa3, 0xb7, 0x00, 0x12, 0x6e, 0x62, 0xaa, 0x64, 0x4e, 0xea, 0x00 }, // 磷
    { 0xe7, 0xa3, 0xba, 0x00, 0x12, 0x6e, 0x62, 0x94, 0x7e, 0x74, 0x9e, 0x00 }, // 磺
    { 0xe7, 0xa4, 0x81, 0x00, 0x12, 0x6e, 0x62, 0x88, 0x3e, 0xbc, 0xa6, 0x00 }, // 礁
    { 0xe7, 0xa4, 0xba, 0x00, 0x48, 0x2a, 0x8a, 0xfa, 0x0a, 0x2a, 0x48, 0x00 }, // 示
    { 0xe7, 0xa4, 0xbc, 0x00, 0x24, 0xf6, 0x2c, 0x00, 0xfe, 0x80, 0xc0, 0x00 }, // 礼
    { 0xe7, 0xa4, 0xbe, 0x00, 0x24, 0xf6, 0x2c, 0x80, 0x88, 0xfe, 0x88, 0x00 }, // 社
    { 0xe7, 0xa5, 0x88, 0x00, 0x24, 0xf6, 0x2c, 0x80, 0x7c, 0x14, 0xf2, 0x00 }, // 祈
    { 0xe7, 0xa5, 0x96, 0x00, 0x24, 0xf6, 0xac, 0xfe, 0xaa, 0xfe, 0x80, 0x00 }, // 祖
    { 0xe7, 0xa5, 0x9d, 0x00, 0x24, 0xf6, 0x2c, 0x9e, 0x72, 0xf2, 0x9e, 0x00 }, // 祝
    { 0xe7, 0xa5, 0x9e, 0x00, 0x24, 0xf6, 0x7c, 0x54, 0xfe, 0x54, 0x7c, 0x00 }, // 神
    { 0xe7, 0xa5, 0x9f, 0x00, 0x98, 0x76, 0xb4, 0xfe, 0x34, 0x76, 0x98, 0x00 }, // 祟
    { 0xe7, 0xa5, 0xa0, 0x00, 0x24, 0xf6, 0x2c, 0x6a, 0x6a, 0x82, 0xfe, 0x00 }, // 祠
    { 0xe7, 0xa5, 0xa5, 0x00, 0x24, 0xf6, 0x2c, 0x44, 0x56, 0xfc, 0x56, 0x00 }, // 祥
    { 0xe7, 0xa5, 0xa8, 0x00, 0xa2, 0x6e, 0xaa, 0xee, 0x2a, 0x6e, 0xa2, 0x00 }, // 票
    { 0xe7, 0xa5, 0xad, 0x00, 0xa8, 0x56, 0xaa, 0xe6, 0x28, 0x5a, 0xa6, 0x00 }, // 祭
    { 0xe7, 0xa5, 0xb7, 0x00, 0x24, 0xf6, 0x4c, 0xbc, 0x2e, 0xfc, 0x28, 0x00 }, // 祷
    { 0xe7, 0xa5, 0xb8, 0x00, 0x24, 0xf6, 0x2c, 0xe0, 0xae, 0x7a, 0xee, 0x00 }, // 祸
    { 0xe7, 0xa6, 0x80, 0x00, 0xa4, 0x7c, 0xbc, 0xf6, 0x3c, 0x7c, 0xa4, 0x00 }, // 禀
    { 0xe7, 0xa6, 0x81, 0x00, 0xb4, 0x6c, 0xbe, 0xf4, 0x2c, 0x7e, 0xb4, 0x00 }, // 禁
    { 0xe7, 0xa6, 0x8f, 0x00, 0x24, 0xf6, 0x2c, 0xe2, 0xae, 0xee, 0xe2, 0x00 }, // 福
    { 0xe7, 0xa6, 0xbb, 0x00, 0xe4, 0x3c, 0xf4, 0xae, 0x74, 0xbc, 0xe4, 0x00 }, // 离
    { 0xe7, 0xa6, 0xbd, 0x00, 0xe4, 0x3c, 0xf4, 0xaa, 0x74, 0xbc, 0xe4, 0x00 }, // 禽
    { 0xe7, 0xa6, 0xbe, 0x00, 0x48, 0x4c, 0x2c, 0xfc, 0x2a, 0x4a, 0x48, 0x00 }, // 禾
    { 0xe7, 0xa7, 0x80, 0x00, 0x94, 0xb4, 0x6e, 0x3e, 0x6e, 0xd4, 0x14, 0x00 }, // 秀
    { 0xe7, 0xa7, 0x81, 0x00, 0x48, 0x2a, 0xfe, 0x2a, 0xe0, 0x9e, 0xc0, 0x00 }, // 私
    { 0xe7, 0xa7, 0x83, 0x00, 0x94, 0x94, 0x6e, 0x3e, 0xee, 0x94, 0xd4, 0x00 }, // 秃
    { 0xe7, 0xa7, 0x86, 0x00, 0x6a, 0xfe, 0x10, 0x12, 0xfe, 0x12, 0x10, 0x00 }, // 秆
    { 0xe7, 0xa7, 0x89, 0x00, 0x84, 0xac, 0x6e, 0xfe, 0x7e, 0xbc, 0x94, 0x00 }, // 秉
    { 0xe7, 0xa7, 0x8b, 0x00, 0x6a, 0xfe, 0x98, 0x40, 0x3e, 0x50, 0x88, 0x00 }, // 秋
    { 0xe7, 0xa7, 0x8d, 0x00, 0x6a, 0xfe, 0x3c, 0x24, 0xfe, 0x24, 0x3c, 0x00 }, // 种
    { 0xe7, 0xa7, 0x91, 0x00, 0x6a, 0xfe, 0x4a, 0x54, 0x40, 0xfe, 0x20, 0x00 }, // 科
    { 0xe7, 0xa7, 0x92, 0x00, 0x6a, 0xfe, 0x10, 0x8c, 0xbe, 0x44, 0x28, 0x00 }, // 秒
    { 0xe7, 0xa7, 0x95, 0x00, 0x6a, 0xfe, 0x2a, 0xfe, 0x48, 0xfe, 0x88, 0x00 }, // 秕
    { 0xe7, 0xa7, 0x98, 0x00, 0x6a, 0xfe, 0xb0, 0x7a, 0xa4, 0x90, 0xac, 0x00 }, // 秘
    { 0xe7, 0xa7, 0x9f, 0x00, 0x6a, 0xfe, 0x80, 0xfe, 0xaa, 0xfe, 0x80, 0x00 }, // 租
    { 0xe7, 0xa7, 0xa4, 0x00, 0x6a, 0xfe, 0x2a, 0x22, 0xfe, 0x22, 0x2a, 0x00 }, // 秤
    { 0xe7, 0xa7, 0xa6, 0x00, 0x90, 0xb4, 0x5c, 0xfe, 0x5c, 0xb4, 0x90, 0x00 }, // 秦
    { 0xe7, 0xa7, 0xa7, 0x00, 0x6a, 0xfe, 0x90, 0x9c, 0x76, 0x9c, 0x90, 0x00 }, // 秧
    { 0xe7, 0xa7, 0xa9, 0x00, 0x6a, 0xfe, 0x98, 0x56, 0x3e, 0x54, 0x90, 0x00 }, // 秩
    { 0xe7, 0xa7, 0xab, 0x00, 0x6a, 0xfe, 0x44, 0x34, 0xfe, 0x34, 0x46, 0x00 }, // 秫
    { 0xe7, 0xa7, 0xaf, 0x00, 0x6a, 0xfe, 0xaa, 0x5e, 0x12, 0x52, 0x9e, 0x00 }, // 积
    { 0xe7, 0xa7, 0xb0, 0x00, 0x6a, 0xfe, 0x48, 0xb6, 0xfc, 0x14, 0x6c, 0x00 }, // 称
    { 0xe7, 0xa7, 0xb8, 0x00, 0x6a, 0xfe, 0x04, 0xd4, 0xde, 0xd4, 0x04, 0x00 }, // 秸
    { 0xe7, 0xa7, 0xbb, 0x00, 0x6a, 0xfe, 0x2a, 0x94, 0xaa, 0x56, 0x30, 0x00 }, // 移
    { 0xe7, 0xa7, 0xbd, 0x00, 0x6a, 0xfe, 0x86, 0xa4, 0x5e, 0x34, 0x06, 0x00 }, // 秽
    { 0xe7, 0xa8, 0x80, 0x00, 0x6a, 0xfe, 0x90, 0x5a, 0xf4, 0x5a, 0xd0, 0x00 }, // 稀
    { 0xe7, 0xa8, 0x8b, 0x00, 0x6a, 0xfe, 0x88, 0xae, 0xfa, 0xae, 0x88, 0x00 }, // 程
    { 0xe7, 0xa8, 0x8d, 0x00, 0x6a, 0xfe, 0x2a, 0xfa, 0x28, 0xae, 0xfa, 0x00 }, // 稍
    { 0xe7, 0xa8, 0x8e, 0x00, 0x6a, 0xfe, 0x9c, 0x76, 0x14, 0xf6, 0x9c, 0x00 }, // 税
    { 0xe7, 0xa8, 0x9a, 0x00, 0x6a, 0xfe, 0x2a, 0xfe, 0x94, 0xfe, 0x94, 0x00 }, // 稚
    { 0xe7, 0xa8, 0xa0, 0x00, 0x6a, 0xfe, 0xfe, 0x6a, 0x5e, 0x6a, 0xfe, 0x00 }, // 稠
    { 0xe7, 0xa8, 0xb3, 0x00, 0x6a, 0xfe, 0xc4, 0x6a, 0xae, 0xb8, 0xc0, 0x00 }, // 稳
    { 0xe7, 0xa8, 0xbb, 0x00, 0x6a, 0xfe, 0xe4, 0xd4, 0x84, 0xd2, 0xf6, 0x00 }, // 稻
    { 0xe7, 0xa8, 0xbc, 0x00, 0x6a, 0xfe, 0x4c, 0xb4, 0xf6, 0x54, 0xac, 0x00 }, // 稼
    { 0xe7, 0xa8, 0xbd, 0x00, 0x6a, 0xfe, 0x14, 0xec, 0xde, 0xd4, 0xd6, 0x00 }, // 稽
    { 0xe7, 0xa8, 0xbf, 0x00, 0x6a, 0xfe, 0xe4, 0x3c, 0xb6, 0x3c, 0xe4, 0x00 }, // 稿
    { 0xe7, 0xa9, 0x86, 0x00, 0x6a, 0xfe, 0x10, 0x8c, 0xbe, 0xac, 0x50, 0x00 }, // 穆
    { 0xe7, 0xa9, 0x97, 0x00, 0x6a, 0xfe, 0xc4, 0x5c, 0x9e, 0x8c, 0xd4, 0x00 }, // 穗
    { 0xe7, 0xa9, 0xb4, 0x00, 0x8c, 0x44, 0x34, 0x06, 0x34, 0x44, 0x8c, 0x00 }, // 穴
    { 0xe7, 0xa9, 0xb6, 0x00, 0xac, 0xb4, 0x6c, 0x36, 0xec, 0x94, 0xcc, 0x00 }, // 究
    { 0xe7, 0xa9, 0xb7, 0x00, 0xac, 0xb4, 0x6c, 0x36, 0xac, 0xf4, 0x0c, 0x00 }, // 穷
    { 0xe7, 0xa9, 0xba, 0x00, 0x8c, 0x94, 0xac, 0xe6, 0xac, 0x94, 0x8c, 0x00 }, // 空
    { 0xe7, 0xa9, 0xbf, 0x00, 0xac, 0xb4, 0x6c, 0x2e, 0xb4, 0xfc, 0x2c, 0x00 }, // 穿
    { 0xe7, 0xaa, 0x81, 0x00, 0xac, 0xb4, 0xac, 0x76, 0xac, 0xb4, 0xac, 0x00 }, // 突
    { 0xe7, 0xaa, 0x83, 0x00, 0x2c, 0xf4, 0xac, 0x06, 0xac, 0x74, 0xec, 0x00 }, // 窃
    { 0xe7, 0xaa, 0x84, 0x00, 0x4c, 0x34, 0x2c, 0xe6, 0x6c, 0x54, 0x4c, 0x00 }, // 窄
    { 0xe7, 0xaa, 0x8d, 0x00, 0x5c, 0x74, 0x5c, 0x0e, 0xb4, 0xac, 0xec, 0x00 }, // 窍
    { 0xe7, 0xaa, 0x91, 0x00, 0x4c, 0x54, 0xfc, 0xbe, 0xf4, 0xbc, 0xcc, 0x00 }, // 窑
    { 0xe7, 0xaa, 0x92, 0x00, 0x8c, 0xb4, 0xac, 0xf6, 0xbc, 0x94, 0xac, 0x00 }, // 窒
    { 0xe7, 0xaa, 0x96, 0x00, 0x4c, 0x64, 0xdc, 0xfe, 0xd4, 0x5c, 0x4c, 0x00 }, // 窖
    { 0xe7, 0xaa, 0x97, 0x00, 0x0c, 0xf4, 0xdc, 0xbe, 0xf4, 0xfc, 0x0c, 0x00 }, // 窗
    { 0xe7, 0xaa, 0x98, 0x00, 0xac, 0xa4, 0x7c, 0xfe, 0xb4, 0xbc, 0xec, 0x00 }, // 窘
    { 0xe7, 0xaa, 0x9c, 0x00, 0x6c, 0x74, 0x7c, 0xfe, 0x74, 0x7c, 0x6c, 0x00 }, // 窜
    { 0xe7, 0xaa, 0x9d, 0x00, 0xec, 0x34, 0xbc, 0x7e, 0xb4, 0x3c, 0xec, 0x00 }, // 窝
    { 0xe7, 0xaa, 0x9f, 0x00, 0x8c, 0x74, 0xfc, 0xbe, 0xf4, 0xbc, 0xcc, 0x00 }, // 窟
    { 0xe7, 0xaa, 0xa5, 0x00, 0xac, 0x74, 0xac, 0x86, 0x7c, 0xd4, 0xbc, 0x00 }, // 窥
    { 0xe7, 0xaa, 0xbf, 0x00, 0xfc, 0x74, 0xac, 0xae, 0xd4, 0xbc, 0xac, 0x00 }, // 窿
    { 0xe7, 0xab, 0x8b, 0x00, 0x84, 0x84, 0xb4, 0x86, 0xc4, 0xb4, 0x84, 0x00 }, // 立
    { 0xe7, 0xab, 0x96, 0x00, 0x8c, 0xa0, 0xfe, 0xa0, 0xf6, 0xaa, 0x96, 0x00 }, // 竖
    { 0xe7, 0xab, 0x99, 0x00, 0x54, 0x66, 0x5c, 0xe0, 0xbe, 0xa8, 0xe8, 0x00 }, // 站
    { 0xe7, 0xab, 0x9e, 0x00, 0x90, 0x94, 0x7c, 0x56, 0xfc, 0x94, 0xd0, 0x00 }, // 竞
    { 0xe7, 0xab, 0x9f, 0x00, 0x90, 0x94, 0x7c, 0x76, 0xfc, 0x94, 0xd0, 0x00 }, // 竟
    { 0xe7, 0xab, 0xa0, 0x00, 0x50, 0x74, 0x5c, 0xd6, 0x5c, 0x74, 0x50, 0x00 }, // 章
    { 0xe7, 0xab, 0xa3, 0x00, 0x54, 0x66, 0x5c, 0xae, 0x64, 0xac, 0x96, 0x00 }, // 竣
    { 0xe7, 0xab, 0xa5, 0x00, 0x90, 0xb4, 0xbc, 0xf6, 0xbc, 0xb4, 0x90, 0x00 }, // 童
    { 0xe7, 0xab, 0xad, 0x00, 0x54, 0x66, 0x3c, 0x6e, 0x5a, 0x9e, 0xf0, 0x00 }, // 竭
    { 0xe7, 0xab, 0xaf, 0x00, 0x54, 0x66, 0xde, 0x74, 0xd6, 0x54, 0xd6, 0x00 }, // 端
    { 0xe7, 0xab, 0xb9, 0x00, 0x08, 0x06, 0xfc, 0x08, 0x86, 0xfc, 0x04, 0x00 }, // 竹
    { 0xe7, 0xab, 0xbf, 0x00, 0x48, 0x56, 0x5c, 0xf8, 0x56, 0x5c, 0x44, 0x00 }, // 竿
    { 0xe7, 0xac, 0x86, 0x00, 0x08, 0x7e, 0xac, 0xb8, 0xae, 0xbc, 0xc4, 0x00 }, // 笆
    { 0xe7, 0xac, 0x8b, 0x00, 0xa8, 0xa6, 0x6c, 0x38, 0x2e, 0x3c, 0x14, 0x00 }, // 笋
    { 0xe7, 0xac, 0x91, 0x00, 0xa8, 0xa6, 0xac, 0x78, 0xa6, 0xac, 0xa4, 0x00 }, // 笑
    { 0xe7, 0xac, 0x94, 0x00, 0x48, 0x56, 0x5c, 0xf8, 0xa6, 0xac, 0xc4, 0x00 }, // 笔
    { 0xe7, 0xac, 0x99, 0x00, 0xa8, 0x96, 0xbc, 0xf8, 0xb6, 0xbc, 0x94, 0x00 }, // 笙
    { 0xe7, 0xac, 0x9b, 0x00, 0x08, 0xe6, 0xac, 0xf8, 0xa6, 0xec, 0x04, 0x00 }, // 笛
    { 0xe7, 0xac, 0xa4, 0x00, 0x48, 0x56, 0x3c, 0xd8, 0xd6, 0xdc, 0x34, 0x00 }, // 笤
    { 0xe7, 0xac, 0xa6, 0x00, 0x28, 0xf6, 0x0c, 0x58, 0x96, 0xfc, 0x14, 0x00 }, // 符
    { 0xe7, 0xac, 0xa8, 0x00, 0x58, 0x36, 0x5c, 0xf8, 0x56, 0x3c, 0x54, 0x00 }, // 笨
    { 0xe7, 0xac, 0xac, 0x00, 0x88, 0xb6, 0x5c, 0xf8, 0x56, 0x5c, 0xc4, 0x00 }, // 第
    { 0xe7, 0xac, 0xbc, 0x00, 0x98, 0x56, 0x3c, 0x58, 0xf6, 0xdc, 0xa4, 0x00 }, // 笼
    { 0xe7, 0xad, 0x89, 0x00, 0x28, 0x26, 0x6c, 0xb8, 0xf6, 0x2c, 0x24, 0x00 }, // 等
    { 0xe7, 0xad, 0x8b, 0x00, 0x88, 0x76, 0xfc, 0xa8, 0x76, 0xac, 0xe4, 0x00 }, // 筋
    { 0xe7, 0xad, 0x8f, 0x00, 0x28, 0xf6, 0x0c, 0xa8, 0xa6, 0x7c, 0x94, 0x00 }, // 筏
    { 0xe7, 0xad, 0x90, 0x00, 0x08, 0xf6, 0x9c, 0xb8, 0xf6, 0xbc, 0x94, 0x00 }, // 筐
    { 0xe7, 0xad, 0x91, 0x00, 0xa8, 0xe6, 0xac, 0x88, 0x66, 0xec, 0x84, 0x00 }, // 筑
    { 0xe7, 0xad, 0x92, 0x00, 0xf8, 0x16, 0xdc, 0xd8, 0xd6, 0x1c, 0xf4, 0x00 }, // 筒
    { 0xe7, 0xad, 0x94, 0x00, 0x28, 0x26, 0xdc, 0xd8, 0xd6, 0x2c, 0x24, 0x00 }, // 答
    { 0xe7, 0xad, 0x96, 0x00, 0xb8, 0x96, 0x5c, 0xf8, 0x56, 0x9c, 0xb4, 0x00 }, // 策
    { 0xe7, 0xad, 0x9b, 0x00, 0xb8, 0x76, 0x0c, 0x68, 0x2e, 0xfc, 0x6c, 0x00 }, // 筛
    { 0xe7, 0xad, 0x9d, 0x00, 0x28, 0x36, 0xac, 0xe8, 0x7e, 0x6c, 0x24, 0x00 }, // 筝
    { 0xe7, 0xad, 0xb7, 0x00, 0x68, 0xf6, 0x0c, 0xa8, 0x76, 0xbc, 0xa4, 0x00 }, // 筷
    { 0xe7, 0xad, 0xb9, 0x00, 0xa8, 0x76, 0xbc, 0x38, 0xb6, 0xfc, 0x24, 0x00 }, // 筹
    { 0xe7, 0xad, 0xbe, 0x00, 0x98, 0xb6, 0xdc, 0xa8, 0xd6, 0xbc, 0x94, 0x00 }, // 签
    { 0xe7, 0xae, 0x80, 0x00, 0xe8, 0x06, 0xdc, 0xd8, 0xd6, 0x1c, 0xf4, 0x00 }, // 简
    { 0xe7, 0xae, 0x8d, 0x00, 0xa8, 0xf6, 0x0c, 0xf8, 0xbe, 0xfc, 0xb4, 0x00 }, // 箍
    { 0xe7, 0xae, 0x95, 0x00, 0x48, 0xd6, 0x7c, 0x58, 0x76, 0xdc, 0x44, 0x00 }, // 箕
    { 0xe7, 0xae, 0x97, 0x00, 0x48, 0xf6, 0x5c, 0x58, 0xd6, 0x7c, 0x44, 0x00 }, // 算
    { 0xe7, 0xae, 0xa1, 0x00, 0x38, 0x16, 0xfc, 0xf8, 0xd6, 0xdc, 0x34, 0x00 }, // 管
    { 0xe7, 0xae, 0xa9, 0x00, 0x88, 0x9e, 0xbc, 0x58, 0x5e, 0x3c, 0x04, 0x00 }, // 箩
    { 0xe7, 0xae, 0xab, 0x00, 0x88, 0x76, 0x5c, 0xf8, 0x1e, 0x5c, 0xf4, 0x00 }, // 箫
    { 0xe7, 0xae, 0xad, 0x00, 0x18, 0xf6, 0x5c, 0xf8, 0x16, 0xfc, 0x14, 0x00 }, // 箭
    { 0xe7, 0xae, 0xb1, 0x00, 0xa8, 0x66, 0xfc, 0x68, 0xf6, 0xac, 0xf4, 0x00 }, // 箱
    { 0xe7, 0xaf, 0x87, 0x00, 0x88, 0x76, 0xdc, 0x58, 0xd6, 0x7c, 0xc4, 0x00 }, // 篇
    { 0xe7, 0xaf, 0x93, 0x00, 0xa8, 0xae, 0xf4, 0xb8, 0x76, 0xac, 0xa4, 0x00 }, // 篓
    { 0xe7, 0xaf, 0x99, 0x00, 0xe8, 0x26, 0xfc, 0xa8, 0xfe, 0x2c, 0xe4, 0x00 }, // 篙
    { 0xe7, 0xaf, 0xa1, 0x00, 0xa8, 0x66, 0xbc, 0xf8, 0xb6, 0x6c, 0xa4, 0x00 }, // 篡
    { 0xe7, 0xaf, 0xae, 0x00, 0x98, 0x86, 0xfc, 0xc8, 0xd6, 0x9c, 0x94, 0x00 }, // 篮
    { 0xe7, 0xaf, 0xb1, 0x00, 0xe8, 0x3e, 0xec, 0xb8, 0x6e, 0xbc, 0xec, 0x00 }, // 篱
    { 0xe7, 0xaf, 0xb7, 0x00, 0xa8, 0x66, 0x8c, 0xa8, 0xb6, 0xfc, 0xa4, 0x00 }, // 篷
    { 0xe7, 0xb0, 0x87, 0x00, 0x98, 0x76, 0xdc, 0x08, 0xb6, 0x6c, 0xa4, 0x00 }, // 簇
    { 0xe7, 0xb0, 0xb8, 0x00, 0xa8, 0x36, 0xac, 0x78, 0xb6, 0x5c, 0xb4, 0x00 }, // 簸
    { 0xe7, 0xb0, 0xbf, 0x00, 0xa8, 0x06, 0x2c, 0x78, 0xb6, 0xfc, 0x24, 0x00 }, // 簿
    { 0xe7, 0xb1, 0x8d, 0x00, 0xa8, 0x66, 0xfc, 0x78, 0xd6, 0xfc, 0x54, 0x00 }, // 籍
    { 0xe7, 0xb1, 0xb3, 0x00, 0x48, 0x4a, 0x28, 0xfe, 0x28, 0x4a, 0x48, 0x00 }, // 米
    { 0xe7, 0xb1, 0xbb, 0x00, 0xa4, 0xb6, 0xac, 0x7e, 0xac, 0xb6, 0xa4, 0x00 }, // 类
    { 0xe7, 0xb1, 0xbd, 0x00, 0x6a, 0xfc, 0x2a, 0x10, 0x92, 0xfa, 0x16, 0x00 }, // 籽
    { 0xe7, 0xb2, 0x89, 0x00, 0x6a, 0xfc, 0x8a, 0x76, 0x90, 0xf6, 0x08, 0x00 }, // 粉
    { 0xe7, 0xb2, 0x92, 0x00, 0x6a, 0xfc, 0x86, 0xb4, 0xc6, 0xbc, 0x84, 0x00 }, // 粒
    { 0xe7, 0xb2, 0x97, 0x00, 0x6a, 0xfc, 0x82, 0xfe, 0xaa, 0xfe, 0x80, 0x00 }, // 粗
    { 0xe7, 0xb2, 0x98, 0x00, 0x6a, 0xfc, 0x2a, 0xe0, 0xbe, 0xa8, 0xe8, 0x00 }, // 粘
    { 0xe7, 0xb2, 0x9f, 0x00, 0xa2, 0xb6, 0x66, 0xfe, 0x66, 0xb6, 0xa2, 0x00 }, // 粟
    { 0xe7, 0xb2, 0xa4, 0x00, 0x20, 0x3c, 0x34, 0xbe, 0xac, 0xfc, 0x20, 0x00 }, // 粤
    { 0xe7, 0xb2, 0xa5, 0x00, 0xba, 0xee, 0x54, 0xfe, 0x54, 0xba, 0xee, 0x00 }, // 粥
    { 0xe7, 0xb2, 0xaa, 0x00, 0x48, 0xda, 0x74, 0x5e, 0x74, 0xda, 0x48, 0x00 }, // 粪
    { 0xe7, 0xb2, 0xae, 0x00, 0x6a, 0xfc, 0x2a, 0xfc, 0xb4, 0x56, 0xbc, 0x00 }, // 粮
    { 0xe7, 0xb2, 0xb1, 0x00, 0xaa, 0xb0, 0x6a, 0xf6, 0x6a, 0xbe, 0xa4, 0x00 }, // 粱
    { 0xe7, 0xb2, 0xb9, 0x00, 0x6a, 0xfc, 0x66, 0x5c, 0xe6, 0x5c, 0x64, 0x00 }, // 粹
    { 0xe7, 0xb2, 0xbe, 0x00, 0x6a, 0xfc, 0x12, 0xf4, 0x5e, 0xf4, 0x10, 0x00 }, // 精
    { 0xe7, 0xb3, 0x8a, 0x00, 0x6a, 0xfc, 0x74, 0x5e, 0xf4, 0x7e, 0xfe, 0x00 }, // 糊
    { 0xe7, 0xb3, 0x95, 0x00, 0x6a, 0xfc, 0xa4, 0x2e, 0xbc, 0x2e, 0xa4, 0x00 }, // 糕
    { 0xe7, 0xb3, 0x96, 0x00, 0x6a, 0xfc, 0x7e, 0x24, 0xec, 0xbe, 0xd4, 0x00 }, // 糖
    { 0xe7, 0xb3, 0x99, 0x00, 0x6a, 0xfc, 0xfa, 0x90, 0xf6, 0xde, 0xf4, 0x00 }, // 糙
    { 0xe7, 0xb3, 0x9c, 0x00, 0x80, 0x7c, 0xac, 0x7c, 0xee, 0x7c, 0xac, 0x00 }, // 糜
    { 0xe7, 0xb3, 0x9f, 0x00, 0x6a, 0xfc, 0x34, 0xfe, 0xb4, 0xfe, 0x34, 0x00 }, // 糟
    { 0xe7, 0xb3, 0xa0, 0x00, 0x6a, 0xfc, 0x7c, 0xa4, 0xfe, 0x5c, 0xac, 0x00 }, // 糠
    { 0xe7, 0xb3, 0xaf, 0x00, 0x6a, 0xfc, 0xcc, 0x56, 0xfe, 0x56, 0xcc, 0x00 }, // 糯
    { 0xe7, 0xb3, 0xbb, 0x00, 0xa0, 0x2a, 0xbe, 0xea, 0x26, 0x12, 0xa0, 0x00 }, // 系
    { 0xe7, 0xb4, 0x8a, 0x00, 0xa4, 0x24, 0x6c, 0xd6, 0x2c, 0x24, 0xa4, 0x00 }, // 紊
    { 0xe7, 0xb4, 0xa0, 0x00, 0xa8, 0x6c, 0xbc, 0xee, 0x2c, 0x5c, 0xa8, 0x00 }, // 素
    { 0xe7, 0xb4, 0xa2, 0x00, 0xb0, 0x14, 0x74, 0xde, 0x34, 0x14, 0xb0, 0x00 }, // 索
    { 0xe7, 0xb4, 0xa7, 0x00, 0xac, 0x20, 0xbe, 0xe0, 0x36, 0x2a, 0xb6, 0x00 }, // 紧
    { 0xe7, 0xb4, 0xab, 0x00, 0x9c, 0x30, 0xbe, 0xf4, 0x20, 0x1e, 0xb4, 0x00 }, // 紫
    { 0xe7, 0xb4, 0xaf, 0x00, 0xa0, 0x2e, 0xba, 0xee, 0x2a, 0x1e, 0xa0, 0x00 }, // 累
    { 0xe7, 0xb5, 0xae, 0x00, 0x94, 0x3c, 0xb6, 0xec, 0x3e, 0x32, 0x9e, 0x00 }, // 絮
    { 0xe7, 0xb9, 0x81, 0x00, 0x96, 0x3c, 0xbc, 0xec, 0x34, 0x2a, 0x96, 0x00 }, // 繁
    { 0xe7, 0xba, 0xa0, 0x00, 0xb4, 0xaa, 0x00, 0x3c, 0x20, 0x10, 0xfe, 0x00 }, // 纠
    { 0xe7, 0xba, 0xa2, 0x00, 0xb4, 0xaa, 0x00, 0x84, 0x84, 0xfc, 0x84, 0x00 }, // 红
    { 0xe7, 0xba, 0xa4, 0x00, 0xb4, 0xaa, 0x10, 0x14, 0xfc, 0x12, 0x10, 0x00 }, // 纤
    { 0xe7, 0xba, 0xa6, 0x00, 0xb4, 0xaa, 0x00, 0x08, 0x16, 0xa4, 0xfc, 0x00 }, // 约
    { 0xe7, 0xba, 0xa7, 0x00, 0xb4, 0xaa, 0x42, 0xbe, 0xa2, 0x4e, 0xb8, 0x00 }, // 级
    { 0xe7, 0xba, 0xaa, 0x00, 0xb4, 0xaa, 0x00, 0xf2, 0x92, 0x92, 0xde, 0x00 }, // 纪
    { 0xe7, 0xba, 0xab, 0x00, 0xb4, 0xaa, 0x00, 0x92, 0x7e, 0x82, 0xfe, 0x00 }, // 纫
    { 0xe7, 0xba, 0xac, 0x00, 0xb4, 0xaa, 0x44, 0x54, 0xfe, 0x54, 0xc4, 0x00 }, // 纬
    { 0xe7, 0xba, 0xaf, 0x00, 0xb4, 0xaa, 0x34, 0x24, 0xfe, 0xa4, 0xb4, 0x00 }, // 纯
    { 0xe7, 0xba, 0xb1, 0x00, 0xb4, 0xaa, 0x10, 0x8c, 0xbe, 0x44, 0x28, 0x00 }, // 纱
    { 0xe7, 0xba, 0xb2, 0x00, 0xb4, 0xaa, 0xfe, 0x2a, 0x12, 0xaa, 0xfe, 0x00 }, // 纲
    { 0xe7, 0xba, 0xb3, 0x00, 0xb4, 0xaa, 0xfc, 0x24, 0x1e, 0xa4, 0xfc, 0x00 }, // 纳
    { 0xe7, 0xba, 0xb5, 0x00, 0xb4, 0xaa, 0xe0, 0x1e, 0xd0, 0x3e, 0xc0, 0x00 }, // 纵
    { 0xe7, 0xba, 0xb7, 0x00, 0xb4, 0xaa, 0x88, 0x76, 0x90, 0xf6, 0x08, 0x00 }, // 纷
    { 0xe7, 0xba, 0xb8, 0x00, 0xb4, 0xaa, 0x00, 0xfc, 0x94, 0x7c, 0x92, 0x00 }, // 纸
    { 0xe7, 0xba, 0xb9, 0x00, 0xb4, 0xaa, 0x84, 0x5c, 0x26, 0x5c, 0x84, 0x00 }, // 纹
    { 0xe7, 0xba, 0xba, 0x00, 0xb4, 0xaa, 0x00, 0x84, 0x7c, 0x96, 0xf4, 0x00 }, // 纺
    { 0xe7, 0xba, 0xbd, 0x00, 0xb4, 0xaa, 0x12, 0xfe, 0x92, 0xfe, 0x80, 0x00 }, // 纽
    { 0xe7, 0xba, 0xbf, 0x00, 0xb4, 0xaa, 0x14, 0x94, 0xbe, 0x54, 0xa6, 0x00 }, // 线
    { 0xe7, 0xbb, 0x83, 0x00, 0xb4, 0xaa, 0x54, 0x9c, 0xfe, 0x14, 0x54, 0x00 }, // 练
    { 0xe7, 0xbb, 0x84, 0x00, 0xb4, 0xaa, 0x00, 0xfe, 0xaa, 0xfe, 0x80, 0x00 }, // 组
    { 0xe7, 0xbb, 0x85, 0x00, 0xb4, 0xaa, 0x7c, 0x54, 0xfe, 0x54, 0x7c, 0x00 }, // 绅
    { 0xe7, 0xbb, 0x86, 0x00, 0xb4, 0xaa, 0x00, 0xfe, 0x92, 0xfe, 0xfe, 0x00 }, // 细
    { 0xe7, 0xbb, 0x87, 0x00, 0xb4, 0xaa, 0x80, 0x5e, 0x12, 0x52, 0x9e, 0x00 }, // 织
    { 0xe7, 0xbb, 0x88, 0x00, 0xb4, 0xaa, 0x10, 0x14, 0xaa, 0x96, 0x10, 0x00 }, // 终
    { 0xe7, 0xbb, 0x8a, 0x00, 0xb4, 0xaa, 0x54, 0x50, 0xfe, 0x50, 0x54, 0x00 }, // 绊
    { 0xe7, 0xbb, 0x8d, 0x00, 0xb4, 0xaa, 0x00, 0xea, 0xa6, 0xb2, 0xfe, 0x00 }, // 绍
    { 0xe7, 0xbb, 0x8e, 0x00, 0xb4, 0xaa, 0x50, 0x56, 0xea, 0x56, 0x50, 0x00 }, // 绎
    { 0xe7, 0xbb, 0x8f, 0x00, 0xb4, 0xaa, 0x10, 0xb2, 0xea, 0xb6, 0x90, 0x00 }, // 经
    { 0xe7, 0xbb, 0x91, 0x00, 0xb4, 0xaa, 0x54, 0xfe, 0x54, 0xfe, 0x36, 0x00 }, // 绑
    { 0xe7, 0xbb, 0x92, 0x00, 0xb4, 0xaa, 0x14, 0x7c, 0x94, 0x7e, 0xa4, 0x00 }, // 绒
    { 0xe7, 0xbb, 0x93, 0x00, 0xb4, 0xaa, 0x04, 0xd4, 0xde, 0xd4, 0x04, 0x00 }, // 结
    { 0xe7, 0xbb, 0x95, 0x00, 0xb4, 0xaa, 0xa4, 0x74, 0x36, 0xec, 0xb4, 0x00 }, // 绕
    { 0xe7, 0xbb, 0x98, 0x00, 0xb4, 0xaa, 0x28, 0xe4, 0xaa, 0x6c, 0xa8, 0x00 }, // 绘
    { 0xe7, 0xbb, 0x99, 0x00, 0xb4, 0xaa, 0x08, 0xe4, 0xaa, 0xec, 0x08, 0x00 }, // 给
    { 0xe7, 0xbb, 0x9c, 0x00, 0xb4, 0xaa, 0x10, 0xf4, 0xaa, 0xf6, 0x10, 0x00 }, // 络
    { 0xe7, 0xbb, 0x9d, 0x00, 0xb4, 0xaa, 0x00, 0xfc, 0xba, 0xae, 0xb8, 0x00 }, // 绝
    { 0xe7, 0xbb, 0x9e, 0x00, 0xb4, 0xaa, 0x14, 0xac, 0x46, 0xac, 0x94, 0x00 }, // 绞
    { 0xe7, 0xbb, 0x9f, 0x00, 0xb4, 0xaa, 0x94, 0x7c, 0x16, 0xec, 0x94, 0x00 }, // 统
    { 0xe7, 0xbb, 0xa2, 0x00, 0xb4, 0xaa, 0x00, 0xf0, 0x56, 0x56, 0xf0, 0x00 }, // 绢
    { 0xe7, 0xbb, 0xa3, 0x00, 0xb4, 0xaa, 0xb4, 0x6e, 0x3e, 0x6e, 0xd4, 0x00 }, // 绣
    { 0xe7, 0xbb, 0xa7, 0x00, 0xb4, 0xaa, 0x00, 0xfe, 0xaa, 0x9c, 0xaa, 0x00 }, // 继
    { 0xe7, 0xbb, 0xa9, 0x00, 0xb4, 0xaa, 0x30, 0x94, 0x5e, 0x14, 0xb0, 0x00 }, // 绩
    { 0xe7, 0xbb, 0xaa, 0x00, 0xb4, 0xaa, 0x50, 0x34, 0xde, 0xd4, 0xd2, 0x00 }, // 绪
    { 0xe7, 0xbb, 0xad, 0x00, 0xb4, 0xaa, 0x28, 0xba, 0x6e, 0x3a, 0xb8, 0x00 }, // 续
    { 0xe7, 0xbb, 0xb0, 0x00, 0xb4, 0xaa, 0x40, 0x78, 0xee, 0x7c, 0x44, 0x00 }, // 绰
    { 0xe7, 0xbb, 0xb3, 0x00, 0xb4, 0xaa, 0x38, 0x2e, 0xfa, 0xae, 0xb8, 0x00 }, // 绳
    { 0xe7, 0xbb, 0xb4, 0x00, 0xb4, 0xaa, 0x08, 0xfe, 0x94, 0xfe, 0x94, 0x00 }, // 维
    { 0xe7, 0xbb, 0xb5, 0x00, 0xb4, 0xaa, 0x60, 0x3c, 0xf6, 0x3c, 0x60, 0x00 }, // 绵
    { 0xe7, 0xbb, 0xb7, 0x00, 0xb4, 0xaa, 0x7e, 0xaa, 0x7e, 0xaa, 0xfe, 0x00 }, // 绷
    { 0xe7, 0xbb, 0xb8, 0x00, 0xb4, 0xaa, 0xfe, 0x6a, 0x5e, 0x6a, 0xfe, 0x00 }, // 绸
    { 0xe7, 0xbb, 0xbc, 0x00, 0xb4, 0xaa, 0x2c, 0xa4, 0xee, 0x2c, 0xac, 0x00 }, // 综
    { 0xe7, 0xbb, 0xbd, 0x00, 0xb4, 0xaa, 0x8c, 0x64, 0x8c, 0xfe, 0xac, 0x00 }, // 绽
    { 0xe7, 0xbb, 0xbf, 0x00, 0xb4, 0xaa, 0xa8, 0x4a, 0xfa, 0x4e, 0xa8, 0x00 }, // 绿
    { 0xe7, 0xbc, 0x80, 0x00, 0xb4, 0xaa, 0xba, 0x56, 0xba, 0x56, 0xba, 0x00 }, // 缀
    { 0xe7, 0xbc, 0x85, 0x00, 0xb4, 0xaa, 0x00, 0xfa, 0xae, 0xfa, 0xfa, 0x00 }, // 缅
    { 0xe7, 0xbc, 0x86, 0x00, 0xb4, 0xaa, 0x8c, 0x7e, 0x50, 0xf6, 0x8c, 0x00 }, // 缆
    { 0xe7, 0xbc, 0x8e, 0x00, 0xb4, 0xaa, 0xfc, 0x2a, 0xb6, 0x52, 0xb6, 0x00 }, // 缎
    { 0xe7, 0xbc, 0x93, 0x00, 0xb4, 0xaa, 0x8c, 0x54, 0xbc, 0x52, 0xba, 0x00 }, // 缓
    { 0xe7, 0xbc, 0x94, 0x00, 0xb4, 0xaa, 0x34, 0xdc, 0x76, 0xdc, 0x34, 0x00 }, // 缔
    { 0xe7, 0xbc, 0x95, 0x00, 0xb4, 0xaa, 0x2a, 0xf4, 0xae, 0x64, 0xaa, 0x00 }, // 缕
    { 0xe7, 0xbc, 0x96, 0x00, 0xb4, 0xaa, 0x80, 0x7c, 0xee, 0x6c, 0xe0, 0x00 }, // 编
    { 0xe7, 0xbc, 0x98, 0x00, 0xb4, 0xaa, 0x48, 0xbc, 0xea, 0x4e, 0xaa, 0x00 }, // 缘
    { 0xe7, 0xbc, 0x9a, 0x00, 0xb4, 0xaa, 0x24, 0x7c, 0xbe, 0xfc, 0x26, 0x00 }, // 缚
    { 0xe7, 0xbc, 0x9d, 0x00, 0xb4, 0xaa, 0x90, 0x72, 0xb4, 0xea, 0xb6, 0x00 }, // 缝
    { 0xe7, 0xbc, 0xa0, 0x00, 0xb4, 0xaa, 0x7c, 0xac, 0xfe, 0xac, 0xbc, 0x00 }, // 缠
    { 0xe7, 0xbc, 0xa4, 0x00, 0xb4, 0xaa, 0x24, 0xbc, 0x2e, 0x3c, 0xac, 0x00 }, // 缤
    { 0xe7, 0xbc, 0xa8, 0x00, 0xb4, 0xaa, 0x36, 0xea, 0xb6, 0x6a, 0xb6, 0x00 }, // 缨
    { 0xe7, 0xbc, 0xa9, 0x00, 0xb4, 0xaa, 0x2c, 0xf4, 0x16, 0xf4, 0xdc, 0x00 }, // 缩
    { 0xe7, 0xbc, 0xad, 0x00, 0xb4, 0xaa, 0x14, 0xbc, 0xd6, 0x3c, 0x94, 0x00 }, // 缭
    { 0xe7, 0xbc, 0xb0, 0x00, 0xb4, 0xaa, 0x00, 0x92, 0xfe, 0xfe, 0x92, 0x00 }, // 缰
    { 0xe7, 0xbc, 0xb4, 0x00, 0xb4, 0xaa, 0x5c, 0xbe, 0xf8, 0x46, 0xbc, 0x00 }, // 缴
    { 0xe7, 0xbc, 0xb8, 0x00, 0xd8, 0x96, 0xfc, 0xd4, 0x84, 0xfc, 0x84, 0x00 }, // 缸
    { 0xe7, 0xbc, 0xba, 0x00, 0xd8, 0x96, 0xfc, 0xd4, 0x94, 0x7e, 0x9c, 0x00 }, // 缺
    { 0xe7, 0xbd, 0x90, 0x00, 0xd6, 0xfc, 0x4c, 0xfe, 0xa4, 0xfe, 0xac, 0x00 }, // 罐
    { 0xe7, 0xbd, 0x91, 0x00, 0xfe, 0x4a, 0x32, 0x4a, 0x32, 0x4a, 0xfe, 0x00 }, // 网
    { 0xe7, 0xbd, 0x95, 0x00, 0x46, 0x4a, 0x56, 0xf2, 0x56, 0x4a, 0x46, 0x00 }, // 罕
    { 0xe7, 0xbd, 0x97, 0x00, 0x8e, 0xaa, 0xae, 0x5a, 0x5e, 0x3a, 0x0e, 0x00 }, // 罗
    { 0xe7, 0xbd, 0x9a, 0x00, 0x4e, 0xda, 0x8e, 0x0a, 0x3e, 0x8a, 0xfe, 0x00 }, // 罚
    { 0xe7, 0xbd, 0xa2, 0x00, 0xae, 0xaa, 0xee, 0xba, 0xae, 0x6a, 0xae, 0x00 }, // 罢
    { 0xe7, 0xbd, 0xa9, 0x00, 0x4e, 0x6a, 0x6e, 0xfa, 0x7e, 0x5a, 0x4e, 0x00 }, // 罩
    { 0xe7, 0xbd, 0xaa, 0x00, 0x56, 0x56, 0xfe, 0x06, 0xfe, 0x56, 0x56, 0x00 }, // 罪
    { 0xe7, 0xbd, 0xae, 0x00, 0x8e, 0xfa, 0xae, 0xaa, 0xae, 0xfa, 0x8e, 0x00 }, // 置
    { 0xe7, 0xbd, 0xb2, 0x00, 0xae, 0xaa, 0x7e, 0xfa, 0xbe, 0xea, 0x2e, 0x00 }, // 署
    { 0xe7, 0xbe, 0x8a, 0x00, 0x44, 0x56, 0x54, 0xfc, 0x54, 0x56, 0x44, 0x00 }, // 羊
    { 0xe7, 0xbe, 0x8e, 0x00, 0xa4, 0xac, 0x6e, 0x3c, 0x6e, 0xac, 0xa4, 0x00 }, // 美
    { 0xe7, 0xbe, 0x94, 0x00, 0xa4, 0x2e, 0xac, 0x3c, 0xac, 0x2e, 0xa4, 0x00 }, // 羔
    { 0xe7, 0xbe, 0x9e, 0x00, 0x54, 0x56, 0xb4, 0xfc, 0xb4, 0xf6, 0x94, 0x00 }, // 羞
    { 0xe7, 0xbe, 0xa1, 0x00, 0xb4, 0x16, 0x94, 0xbc, 0x74, 0xb6, 0x94, 0x00 }, // 羡
    { 0xe7, 0xbe, 0xa4, 0x00, 0x4a, 0xfe, 0xea, 0xde, 0x56, 0xfc, 0x56, 0x00 }, // 群
    { 0xe7, 0xbe, 0xb9, 0x00, 0x94, 0xae, 0xfc, 0x6c, 0xfc, 0xae, 0x94, 0x00 }, // 羹
    { 0xe7, 0xbe, 0xbd, 0x00, 0x42, 0x4a, 0xa2, 0xfe, 0x4a, 0xa2, 0xfe, 0x00 }, // 羽
    { 0xe7, 0xbf, 0x81, 0x00, 0x94, 0xb4, 0x5a, 0xf0, 0xba, 0x54, 0xf4, 0x00 }, // 翁
    { 0xe7, 0xbf, 0x85, 0x00, 0xb4, 0x5e, 0xb4, 0xaa, 0xfe, 0xaa, 0xfe, 0x00 }, // 翅
    { 0xe7, 0xbf, 0x8e, 0x00, 0x64, 0xaa, 0x64, 0x2a, 0xfe, 0x2a, 0xfe, 0x00 }, // 翎
    { 0xe7, 0xbf, 0x94, 0x00, 0xaa, 0x7c, 0x52, 0x2a, 0xfe, 0x2a, 0xfe, 0x00 }, // 翔
    { 0xe7, 0xbf, 0x98, 0x00, 0xb4, 0x6e, 0xf4, 0xaa, 0xfe, 0xaa, 0xfe, 0x00 }, // 翘
    { 0xe7, 0xbf, 0xa0, 0x00, 0x52, 0x76, 0x5a, 0xfe, 0x56, 0x7a, 0x5e, 0x00 }, // 翠
    { 0xe7, 0xbf, 0xa9, 0x00, 0xfc, 0x6e, 0xe0, 0x2a, 0xfe, 0x2a, 0xfe, 0x00 }, // 翩
    { 0xe7, 0xbf, 0xb0, 0x00, 0x5a, 0xee, 0xba, 0x54, 0xf2, 0x54, 0xf8, 0x00 }, // 翰
    { 0xe7, 0xbf, 0xbb, 0x00, 0x2a, 0xde, 0xfe, 0x6a, 0xfe, 0x6a, 0xfe, 0x00 }, // 翻
    { 0xe7, 0xbf, 0xbc, 0x00, 0xa2, 0xb6, 0x2a, 0x3e, 0x36, 0xaa, 0xae, 0x00 }, // 翼
    { 0xe8, 0x80, 0x80, 0x00, 0x94, 0x70, 0x7e, 0x54, 0xea, 0xfe, 0xae, 0x00 }, // 耀
    { 0xe8, 0x80, 0x81, 0x00, 0x50, 0x54, 0x34, 0xfe, 0xbc, 0xb4, 0x92, 0x00 }, // 老
    { 0xe8, 0x80, 0x83, 0x00, 0x50, 0x54, 0x34, 0x7e, 0x5c, 0x54, 0xd2, 0x00 }, // 考
    { 0xe8, 0x80, 0x85, 0x00, 0x50, 0x54, 0x34, 0xde, 0xdc, 0xd4, 0x12, 0x00 }, // 者
    { 0xe8, 0x80, 0x8c, 0x00, 0xfa, 0x0a, 0xfa, 0x0e, 0xfa, 0x0a, 0xfa, 0x00 }, // 而
    { 0xe8, 0x80, 0x8d, 0x00, 0x98, 0xaa, 0xfa, 0xae, 0x7a, 0xaa, 0x98, 0x00 }, // 耍
    { 0xe8, 0x80, 0x90, 0x00, 0xfa, 0x0e, 0xfa, 0x0a, 0xfa, 0x34, 0xfe, 0x00 }, // 耐
    { 0xe8, 0x80, 0x95, 0x00, 0x54, 0xfe, 0xa4, 0x7e, 0x24, 0xfe, 0x24, 0x00 }, // 耕
    { 0xe8, 0x80, 0x97, 0x00, 0x54, 0xfe, 0x54, 0x54, 0xfc, 0xaa, 0xa8, 0x00 }, // 耗
    { 0xe8, 0x80, 0x98, 0x00, 0x54, 0xfe, 0x54, 0x88, 0xca, 0xba, 0xca, 0x00 }, // 耘
    { 0xe8, 0x80, 0x99, 0x00, 0x54, 0xfe, 0x54, 0xfe, 0x92, 0x9e, 0xde, 0x00 }, // 耙
    { 0xe8, 0x80, 0xb3, 0x00, 0x42, 0x42, 0x7e, 0x5a, 0x5a, 0xfe, 0x42, 0x00 }, // 耳
    { 0xe8, 0x80, 0xb8, 0x00, 0x50, 0x58, 0x76, 0x54, 0x58, 0xf6, 0x58, 0x00 }, // 耸
    { 0xe8, 0x80, 0xbb, 0x00, 0x42, 0x7e, 0xfe, 0xf8, 0x80, 0xfe, 0x88, 0x00 }, // 耻
    { 0xe8, 0x80, 0xbd, 0x00, 0x42, 0x7e, 0xfe, 0x8c, 0x7e, 0xe4, 0x8c, 0x00 }, // 耽
    { 0xe8, 0x80, 0xbf, 0x00, 0x42, 0x7e, 0xfe, 0x98, 0x80, 0x7e, 0x88, 0x00 }, // 耿
    { 0xe8, 0x81, 0x82, 0x00, 0x90, 0xb2, 0x5e, 0xba, 0xbe, 0x52, 0xb0, 0x00 }, // 聂
    { 0xe8, 0x81, 0x8a, 0x00, 0x42, 0x7e, 0xfe, 0xbc, 0x62, 0xfc, 0x3c, 0x00 }, // 聊
    { 0xe8, 0x81, 0x8b, 0x00, 0x54, 0x4c, 0x66, 0x6c, 0x7c, 0xf6, 0x54, 0x00 }, // 聋
    { 0xe8, 0x81, 0x8c, 0x00, 0x42, 0x7e, 0xfe, 0x5e, 0x12, 0x52, 0x9e, 0x00 }, // 职
    { 0xe8, 0x81, 0x94, 0x00, 0x42, 0x7e, 0xfe, 0x80, 0xaa, 0x78, 0xaa, 0x00 }, // 联
    { 0xe8, 0x81, 0x98, 0x00, 0x42, 0x7e, 0xfe, 0x10, 0x3c, 0xbe, 0xdc, 0x00 }, // 聘
    { 0xe8, 0x81, 0x9a, 0x00, 0x8a, 0xae, 0x5e, 0xea, 0x56, 0xaa, 0x96, 0x00 }, // 聚
    { 0xe8, 0x81, 0xaa, 0x00, 0x42, 0x7e, 0xfe, 0x5c, 0x96, 0x94, 0xde, 0x00 }, // 聪
    { 0xe8, 0x82, 0x83, 0x00, 0x90, 0x74, 0x54, 0xfe, 0x14, 0x5c, 0xe8, 0x00 }, // 肃
    { 0xe8, 0x82, 0x84, 0x00, 0xae, 0x74, 0xb4, 0x40, 0x54, 0xfe, 0x5c, 0x00 }, // 肄
    { 0xe8, 0x82, 0x86, 0x00, 0xa0, 0xfe, 0xaa, 0xe2, 0x54, 0xfe, 0x5c, 0x00 }, // 肆
    { 0xe8, 0x82, 0x89, 0x00, 0xfc, 0x04, 0x54, 0x2e, 0x54, 0x84, 0xfc, 0x00 }, // 肉
    { 0xe8, 0x82, 0x8b, 0x00, 0xfe, 0x2a, 0xfe, 0x84, 0x7e, 0x84, 0xfc, 0x00 }, // 肋
    { 0xe8, 0x82, 0x8c, 0x00, 0xfe, 0x2a, 0xfe, 0x7e, 0x02, 0xfe, 0x80, 0x00 }, // 肌
    { 0xe8, 0x82, 0x96, 0x00, 0x00, 0xfa, 0x2c, 0x2e, 0x28, 0xac, 0xfa, 0x00 }, // 肖
    { 0xe8, 0x82, 0x98, 0x00, 0xfe, 0x2a, 0xfe, 0x14, 0xa4, 0xfe, 0x04, 0x00 }, // 肘
    { 0xe8, 0x82, 0x9a, 0x00, 0xfe, 0x2a, 0xfe, 0x80, 0x88, 0xfe, 0x88, 0x00 }, // 肚
    { 0xe8, 0x82, 0x9b, 0x00, 0xfe, 0x2a, 0xfe, 0x80, 0x84, 0xfc, 0x84, 0x00 }, // 肛
    { 0xe8, 0x82, 0x9d, 0x00, 0xfe, 0x2a, 0xfe, 0x10, 0x12, 0xfe, 0x12, 0x00 }, // 肝
    { 0xe8, 0x82, 0xa0, 0x00, 0xfe, 0x2a, 0xfe, 0xb2, 0x5a, 0xb6, 0xf0, 0x00 }, // 肠
    { 0xe8, 0x82, 0xa1, 0x00, 0xfe, 0x2a, 0xfe, 0x80, 0xb6, 0x52, 0xb6, 0x00 }, // 股
    { 0xe8, 0x82, 0xa2, 0x00, 0xfe, 0x2a, 0xfe, 0x84, 0xb4, 0x5e, 0xb4, 0x00 }, // 肢
    { 0xe8, 0x82, 0xa4, 0x00, 0xfe, 0x2a, 0xfe, 0x10, 0x94, 0x7e, 0x94, 0x00 }, // 肤
    { 0xe8, 0x82, 0xa5, 0x00, 0xfe, 0x2a, 0xfe, 0x92, 0x9e, 0x92, 0xde, 0x00 }, // 肥
    { 0xe8, 0x82, 0xa9, 0x00, 0x80, 0x7c, 0x14, 0xf6, 0x54, 0x5c, 0xf0, 0x00 }, // 肩
    { 0xe8, 0x82, 0xaa, 0x00, 0xfe, 0x2a, 0xfe, 0x84, 0x7c, 0x96, 0xf4, 0x00 }, // 肪
    { 0xe8, 0x82, 0xae, 0x00, 0xfe, 0x2a, 0xfe, 0x74, 0x16, 0xf4, 0x84, 0x00 }, // 肮
    { 0xe8, 0x82, 0xaf, 0x00, 0x10, 0xfc, 0x50, 0x5e, 0x54, 0xf4, 0x10, 0x00 }, // 肯
    { 0xe8, 0x82, 0xb2, 0x00, 0x14, 0xf4, 0x5c, 0x56, 0x54, 0xec, 0x14, 0x00 }, // 育
    { 0xe8, 0x82, 0xb4, 0x00, 0x50, 0x32, 0xfa, 0x54, 0x54, 0xfa, 0x10, 0x00 }, // 肴
    { 0xe8, 0x82, 0xba, 0x00, 0xfe, 0x2a, 0xfe, 0x74, 0x14, 0xfe, 0x74, 0x00 }, // 肺
    { 0xe8, 0x82, 0xbe, 0x00, 0x0c, 0xe0, 0x7e, 0x60, 0x76, 0xea, 0x16, 0x00 }, // 肾
    { 0xe8, 0x82, 0xbf, 0x00, 0xfe, 0x2a, 0xfe, 0x3c, 0x24, 0xfe, 0x3c, 0x00 }, // 肿
    { 0xe8, 0x83, 0x80, 0x00, 0xfe, 0x2a, 0xfe, 0x10, 0xfe, 0x54, 0x92, 0x00 }, // 胀
    { 0xe8, 0x83, 0x81, 0x00, 0xfe, 0x2a, 0xfe, 0xc4, 0x3e, 0xfc, 0x30, 0x00 }, // 胁
    { 0xe8, 0x83, 0x83, 0x00, 0x0e, 0xfa, 0x5a, 0x5e, 0x5a, 0xfa, 0x0e, 0x00 }, // 胃
    { 0xe8, 0x83, 0x86, 0x00, 0xfe, 0x2a, 0xfe, 0x00, 0xbe, 0xaa, 0xbe, 0x00 }, // 胆
    { 0xe8, 0x83, 0x8c, 0x00, 0x14, 0xf4, 0x5e, 0x50, 0x5e, 0xf4, 0x14, 0x00 }, // 背
    { 0xe8, 0x83, 0x8e, 0x00, 0xfe, 0x2a, 0xfe, 0x10, 0xd8, 0xd6, 0xd8, 0x00 }, // 胎
    { 0xe8, 0x83, 0x96, 0x00, 0xfe, 0x2a, 0xfe, 0x54, 0x50, 0xfe, 0x54, 0x00 }, // 胖
    { 0xe8, 0x83, 0x9a, 0x00, 0xfe, 0x2a, 0xfe, 0x92, 0x8a, 0xfe, 0x92, 0x00 }, // 胚
    { 0xe8, 0x83, 0x9c, 0x00, 0xfe, 0x2a, 0xfe, 0x88, 0xa6, 0xfe, 0xa4, 0x00 }, // 胜
    { 0xe8, 0x83, 0x9e, 0x00, 0xfe, 0x2a, 0xfe, 0x08, 0xf6, 0xb4, 0xbc, 0x00 }, // 胞
    { 0xe8, 0x83, 0xa1, 0x00, 0x74, 0x5e, 0x74, 0x80, 0x7e, 0xaa, 0xfe, 0x00 }, // 胡
    { 0xe8, 0x83, 0xa7, 0x00, 0xfe, 0x2a, 0xfe, 0x88, 0x7e, 0xf8, 0xaa, 0x00 }, // 胧
    { 0xe8, 0x83, 0xaf, 0x00, 0xfe, 0x2a, 0xfe, 0x14, 0x3c, 0xae, 0xd4, 0x00 }, // 胯
    { 0xe8, 0x83, 0xb0, 0x00, 0xfe, 0x2a, 0xfe, 0xbc, 0x7e, 0xac, 0xe4, 0x00 }, // 胰
    { 0xe8, 0x83, 0xb3, 0x00, 0xfe, 0x2a, 0xfe, 0x10, 0xf4, 0xaa, 0xf6, 0x00 }, // 胳
    { 0xe8, 0x83, 0xb6, 0x00, 0xfe, 0x2a, 0xfe, 0x94, 0xac, 0x46, 0xac, 0x00 }, // 胶
    { 0xe8, 0x83, 0xb8, 0x00, 0xfe, 0x2a, 0xfe, 0x68, 0x56, 0x6c, 0xfc, 0x00 }, // 胸
    { 0xe8, 0x83, 0xbd, 0x00, 0x08, 0xfc, 0x5a, 0xfc, 0x00, 0xfe, 0xb4, 0x00 }, // 能
    { 0xe8, 0x84, 0x82, 0x00, 0xfe, 0x2a, 0xfe, 0x00, 0xde, 0xd4, 0xda, 0x00 }, // 脂
    { 0xe8, 0x84, 0x86, 0x00, 0xfe, 0x2a, 0xfe, 0x7c, 0xfa, 0x9e, 0xb8, 0x00 }, // 脆
    { 0xe8, 0x84, 0x89, 0x00, 0xfe, 0x2a, 0xfe, 0x50, 0xba, 0xfa, 0x50, 0x00 }, // 脉
    { 0xe8, 0x84, 0x8a, 0x00, 0x2a, 0xe4, 0x50, 0x5e, 0x50, 0xe4, 0x2a, 0x00 }, // 脊
    { 0xe8, 0x84, 0x8f, 0x00, 0xfe, 0x2a, 0xfe, 0x7c, 0x94, 0xfe, 0x94, 0x00 }, // 脏
    { 0xe8, 0x84, 0x90, 0x00, 0xfe, 0x2a, 0xfe, 0x6c, 0x16, 0xec, 0x24, 0x00 }, // 脐
    { 0xe8, 0x84, 0x91, 0x00, 0xfe, 0x2a, 0xfe, 0xf4, 0xa6, 0xd4, 0xf4, 0x00 }, // 脑
    { 0xe8, 0x84, 0x93, 0x00, 0xfe, 0x2a, 0xfe, 0xf4, 0x9e, 0x64, 0xac, 0x00 }, // 脓
    { 0xe8, 0x84, 0x96, 0x00, 0xfe, 0x2a, 0xfe, 0x58, 0x4c, 0xde, 0x7c, 0x00 }, // 脖
    { 0xe8, 0x84, 0x9a, 0x00, 0xfe, 0x2a, 0xfe, 0xd4, 0xbe, 0xfe, 0x3e, 0x00 }, // 脚
    { 0xe8, 0x84, 0xaf, 0x00, 0xfe, 0x2a, 0xfe, 0xf4, 0xfe, 0x54, 0xf6, 0x00 }, // 脯
    { 0xe8, 0x84, 0xb1, 0x00, 0xfe, 0x2a, 0xfe, 0x9c, 0x76, 0xf4, 0x9e, 0x00 }, // 脱
    { 0xe8, 0x84, 0xb8, 0x00, 0xfe, 0x2a, 0xfe, 0xc4, 0xaa, 0xcc, 0xa8, 0x00 }, // 脸
    { 0xe8, 0x84, 0xbe, 0x00, 0xfe, 0x2a, 0xfe, 0x5c, 0x7e, 0xf4, 0x5c, 0x00 }, // 脾
    { 0xe8, 0x85, 0x8a, 0x00, 0xfe, 0x2a, 0xfe, 0x14, 0xfe, 0xb4, 0xfe, 0x00 }, // 腊
    { 0xe8, 0x85, 0x8b, 0x00, 0xfe, 0x2a, 0xfe, 0x24, 0xfc, 0x56, 0xb4, 0x00 }, // 腋
    { 0xe8, 0x85, 0x8c, 0x00, 0xfe, 0x2a, 0xfe, 0x6c, 0x76, 0xec, 0x94, 0x00 }, // 腌
    { 0xe8, 0x85, 0x90, 0x00, 0x80, 0x7c, 0xf4, 0xac, 0x76, 0xbc, 0xe4, 0x00 }, // 腐
    { 0xe8, 0x85, 0x94, 0x00, 0xfe, 0x2a, 0xfe, 0x8c, 0xac, 0xe6, 0xac, 0x00 }, // 腔
    { 0xe8, 0x85, 0x95, 0x00, 0xfe, 0x2a, 0xfe, 0xac, 0x54, 0xf6, 0xbc, 0x00 }, // 腕
    { 0xe8, 0x85, 0xa5, 0x00, 0xfe, 0x2a, 0xfe, 0x90, 0xae, 0xfa, 0xae, 0x00 }, // 腥
    { 0xe8, 0x85, 0xae, 0x00, 0xfe, 0x2a, 0xfe, 0xde, 0x5a, 0x9e, 0xde, 0x00 }, // 腮
    { 0xe8, 0x85, 0xb0, 0x00, 0xfe, 0x2a, 0xfe, 0xa2, 0xfe, 0x6e, 0xa2, 0x00 }, // 腰
    { 0xe8, 0x85, 0xb9, 0x00, 0xfe, 0x2a, 0xfe, 0xa6, 0x5c, 0xbc, 0x84, 0x00 }, // 腹
    { 0xe8, 0x85, 0xba, 0x00, 0xfe, 0x2a, 0xfe, 0x7c, 0xf6, 0x5c, 0xa0, 0x00 }, // 腺
    { 0xe8, 0x85, 0xbb, 0x00, 0xfe, 0x2a, 0xfe, 0x5c, 0xb4, 0x7e, 0x84, 0x00 }, // 腻
    { 0xe8, 0x85, 0xbe, 0x00, 0xfe, 0x2a, 0xfe, 0x8a, 0xb8, 0x2e, 0xfa, 0x00 }, // 腾
    { 0xe8, 0x85, 0xbf, 0x00, 0xfe, 0x2a, 0xfe, 0xf2, 0xa0, 0x9e, 0xae, 0x00 }, // 腿
    { 0xe8, 0x86, 0x80, 0x00, 0xfe, 0x2a, 0xfe, 0x9c, 0x76, 0xdc, 0x34, 0x00 }, // 膀
    { 0xe8, 0x86, 0x8a, 0x00, 0xfe, 0x2a, 0xfe, 0x7c, 0xae, 0xfc, 0x26, 0x00 }, // 膊
    { 0xe8, 0x86, 0x8f, 0x00, 0x34, 0xdc, 0x74, 0x76, 0x74, 0xdc, 0x34, 0x00 }, // 膏
    { 0xe8, 0x86, 0x98, 0x00, 0xfe, 0x2a, 0xfe, 0x22, 0xee, 0x2e, 0xa2, 0x00 }, // 膘
    { 0xe8, 0x86, 0x9b, 0x00, 0xfe, 0x2a, 0xfe, 0xbc, 0xf6, 0xbc, 0xaa, 0x00 }, // 膛
    { 0xe8, 0x86, 0x9c, 0x00, 0xfe, 0x2a, 0xfe, 0xa4, 0xbe, 0x7c, 0xa6, 0x00 }, // 膜
    { 0xe8, 0x86, 0x9d, 0x00, 0xfe, 0x2a, 0xfe, 0x54, 0xac, 0xfe, 0x54, 0x00 }, // 膝
    { 0xe8, 0x86, 0xa8, 0x00, 0xfe, 0x2a, 0xfe, 0xb4, 0xfe, 0x94, 0x4a, 0x00 }, // 膨
    { 0xe8, 0x86, 0xb3, 0x00, 0xfe, 0x2a, 0xfe, 0x54, 0xf6, 0xdc, 0xf6, 0x00 }, // 膳
    { 0xe8, 0x87, 0x80, 0x00, 0x10, 0xee, 0x76, 0x6e, 0x76, 0xea, 0x16, 0x00 }, // 臀
    { 0xe8, 0x87, 0x82, 0x00, 0x08, 0xfe, 0x76, 0x60, 0x6c, 0xf6, 0x0c, 0x00 }, // 臂
    { 0xe8, 0x87, 0x8a, 0x00, 0xfe, 0x2a, 0xfe, 0x6e, 0xfa, 0x6e, 0xb8, 0x00 }, // 臊
    { 0xe8, 0x87, 0xa3, 0x00, 0xfe, 0xaa, 0xaa, 0xee, 0xaa, 0xba, 0x82, 0x00 }, // 臣
    { 0xe8, 0x87, 0xaa, 0x00, 0x00, 0xfc, 0x94, 0xb6, 0xb4, 0xa4, 0xfc, 0x00 }, // 自
    { 0xe8, 0x87, 0xad, 0x00, 0xa0, 0xbc, 0xb4, 0x76, 0xb4, 0xbc, 0xa0, 0x00 }, // 臭
    { 0xe8, 0x87, 0xb3, 0x00, 0x82, 0xaa, 0xae, 0xfa, 0xa6, 0xaa, 0x82, 0x00 }, // 至
    { 0xe8, 0x87, 0xb4, 0x00, 0x92, 0xba, 0x76, 0x5a, 0xb8, 0x46, 0xbc, 0x00 }, // 致
    { 0xe8, 0x87, 0xbc, 0x00, 0xfc, 0x94, 0x92, 0x80, 0x94, 0x94, 0xfc, 0x00 }, // 臼
    { 0xe8, 0x88, 0x80, 0x00, 0xe4, 0xdc, 0xd4, 0x8c, 0xd2, 0xda, 0xf6, 0x00 }, // 舀
    { 0xe8, 0x88, 0x85, 0x00, 0xa0, 0xbc, 0x6a, 0x38, 0x2a, 0xbe, 0xe0, 0x00 }, // 舅
    { 0xe8, 0x88, 0x86, 0x00, 0xbc, 0xaa, 0x3c, 0x36, 0x34, 0xaa, 0xbe, 0x00 }, // 舆
    { 0xe8, 0x88, 0x8c, 0x00, 0x08, 0xec, 0xac, 0xbc, 0xaa, 0xea, 0x08, 0x00 }, // 舌
    { 0xe8, 0x88, 0x8d, 0x00, 0x28, 0xe8, 0xac, 0xba, 0xac, 0xe8, 0x28, 0x00 }, // 舍
    { 0xe8, 0x88, 0x92, 0x00, 0xd4, 0xba, 0xd4, 0x12, 0x96, 0xfa, 0x36, 0x00 }, // 舒
    { 0xe8, 0x88, 0x94, 0x00, 0xec, 0xbc, 0xea, 0x9a, 0xce, 0x1a, 0xa8, 0x00 }, // 舔
    { 0xe8, 0x88, 0x9e, 0x00, 0x56, 0xbc, 0x54, 0x7c, 0x54, 0xfc, 0x54, 0x00 }, // 舞
    { 0xe8, 0x88, 0x9f, 0x00, 0xa0, 0x7c, 0x24, 0x6e, 0x24, 0xfc, 0x20, 0x00 }, // 舟
    { 0xe8, 0x88, 0xaa, 0x00, 0xfc, 0x26, 0xfc, 0x74, 0x16, 0xf4, 0x84, 0x00 }, // 航
    { 0xe8, 0x88, 0xac, 0x00, 0xfc, 0x26, 0xfc, 0x80, 0xb6, 0x52, 0xb6, 0x00 }, // 般
    { 0xe8, 0x88, 0xb0, 0x00, 0xfc, 0x26, 0xfc, 0xbe, 0x7a, 0xc2, 0xbe, 0x00 }, // 舰
    { 0xe8, 0x88, 0xb1, 0x00, 0xfc, 0x26, 0xfc, 0x08, 0xf4, 0x92, 0xb4, 0x00 }, // 舱
    { 0xe8, 0x88, 0xb5, 0x00, 0xfc, 0x26, 0xfc, 0x0c, 0xf4, 0xa6, 0xac, 0x00 }, // 舵
    { 0xe8, 0x88, 0xb6, 0x00, 0xfc, 0x26, 0xfc, 0xfc, 0x96, 0x94, 0xfc, 0x00 }, // 舶
    { 0xe8, 0x88, 0xb7, 0x00, 0xfc, 0x26, 0xfc, 0x94, 0xdc, 0xb6, 0xcc, 0x00 }, // 舷
    { 0xe8, 0x88, 0xb9, 0x00, 0xfc, 0x26, 0xfc, 0x10, 0xee, 0xa2, 0xee, 0x00 }, // 船
    { 0xe8, 0x89, 0x87, 0x00, 0xfc, 0xfe, 0xaa, 0x76, 0xd4, 0xfc, 0xd2, 0x00 }, // 艇
    { 0xe8, 0x89, 0x98, 0x00, 0xfc, 0x26, 0xfc, 0x9c, 0xb2, 0x5c, 0xbc, 0x00 }, // 艘
    { 0xe8, 0x89, 0xaf, 0x00, 0x00, 0xfc, 0x94, 0x36, 0x54, 0xbc, 0x80, 0x00 }, // 良
    { 0xe8, 0x89, 0xb0, 0x00, 0x54, 0x24, 0x5c, 0xfe, 0xaa, 0x6a, 0xbe, 0x00 }, // 艰
    { 0xe8, 0x89, 0xb2, 0x00, 0x04, 0x7c, 0xaa, 0xba, 0xae, 0xb8, 0xc0, 0x00 }, // 色
    { 0xe8, 0x89, 0xb3, 0x00, 0x54, 0xfe, 0x54, 0xfc, 0x9a, 0x9e, 0xd8, 0x00 }, // 艳
    { 0xe8, 0x89, 0xba, 0x00, 0x04, 0x44, 0xae, 0xac, 0x9e, 0x84, 0xc4, 0x00 }, // 艺
    { 0xe8, 0x89, 0xbe, 0x00, 0x84, 0x84, 0xae, 0x44, 0xae, 0x84, 0x84, 0x00 }, // 艾
    { 0xe8, 0x8a, 0x82, 0x00, 0x14, 0x14, 0x1e, 0xf4, 0x1e, 0x54, 0x74, 0x00 }, // 节
    { 0xe8, 0x8a, 0x8b, 0x00, 0x44, 0x54, 0xde, 0xf4, 0x5e, 0x54, 0x44, 0x00 }, // 芋
    { 0xe8, 0x8a, 0x8d, 0x00, 0x24, 0x14, 0x3e, 0x54, 0x1e, 0x94, 0xf4, 0x00 }, // 芍
    { 0xe8, 0x8a, 0x92, 0x00, 0x14, 0xf4, 0x96, 0x9c, 0x96, 0x94, 0x94, 0x00 }, // 芒
    { 0xe8, 0x8a, 0x99, 0x00, 0xa4, 0xb4, 0xb6, 0x7c, 0xb6, 0xb4, 0xa4, 0x00 }, // 芙
    { 0xe8, 0x8a, 0x9c, 0x00, 0xa4, 0xac, 0xae, 0x7c, 0xee, 0xac, 0xa4, 0x00 }, // 芜
    { 0xe8, 0x8a, 0x9d, 0x00, 0x84, 0x54, 0x56, 0x5c, 0xb6, 0x94, 0x84, 0x00 }, // 芝
    { 0xe8, 0x8a, 0xa5, 0x00, 0x24, 0xa4, 0x76, 0x0c, 0xf6, 0x24, 0x24, 0x00 }, // 芥
    { 0xe8, 0x8a, 0xa6, 0x00, 0x84, 0x74, 0x56, 0x5c, 0x56, 0x74, 0x04, 0x00 }, // 芦
    { 0xe8, 0x8a, 0xac, 0x00, 0x24, 0x94, 0xae, 0x64, 0xae, 0xf4, 0x24, 0x00 }, // 芬
    { 0xe8, 0x8a, 0xad, 0x00, 0x04, 0x7c, 0xae, 0xbc, 0xae, 0xbc, 0xc4, 0x00 }, // 芭
    { 0xe8, 0x8a, 0xaf, 0x00, 0x84, 0x64, 0xfe, 0x84, 0xce, 0x24, 0xc4, 0x00 }, // 芯
    { 0xe8, 0x8a, 0xb1, 0x00, 0x24, 0xf4, 0x0e, 0x24, 0xfe, 0xa4, 0xd4, 0x00 }, // 花
    { 0xe8, 0x8a, 0xb3, 0x00, 0x94, 0x94, 0x76, 0x5c, 0x56, 0xd4, 0x14, 0x00 }, // 芳
    { 0xe8, 0x8a, 0xb9, 0x00, 0x84, 0x74, 0x3e, 0x34, 0xee, 0x2c, 0x24, 0x00 }, // 芹
    { 0xe8, 0x8a, 0xbd, 0x00, 0xa4, 0xb4, 0x6e, 0xac, 0xfe, 0x2c, 0x24, 0x00 }, // 芽
    { 0xe8, 0x8b, 0x87, 0x00, 0x44, 0x54, 0x56, 0xfc, 0x56, 0x54, 0xc4, 0x00 }, // 苇
    { 0xe8, 0x8b, 0x8d, 0x00, 0x14, 0x0c, 0x76, 0x94, 0xb6, 0x8c, 0xd4, 0x00 }, // 苍
    { 0xe8, 0x8b, 0x8f, 0x00, 0xa4, 0x84, 0x56, 0x3c, 0x96, 0xf4, 0x24, 0x00 }, // 苏
    { 0xe8, 0x8b, 0x94, 0x00, 0x24, 0xe4, 0xb6, 0xac, 0xa6, 0xd4, 0x24, 0x00 }, // 苔
    { 0xe8, 0x8b, 0x97, 0x00, 0x04, 0xf4, 0xbe, 0xf4, 0xbe, 0xf4, 0x04, 0x00 }, // 苗
    { 0xe8, 0x8b, 0x9b, 0x00, 0x14, 0xf4, 0xbe, 0xf4, 0x1e, 0xf4, 0x14, 0x00 }, // 苛
    { 0xe8, 0x8b, 0x9e, 0x00, 0x14, 0x0c, 0xfe, 0xac, 0xbe, 0x84, 0xbc, 0x00 }, // 苞
    { 0xe8, 0x8b, 0x9f, 0x00, 0x24, 0x14, 0xde, 0xd4, 0x1e, 0x94, 0xf4, 0x00 }, // 苟
    { 0xe8, 0x8b, 0xa5, 0x00, 0x54, 0x34, 0xde, 0xd4, 0xd6, 0xd4, 0x14, 0x00 }, // 若
    { 0xe8, 0x8b, 0xa6, 0x00, 0x14, 0xd4, 0xde, 0xf4, 0xde, 0xd4, 0x14, 0x00 }, // 苦
    { 0xe8, 0x8b, 0xab, 0x00, 0x04, 0xc4, 0xc6, 0xfc, 0xd6, 0xd4, 0x04, 0x00 }, // 苫
    { 0xe8, 0x8b, 0xb1, 0x00, 0xa4, 0xb4, 0xae, 0x74, 0xae, 0xb4, 0xa4, 0x00 }, // 英
    { 0xe8, 0x8b, 0xb9, 0x00, 0x44, 0x54, 0x46, 0xfc, 0x66, 0x54, 0x44, 0x00 }, // 苹
    { 0xe8, 0x8c, 0x81, 0x00, 0xc4, 0xb4, 0xae, 0xf4, 0xae, 0xb4, 0xc4, 0x00 }, // 茁
    { 0xe8, 0x8c, 0x82, 0x00, 0x84, 0x74, 0x1e, 0x94, 0xbe, 0x54, 0xb4, 0x00 }, // 茂
    { 0xe8, 0x8c, 0x83, 0x00, 0xac, 0x04, 0x7e, 0x8c, 0xae, 0xbc, 0xc4, 0x00 }, // 范
    { 0xe8, 0x8c, 0x84, 0x00, 0xa4, 0x74, 0xae, 0xe4, 0xee, 0xa4, 0xe4, 0x00 }, // 茄
    { 0xe8, 0x8c, 0x85, 0x00, 0xa4, 0x6c, 0xae, 0xec, 0x3e, 0x2c, 0x64, 0x00 }, // 茅
    { 0xe8, 0x8c, 0x89, 0x00, 0x94, 0xb4, 0x76, 0xfc, 0x76, 0xb4, 0x94, 0x00 }, // 茉
    { 0xe8, 0x8c, 0x8e, 0x00, 0x84, 0xa4, 0xa6, 0xd4, 0xae, 0xa4, 0x84, 0x00 }, // 茎
    { 0xe8, 0x8c, 0xa7, 0x00, 0x84, 0xbc, 0xae, 0xfc, 0xae, 0x7c, 0x84, 0x00 }, // 茧
    { 0xe8, 0x8c, 0xab, 0x00, 0xac, 0x04, 0x16, 0xf4, 0x9e, 0x94, 0x94, 0x00 }, // 茫
    { 0xe8, 0x8c, 0xac, 0x00, 0x44, 0xec, 0x9e, 0xac, 0xfe, 0xac, 0x84, 0x00 }, // 茬
    { 0xe8, 0x8c, 0xb4, 0x00, 0xfc, 0x8c, 0xfe, 0xdc, 0xfe, 0x8c, 0xfc, 0x00 }, // 茴
    { 0xe8, 0x8c, 0xb5, 0x00, 0xfc, 0x84, 0xd6, 0xbc, 0xd6, 0x84, 0xfc, 0x00 }, // 茵
    { 0xe8, 0x8c, 0xb6, 0x00, 0xa4, 0x24, 0xb6, 0xec, 0x36, 0x24, 0xa4, 0x00 }, // 茶
    { 0xe8, 0x8c, 0xb8, 0x00, 0x54, 0x54, 0x7e, 0x54, 0x5e, 0xf4, 0x54, 0x00 }, // 茸
    { 0xe8, 0x8d, 0x86, 0x00, 0xa4, 0x7e, 0x2c, 0xfe, 0x2c, 0x9c, 0xfe, 0x00 }, // 荆
    { 0xe8, 0x8d, 0x89, 0x00, 0x44, 0x7c, 0x6e, 0xec, 0x6e, 0x7c, 0x44, 0x00 }, // 草
    { 0xe8, 0x8d, 0x90, 0x00, 0x24, 0xf4, 0x2e, 0xa4, 0xee, 0x3c, 0x24, 0x00 }, // 荐
    { 0xe8, 0x8d, 0x92, 0x00, 0x84, 0x5c, 0x16, 0xd4, 0x16, 0xd4, 0x84, 0x00 }, // 荒
    { 0xe8, 0x8d, 0x94, 0x00, 0xa4, 0x6c, 0xbe, 0xec, 0x6e, 0xbc, 0xe4, 0x00 }, // 荔
    { 0xe8, 0x8d, 0x9a, 0x00, 0xa4, 0xac, 0xa6, 0x7c, 0xa6, 0xac, 0xa4, 0x00 }, // 荚
    { 0xe8, 0x8d, 0x9e, 0x00, 0x24, 0xac, 0x5e, 0x0c, 0xde, 0x2c, 0x24, 0x00 }, // 荞
    { 0xe8, 0x8d, 0xa0, 0x00, 0x24, 0xa4, 0x6e, 0x14, 0xee, 0x24, 0x24, 0x00 }, // 荠
    { 0xe8, 0x8d, 0xa1, 0x00, 0xac, 0x04, 0xa6, 0x6c, 0xae, 0x7c, 0xe4, 0x00 }, // 荡
    { 0xe8, 0x8d, 0xa3, 0x00, 0x8c, 0x94, 0x56, 0xfc, 0x56, 0x94, 0x8c, 0x00 }, // 荣
    { 0xe8, 0x8d, 0xa4, 0x00, 0x4c, 0x74, 0x5e, 0xf4, 0x56, 0x54, 0x4c, 0x00 }, // 荤
    { 0xe8, 0x8d, 0xa7, 0x00, 0x8c, 0xb4, 0x46, 0x3c, 0x66, 0x94, 0x8c, 0x00 }, // 荧
    { 0xe8, 0x8d, 0xaf, 0x00, 0xb4, 0xac, 0x06, 0x24, 0x5e, 0x94, 0xf4, 0x00 }, // 药
    { 0xe8, 0x8d, 0xb7, 0x00, 0x24, 0xf4, 0x0e, 0xd4, 0xde, 0x14, 0xf4, 0x00 }, // 荷
    { 0xe8, 0x8d, 0xb8, 0x00, 0x44, 0x5c, 0x4e, 0xdc, 0x7e, 0x4c, 0x5c, 0x00 }, // 荸
    { 0xe8, 0x8e, 0x89, 0x00, 0xa4, 0x6c, 0xfe, 0x6c, 0x36, 0x84, 0xf4, 0x00 }, // 莉
    { 0xe8, 0x8e, 0xab, 0x00, 0xa4, 0xbc, 0xae, 0x6c, 0xae, 0xbc, 0xa4, 0x00 }, // 莫
    { 0xe8, 0x8e, 0xb1, 0x00, 0xa4, 0xac, 0x66, 0xfc, 0x66, 0xac, 0xa4, 0x00 }, // 莱
    { 0xe8, 0x8e, 0xb2, 0x00, 0xa4, 0x6c, 0x86, 0xb4, 0xae, 0xfc, 0xac, 0x00 }, // 莲
    { 0xe8, 0x8e, 0xb7, 0x00, 0xac, 0x94, 0x6e, 0xa4, 0x7e, 0xa4, 0xac, 0x00 }, // 获
    { 0xe8, 0x8e, 0xb9, 0x00, 0x8c, 0xa4, 0xae, 0xfc, 0xae, 0xe4, 0x8c, 0x00 }, // 莹
    { 0xe8, 0x8e, 0xba, 0x00, 0x8c, 0x84, 0xbe, 0xbc, 0xae, 0x3c, 0xec, 0x00 }, // 莺
    { 0xe8, 0x8e, 0xbd, 0x00, 0x54, 0xd4, 0x6e, 0x44, 0xee, 0x54, 0x54, 0x00 }, // 莽
    { 0xe8, 0x8f, 0x87, 0x00, 0x94, 0xb4, 0x5e, 0xb4, 0xee, 0xbc, 0xec, 0x00 }, // 菇
    { 0xe8, 0x8f, 0x8a, 0x00, 0x24, 0xbc, 0x56, 0xf4, 0x56, 0xb4, 0xf4, 0x00 }, // 菊
    { 0xe8, 0x8f, 0x8c, 0x00, 0xf4, 0xd4, 0xbe, 0xf4, 0xbe, 0xd4, 0xf4, 0x00 }, // 菌
    { 0xe8, 0x8f, 0x9c, 0x00, 0xa4, 0xac, 0x66, 0xec, 0x76, 0xac, 0xa4, 0x00 }, // 菜
    { 0xe8, 0x8f, 0xa0, 0x00, 0xac, 0x04, 0x86, 0x74, 0xb6, 0x5c, 0xb4, 0x00 }, // 菠
    { 0xe8, 0x8f, 0xa9, 0x00, 0x24, 0xec, 0xbe, 0xac, 0xbe, 0xec, 0x24, 0x00 }, // 菩
    { 0xe8, 0x8f, 0xb1, 0x00, 0x54, 0xb4, 0xbe, 0x5c, 0x5e, 0xb4, 0x94, 0x00 }, // 菱
    { 0xe8, 0x8f, 0xb2, 0x00, 0x54, 0x54, 0xfe, 0x04, 0xfe, 0x54, 0x54, 0x00 }, // 菲
    { 0xe8, 0x90, 0x84, 0x00, 0x24, 0xdc, 0xae, 0xfc, 0xae, 0xcc, 0xfc, 0x00 }, // 萄
    { 0xe8, 0x90, 0x8c, 0x00, 0x7c, 0x54, 0x7e, 0x84, 0x7e, 0x54, 0xfc, 0x00 }, // 萌
    { 0xe8, 0x90, 0x8d, 0x00, 0xac, 0x04, 0x5e, 0x4c, 0xfe, 0x6c, 0x5c, 0x00 }, // 萍
    { 0xe8, 0x90, 0x8e, 0x00, 0xa4, 0xb4, 0xee, 0xbc, 0x6e, 0xb4, 0xa4, 0x00 }, // 萎
    { 0xe8, 0x90, 0x9d, 0x00, 0x9c, 0x94, 0xbe, 0x54, 0x5e, 0x34, 0x1c, 0x00 }, // 萝
    { 0xe8, 0x90, 0xa4, 0x00, 0x8c, 0xb4, 0xb6, 0xfc, 0xb6, 0x74, 0x8c, 0x00 }, // 萤
    { 0xe8, 0x90, 0xa5, 0x00, 0x0c, 0xc4, 0xde, 0xd4, 0xde, 0xc4, 0x0c, 0x00 }, // 营
    { 0xe8, 0x90, 0xa7, 0x00, 0x94, 0x74, 0x5e, 0xfc, 0x1e, 0x5c, 0xf4, 0x00 }, // 萧
    { 0xe8, 0x90, 0xa8, 0x00, 0xfc, 0x6c, 0x86, 0x7c, 0x16, 0x1c, 0x14, 0x00 }, // 萨
    { 0xe8, 0x90, 0xbd, 0x00, 0xac, 0x04, 0x56, 0xd4, 0xae, 0xdc, 0x44, 0x00 }, // 落
    { 0xe8, 0x91, 0x97, 0x00, 0xa4, 0xa4, 0x6e, 0xfc, 0xbe, 0xec, 0x24, 0x00 }, // 著
    { 0xe8, 0x91, 0x9b, 0x00, 0x44, 0x3c, 0xf6, 0xb4, 0x36, 0xbc, 0xe4, 0x00 }, // 葛
    { 0xe8, 0x91, 0xa1, 0x00, 0x14, 0xec, 0x6e, 0xfc, 0xee, 0x0c, 0xfc, 0x00 }, // 葡
    { 0xe8, 0x91, 0xa3, 0x00, 0x94, 0xf4, 0xde, 0xfc, 0xde, 0xf4, 0x94, 0x00 }, // 董
    { 0xe8, 0x91, 0xab, 0x00, 0xd4, 0xbc, 0xd6, 0x84, 0x7e, 0xac, 0xfc, 0x00 }, // 葫
    { 0xe8, 0x91, 0xac, 0x00, 0x54, 0xec, 0x5e, 0x44, 0xfe, 0x6c, 0x64, 0x00 }, // 葬
    { 0xe8, 0x91, 0xb1, 0x00, 0xd4, 0x6c, 0x9e, 0xac, 0xde, 0x3c, 0xc4, 0x00 }, // 葱
    { 0xe8, 0x91, 0xb5, 0x00, 0xac, 0x9c, 0xae, 0x64, 0xae, 0x94, 0xac, 0x00 }, // 葵
    { 0xe8, 0x92, 0x82, 0x00, 0x34, 0xd4, 0x5e, 0xf4, 0x56, 0xdc, 0x34, 0x00 }, // 蒂
    { 0xe8, 0x92, 0x8b, 0x00, 0x54, 0xfc, 0x26, 0x74, 0xae, 0xfc, 0x24, 0x00 }, // 蒋
    { 0xe8, 0x92, 0x99, 0x00, 0xb4, 0xb4, 0x5e, 0xb4, 0xfe, 0x54, 0xb4, 0x00 }, // 蒙
    { 0xe8, 0x92, 0x9c, 0x00, 0x54, 0xfc, 0x5e, 0x04, 0x56, 0xfc, 0x5c, 0x00 }, // 蒜
    { 0xe8, 0x92, 0xb2, 0x00, 0xac, 0x04, 0xf6, 0x54, 0xfe, 0x54, 0xf4, 0x00 }, // 蒲
    { 0xe8, 0x92, 0xb8, 0x00, 0xd4, 0x74, 0xce, 0x7c, 0xc6, 0x54, 0xec, 0x00 }, // 蒸
    { 0xe8, 0x92, 0xbf, 0x00, 0xe4, 0x2c, 0xfe, 0xac, 0xfe, 0x2c, 0xe4, 0x00 }, // 蒿
    { 0xe8, 0x93, 0x84, 0x00, 0x24, 0xec, 0xb6, 0xf4, 0xb6, 0xec, 0x34, 0x00 }, // 蓄
    { 0xe8, 0x93, 0x89, 0x00, 0x4c, 0x54, 0xee, 0xd4, 0xee, 0x54, 0x4c, 0x00 }, // 蓉
    { 0xe8, 0x93, 0x96, 0x00, 0xe4, 0xbc, 0xae, 0x34, 0xee, 0xbc, 0xa4, 0x00 }, // 蓖
    { 0xe8, 0x93, 0x9d, 0x00, 0xb4, 0x84, 0xfe, 0xc4, 0xde, 0xb4, 0x94, 0x00 }, // 蓝
    { 0xe8, 0x93, 0xac, 0x00, 0xa4, 0x6c, 0x96, 0xb4, 0xee, 0x9c, 0xa4, 0x00 }, // 蓬
    { 0xe8, 0x94, 0x91, 0x00, 0x84, 0x7c, 0x56, 0x1c, 0xb6, 0x5c, 0xb4, 0x00 }, // 蔑
    { 0xe8, 0x94, 0x93, 0x00, 0x84, 0xb4, 0xbe, 0x5c, 0xbe, 0xb4, 0x84, 0x00 }, // 蔓
    { 0xe8, 0x94, 0x97, 0x00, 0x84, 0x7c, 0x96, 0x3c, 0xb6, 0x3c, 0x94, 0x00 }, // 蔗
    { 0xe8, 0x94, 0x9a, 0x00, 0x84, 0x7c, 0xde, 0x5c, 0x36, 0x94, 0xfc, 0x00 }, // 蔚
    { 0xe8, 0x94, 0xab, 0x00, 0xa4, 0x34, 0xa6, 0x3c, 0xae, 0x2c, 0xe4, 0x00 }, // 蔫
    { 0xe8, 0x94, 0xac, 0x00, 0xcc, 0xec, 0x9e, 0x74, 0xd6, 0x5c, 0xd4, 0x00 }, // 蔬
    { 0xe8, 0x94, 0xbc, 0x00, 0x24, 0xec, 0x46, 0xfc, 0xae, 0x3c, 0xe4, 0x00 }, // 蔼
    { 0xe8, 0x94, 0xbd, 0x00, 0xec, 0xb4, 0x5e, 0xf4, 0xae, 0x5c, 0xb4, 0x00 }, // 蔽
    { 0xe8, 0x95, 0x89, 0x00, 0x94, 0x0c, 0xbe, 0x2c, 0xbe, 0x2c, 0xa4, 0x00 }, // 蕉
    { 0xe8, 0x95, 0x8a, 0x00, 0xd4, 0x7c, 0xa6, 0xac, 0x76, 0x8c, 0xd4, 0x00 }, // 蕊
    { 0xe8, 0x95, 0xb4, 0x00, 0xb4, 0xac, 0x06, 0x9c, 0xd6, 0xd4, 0x9c, 0x00 }, // 蕴
    { 0xe8, 0x95, 0xbe, 0x00, 0x14, 0xec, 0xbe, 0xfc, 0xae, 0xfc, 0x14, 0x00 }, // 蕾
    { 0xe8, 0x96, 0x84, 0x00, 0xac, 0x04, 0x26, 0x7c, 0xbe, 0xfc, 0x24, 0x00 }, // 薄
    { 0xe8, 0x96, 0x87, 0x00, 0x54, 0xec, 0xa6, 0x6c, 0xae, 0x7c, 0xbc, 0x00 }, // 薇
    { 0xe8, 0x96, 0x9b, 0x00, 0xfc, 0xdc, 0xde, 0x54, 0x76, 0xdc, 0x74, 0x00 }, // 薛
    { 0xe8, 0x96, 0xaa, 0x00, 0xa4, 0x6c, 0xf6, 0x6c, 0x7e, 0x2c, 0xe4, 0x00 }, // 薪
    { 0xe8, 0x96, 0xaf, 0x00, 0x44, 0xdc, 0x76, 0xfc, 0xf6, 0xdc, 0x54, 0x00 }, // 薯
    { 0xe8, 0x97, 0x8f, 0x00, 0xb4, 0xe4, 0x76, 0xf4, 0xb6, 0x7c, 0x94, 0x00 }, // 藏
    { 0xe8, 0x97, 0x90, 0x00, 0x54, 0xb4, 0xee, 0x84, 0x76, 0xdc, 0xb4, 0x00 }, // 藐
    { 0xe8, 0x97, 0x95, 0x00, 0x54, 0xfc, 0x56, 0xe4, 0xbe, 0x7c, 0xe4, 0x00 }, // 藕
    { 0xe8, 0x97, 0xa4, 0x00, 0xf4, 0x54, 0xfe, 0x54, 0xee, 0x54, 0xac, 0x00 }, // 藤
    { 0xe8, 0x97, 0xbb, 0x00, 0xac, 0x04, 0xb6, 0x6c, 0xf6, 0x6c, 0xb4, 0x00 }, // 藻
    { 0xe8, 0x98, 0x91, 0x00, 0x84, 0x7c, 0x96, 0x7c, 0xd6, 0xfc, 0x54, 0x00 }, // 蘑
    { 0xe8, 0x98, 0xb8, 0x00, 0xf4, 0xdc, 0xf6, 0x94, 0x3e, 0xbc, 0xac, 0x00 }, // 蘸
    { 0xe8, 0x99, 0x8e, 0x00, 0x80, 0x78, 0x88, 0x48, 0x5e, 0xd4, 0x94, 0x00 }, // 虎
    { 0xe8, 0x99, 0x8f, 0x00, 0x80, 0x78, 0x88, 0xa8, 0x7e, 0xb4, 0xf4, 0x00 }, // 虏
    { 0xe8, 0x99, 0x90, 0x00, 0x80, 0x78, 0x08, 0xe8, 0xbe, 0xb4, 0xb4, 0x00 }, // 虐
    { 0xe8, 0x99, 0x91, 0x00, 0x80, 0x78, 0xc8, 0x48, 0x9e, 0x94, 0xd4, 0x00 }, // 虑
    { 0xe8, 0x99, 0x9a, 0x00, 0x80, 0x78, 0x88, 0xc8, 0x9e, 0xd4, 0x94, 0x00 }, // 虚
    { 0xe8, 0x99, 0xab, 0x00, 0x80, 0xbc, 0xa4, 0xfe, 0xa4, 0x7c, 0x80, 0x00 }, // 虫
    { 0xe8, 0x99, 0xb1, 0x00, 0xba, 0xaa, 0xfe, 0xaa, 0xba, 0x7e, 0x80, 0x00 }, // 虱
    { 0xe8, 0x99, 0xb9, 0x00, 0x9c, 0xf6, 0x5c, 0x80, 0x84, 0xfc, 0x84, 0x00 }, // 虹
    { 0xe8, 0x99, 0xbd, 0x00, 0x80, 0xb8, 0xae, 0xfa, 0xae, 0x78, 0x80, 0x00 }, // 虽
    { 0xe8, 0x99, 0xbe, 0x00, 0x9c, 0xf6, 0x5c, 0x02, 0xfe, 0x0a, 0x12, 0x00 }, // 虾
    { 0xe8, 0x9a, 0x80, 0x00, 0x08, 0xf6, 0x4c, 0x9c, 0xfe, 0x94, 0xdc, 0x00 }, // 蚀
    { 0xe8, 0x9a, 0x81, 0x00, 0x9c, 0xf6, 0x5c, 0xb0, 0x46, 0xb0, 0x8c, 0x00 }, // 蚁
    { 0xe8, 0x9a, 0x82, 0x00, 0x9c, 0xf6, 0x5c, 0x5a, 0x52, 0x9e, 0xf0, 0x00 }, // 蚂
    { 0xe8, 0x9a, 0x8a, 0x00, 0x9c, 0xfe, 0x84, 0x5c, 0x26, 0x5c, 0x84, 0x00 }, // 蚊
    { 0xe8, 0x9a, 0x8c, 0x00, 0x9c, 0xf6, 0x5c, 0x44, 0x54, 0xfe, 0x54, 0x00 }, // 蚌
    { 0xe8, 0x9a, 0x93, 0x00, 0x9c, 0xf6, 0x5c, 0xba, 0xee, 0x00, 0xfe, 0x00 }, // 蚓
    { 0xe8, 0x9a, 0x95, 0x00, 0x88, 0xba, 0xaa, 0xf6, 0xaa, 0x7a, 0x88, 0x00 }, // 蚕
    { 0xe8, 0x9a, 0x9c, 0x00, 0x9c, 0xf6, 0x9c, 0x5a, 0xb6, 0xfe, 0x12, 0x00 }, // 蚜
    { 0xe8, 0x9a, 0xa3, 0x00, 0x9c, 0xf6, 0x88, 0xc6, 0xb0, 0x46, 0x88, 0x00 }, // 蚣
    { 0xe8, 0x9a, 0xa4, 0x00, 0x90, 0xb6, 0xaa, 0xfe, 0xaa, 0x76, 0x90, 0x00 }, // 蚤
    { 0xe8, 0x9a, 0xaa, 0x00, 0x9c, 0xf6, 0x5c, 0x54, 0x40, 0xfe, 0x20, 0x00 }, // 蚪
    { 0xe8, 0x9a, 0xaf, 0x00, 0x9c, 0xfe, 0x80, 0xfc, 0x94, 0xf2, 0x90, 0x00 }, // 蚯
    { 0xe8, 0x9b, 0x80, 0x00, 0x9c, 0xf6, 0x5c, 0x88, 0xaa, 0xfc, 0xa8, 0x00 }, // 蛀
    { 0xe8, 0x9b, 0x86, 0x00, 0x9c, 0xf6, 0x9c, 0xfe, 0xaa, 0xfe, 0x80, 0x00 }, // 蛆
    { 0xe8, 0x9b, 0x87, 0x00, 0x9c, 0xf6, 0x5c, 0x0c, 0xf4, 0xa6, 0xac, 0x00 }, // 蛇
    { 0xe8, 0x9b, 0x89, 0x00, 0x9c, 0xf6, 0x5c, 0x24, 0x6a, 0xa4, 0x68, 0x00 }, // 蛉
    { 0xe8, 0x9b, 0x8b, 0x00, 0x92, 0x8a, 0xb2, 0xfe, 0xb6, 0x52, 0x96, 0x00 }, // 蛋
    { 0xe8, 0x9b, 0x94, 0x00, 0x9c, 0xf6, 0x5c, 0xfe, 0xba, 0xaa, 0xfe, 0x00 }, // 蛔
    { 0xe8, 0x9b, 0x99, 0x00, 0x9c, 0xf6, 0x5c, 0x90, 0xb4, 0xfe, 0xb4, 0x00 }, // 蛙
    { 0xe8, 0x9b, 0x9b, 0x00, 0x9c, 0xfe, 0x98, 0x56, 0xfe, 0x54, 0x90, 0x00 }, // 蛛
    { 0xe8, 0x9b, 0xa4, 0x00, 0x9c, 0xf6, 0x5c, 0x08, 0xe4, 0xaa, 0xec, 0x00 }, // 蛤
    { 0xe8, 0x9b, 0xae, 0x00, 0x94, 0x84, 0xbc, 0xf6, 0xbc, 0x44, 0x94, 0x00 }, // 蛮
    { 0xe8, 0x9b, 0xb9, 0x00, 0x9c, 0xf6, 0x5c, 0xfa, 0x2a, 0xfe, 0xfa, 0x00 }, // 蛹
    { 0xe8, 0x9b, 0xbe, 0x00, 0x9c, 0xf6, 0x4c, 0xfc, 0x4a, 0x7e, 0xaa, 0x00 }, // 蛾
    { 0xe8, 0x9c, 0x80, 0x00, 0x96, 0x8a, 0xbe, 0xfa, 0xbe, 0x4a, 0xfe, 0x00 }, // 蜀
    { 0xe8, 0x9c, 0x82, 0x00, 0x9c, 0xf6, 0x5c, 0x54, 0xea, 0x56, 0x50, 0x00 }, // 蜂
    { 0xe8, 0x9c, 0x88, 0x00, 0x9c, 0xf6, 0x5c, 0xa8, 0xae, 0x7a, 0xae, 0x00 }, // 蜈
    { 0xe8, 0x9c, 0x92, 0x00, 0x9c, 0xfe, 0xaa, 0x76, 0xa4, 0xbc, 0xaa, 0x00 }, // 蜒
    { 0xe8, 0x9c, 0x93, 0x00, 0x9c, 0xfe, 0xaa, 0x76, 0xd4, 0xfc, 0xd2, 0x00 }, // 蜓
    { 0xe8, 0x9c, 0x95, 0x00, 0x9c, 0xf6, 0x5c, 0x9c, 0x76, 0xf4, 0x9e, 0x00 }, // 蜕
    { 0xe8, 0x9c, 0x97, 0x00, 0x9c, 0xf6, 0x5c, 0xe0, 0xae, 0x7a, 0xee, 0x00 }, // 蜗
    { 0xe8, 0x9c, 0x98, 0x00, 0x9c, 0xfe, 0x96, 0x7c, 0x94, 0x7c, 0x7c, 0x00 }, // 蜘
    { 0xe8, 0x9c, 0x9c, 0x00, 0xac, 0x94, 0xbc, 0xf6, 0xbc, 0x54, 0x8c, 0x00 }, // 蜜
    { 0xe8, 0x9c, 0xa1, 0x00, 0x9c, 0xf6, 0x5c, 0x14, 0xfe, 0xb4, 0xfe, 0x00 }, // 蜡
    { 0xe8, 0x9c, 0xbb, 0x00, 0x9c, 0xf6, 0x5c, 0x10, 0xf4, 0x5e, 0xf4, 0x00 }, // 蜻
    { 0xe8, 0x9d, 0x87, 0x00, 0x9c, 0xf6, 0x38, 0x2e, 0xfa, 0xae, 0xb8, 0x00 }, // 蝇
    { 0xe8, 0x9d, 0x89, 0x00, 0x9c, 0xf6, 0x5c, 0x5a, 0xf8, 0x5c, 0x5a, 0x00 }, // 蝉
    { 0xe8, 0x9d, 0x8c, 0x00, 0x9c, 0xf6, 0x6a, 0xfe, 0x4a, 0x54, 0xfe, 0x00 }, // 蝌
    { 0xe8, 0x9d, 0x8e, 0x00, 0x9c, 0xfe, 0x20, 0x7e, 0x5a, 0x9e, 0xf0, 0x00 }, // 蝎
    { 0xe8, 0x9d, 0x97, 0x00, 0x9c, 0xf6, 0x5c, 0xa0, 0xbc, 0xf6, 0xbc, 0x00 }, // 蝗
    { 0xe8, 0x9d, 0x99, 0x00, 0x9c, 0xf6, 0x5c, 0x20, 0xfc, 0x6e, 0xec, 0x00 }, // 蝙
    { 0xe8, 0x9d, 0xa0, 0x00, 0x9c, 0xf6, 0x5c, 0xe2, 0xae, 0xee, 0xe2, 0x00 }, // 蝠
    { 0xe8, 0x9d, 0xb4, 0x00, 0x9c, 0xfe, 0x74, 0x5e, 0xf4, 0x7e, 0xfe, 0x00 }, // 蝴
    { 0xe8, 0x9d, 0xb6, 0x00, 0x9c, 0xf6, 0xbe, 0x64, 0xee, 0x6c, 0xae, 0x00 }, // 蝶
    { 0xe8, 0x9e, 0x83, 0x00, 0x9c, 0xfe, 0x34, 0x9c, 0x76, 0xdc, 0x34, 0x00 }, // 螃
    { 0xe8, 0x9e, 0x8d, 0x00, 0xf2, 0x5e, 0xde, 0xf2, 0x9c, 0xf6, 0xdc, 0x00 }, // 融
    { 0xe8, 0x9e, 0x9f, 0x00, 0x9c, 0xf6, 0x5c, 0xa6, 0x3a, 0x3a, 0xa6, 0x00 }, // 螟
    { 0xe8, 0x9e, 0xba, 0x00, 0x9c, 0xf6, 0xae, 0x3a, 0xee, 0x2a, 0xae, 0x00 }, // 螺
    { 0xe8, 0x9f, 0x80, 0x00, 0x9c, 0xfe, 0x6c, 0x54, 0xee, 0x54, 0x6c, 0x00 }, // 蟀
    { 0xe8, 0x9f, 0x86, 0x00, 0x9c, 0xfe, 0xa4, 0xbe, 0x6c, 0xbe, 0xa4, 0x00 }, // 蟆
    { 0xe8, 0x9f, 0x8b, 0x00, 0x9c, 0xfe, 0xaa, 0x5e, 0xba, 0x9e, 0xaa, 0x00 }, // 蟋
    { 0xe8, 0x9f, 0xb9, 0x00, 0xa4, 0x9a, 0xbe, 0xf0, 0xba, 0x76, 0x9e, 0x00 }, // 蟹
    { 0xe8, 0xa0, 0x95, 0x00, 0x9c, 0xfe, 0xcc, 0x56, 0xfe, 0x56, 0xcc, 0x00 }, // 蠕
    { 0xe8, 0xa0, 0xa2, 0x00, 0x94, 0xec, 0x66, 0x9e, 0xfe, 0x6c, 0x94, 0x00 }, // 蠢
    { 0xe8, 0xa1, 0x80, 0x00, 0x80, 0xfc, 0x86, 0xfc, 0x84, 0xfc, 0x80, 0x00 }, // 血
    { 0xe8, 0xa1, 0x85, 0x00, 0x80, 0xfc, 0x7e, 0x54, 0x50, 0xfe, 0x54, 0x00 }, // 衅
    { 0xe8, 0xa1, 0x8c, 0x00, 0x14, 0xfa, 0x08, 0x0a, 0x8a, 0xfa, 0x08, 0x00 }, // 行
    { 0xe8, 0xa1, 0x8d, 0x00, 0x14, 0xfa, 0x00, 0xea, 0x00, 0x8a, 0xfa, 0x00 }, // 衍
    { 0xe8, 0xa1, 0x94, 0x00, 0x14, 0xfa, 0x2c, 0xfa, 0xa8, 0x0a, 0xfa, 0x00 }, // 衔
    { 0xe8, 0xa1, 0x97, 0x00, 0x14, 0xfa, 0x54, 0x7e, 0x54, 0x8a, 0xfa, 0x00 }, // 街
    { 0xe8, 0xa1, 0x99, 0x00, 0x14, 0xfa, 0x00, 0xda, 0xde, 0x0a, 0xfa, 0x00 }, // 衙
    { 0xe8, 0xa1, 0xa1, 0x00, 0x14, 0xfa, 0xb4, 0x7a, 0xb6, 0x0a, 0xfa, 0x00 }, // 衡
    { 0xe8, 0xa1, 0xa3, 0x00, 0x44, 0x24, 0xf4, 0x8e, 0x34, 0x64, 0x94, 0x00 }, // 衣
    { 0xe8, 0xa1, 0xa5, 0x00, 0x24, 0xf6, 0x6c, 0x00, 0xfe, 0x10, 0x20, 0x00 }, // 补
    { 0xe8, 0xa1, 0xa8, 0x00, 0x50, 0x54, 0xf4, 0x9e, 0x34, 0x54, 0xa0, 0x00 }, // 表
    { 0xe8, 0xa1, 0xa9, 0x00, 0x24, 0xf6, 0x6c, 0x98, 0xa2, 0x4a, 0xbe, 0x00 }, // 衩
    { 0xe8, 0xa1, 0xab, 0x00, 0x24, 0xf6, 0x6c, 0x00, 0x94, 0x94, 0x4a, 0x00 }, // 衫
    { 0xe8, 0xa1, 0xac, 0x00, 0x24, 0xf6, 0x6c, 0x14, 0xa4, 0xfe, 0x04, 0x00 }, // 衬
    { 0xe8, 0xa1, 0xb0, 0x00, 0x54, 0x54, 0xfc, 0xae, 0x7c, 0x94, 0x94, 0x00 }, // 衰
    { 0xe8, 0xa1, 0xb7, 0x00, 0x44, 0x5c, 0xf4, 0x9e, 0x34, 0x5c, 0xa4, 0x00 }, // 衷
    { 0xe8, 0xa2, 0x81, 0x00, 0x88, 0x7c, 0xec, 0xae, 0x6c, 0xbc, 0x88, 0x00 }, // 袁
    { 0xe8, 0xa2, 0x84, 0x00, 0x24, 0xf6, 0x6c, 0x90, 0x94, 0x7c, 0x92, 0x00 }, // 袄
    { 0xe8, 0xa2, 0x8b, 0x00, 0xa8, 0x7c, 0xe2, 0xb4, 0x66, 0xac, 0xb6, 0x00 }, // 袋
    { 0xe8, 0xa2, 0x8d, 0x00, 0x24, 0xf6, 0x6c, 0x08, 0xf6, 0xb4, 0xbc, 0x00 }, // 袍
    { 0xe8, 0xa2, 0x92, 0x00, 0x24, 0xf6, 0x6c, 0x80, 0xbe, 0xaa, 0xbe, 0x00 }, // 袒
    { 0xe8, 0xa2, 0x96, 0x00, 0x24, 0xf6, 0x6c, 0xfc, 0x94, 0xfe, 0xfc, 0x00 }, // 袖
    { 0xe8, 0xa2, 0x9c, 0x00, 0x24, 0xf6, 0x6c, 0x54, 0xfe, 0x54, 0x84, 0x00 }, // 袜
    { 0xe8, 0xa2, 0xab, 0x00, 0x24, 0xf6, 0x6c, 0xfc, 0xb4, 0x5e, 0xbc, 0x00 }, // 被
    { 0xe8, 0xa2, 0xad, 0x00, 0xb4, 0x6c, 0xe6, 0xac, 0x7c, 0xb6, 0xb4, 0x00 }, // 袭
    { 0xe8, 0xa2, 0xb1, 0x00, 0x24, 0xf6, 0x6c, 0xfe, 0x88, 0x7e, 0x8a, 0x00 }, // 袱
    { 0xe8, 0xa3, 0x81, 0x00, 0x50, 0xf4, 0xbe, 0x54, 0x9e, 0x70, 0xb4, 0x00 }, // 裁
    { 0xe8, 0xa3, 0x82, 0x00, 0xaa, 0x76, 0xee, 0xa2, 0x6c, 0xa0, 0xbe, 0x00 }, // 裂
    { 0xe8, 0xa3, 0x85, 0x00, 0xb4, 0x7e, 0xe4, 0xb4, 0x7e, 0xb4, 0xa4, 0x00 }, // 装
    { 0xe8, 0xa3, 0x86, 0x00, 0x24, 0xf6, 0x6c, 0x8a, 0xa8, 0xae, 0xfa, 0x00 }, // 裆
    { 0xe8, 0xa3, 0x95, 0x00, 0x24, 0xf6, 0x6c, 0x12, 0xc8, 0xd2, 0x24, 0x00 }, // 裕
    { 0xe8, 0xa3, 0x99, 0x00, 0x24, 0xf6, 0x6c, 0x4a, 0xfe, 0xea, 0xde, 0x00 }, // 裙
    { 0xe8, 0xa3, 0xa4, 0x00, 0x24, 0xf6, 0x6c, 0x5c, 0x74, 0xde, 0x54, 0x00 }, // 裤
    { 0xe8, 0xa3, 0xb3, 0x00, 0xac, 0x66, 0xfc, 0xb6, 0x7c, 0xa6, 0xac, 0x00 }, // 裳
    { 0xe8, 0xa3, 0xb8, 0x00, 0x24, 0xf6, 0xae, 0x6a, 0xfe, 0x6a, 0xae, 0x00 }, // 裸
    { 0xe8, 0xa3, 0xb9, 0x00, 0xa4, 0x54, 0xfc, 0xbe, 0x5c, 0x94, 0xa4, 0x00 }, // 裹
    { 0xe8, 0xa4, 0x82, 0x00, 0x24, 0xf6, 0x6c, 0x7e, 0x54, 0xfe, 0x10, 0x00 }, // 褂
    { 0xe8, 0xa4, 0x90, 0x00, 0x24, 0xf6, 0x6c, 0x7e, 0x5a, 0x9e, 0xf0, 0x00 }, // 褐
    { 0xe8, 0xa4, 0x92, 0x00, 0x54, 0x5c, 0xe4, 0x9e, 0x34, 0x5c, 0xa4, 0x00 }, // 褒
    { 0xe8, 0xa4, 0xa5, 0x00, 0x24, 0xf6, 0x6c, 0xbe, 0x3e, 0xf6, 0x2a, 0x00 }, // 褥
    { 0xe8, 0xa4, 0xaa, 0x00, 0x24, 0xf6, 0x6c, 0xf2, 0xa0, 0x9e, 0xae, 0x00 }, // 褪
    { 0xe8, 0xa5, 0x9f, 0x00, 0x24, 0xf6, 0xac, 0x3e, 0xf0, 0x34, 0xae, 0x00 }, // 襟
    { 0xe8, 0xa5, 0xbf, 0x00, 0xfa, 0xaa, 0x9e, 0x8a, 0xbe, 0xaa, 0xfa, 0x00 }, // 西
    { 0xe8, 0xa6, 0x81, 0x00, 0xa2, 0xae, 0xea, 0xbe, 0x6a, 0xae, 0xa2, 0x00 }, // 要
    { 0xe8, 0xa6, 0x86, 0x00, 0x52, 0xee, 0x8a, 0xae, 0x5a, 0xbe, 0x82, 0x00 }, // 覆
    { 0xe8, 0xa7, 0x81, 0x00, 0x80, 0xbe, 0x42, 0x3a, 0xc2, 0xbe, 0xc0, 0x00 }, // 见
    { 0xe8, 0xa7, 0x82, 0x00, 0x54, 0x24, 0x5c, 0xbe, 0x7a, 0xc2, 0xbe, 0x00 }, // 观
    { 0xe8, 0xa7, 0x84, 0x00, 0x94, 0x7e, 0x54, 0xbe, 0x7a, 0xc2, 0xbe, 0x00 }, // 规
    { 0xe8, 0xa7, 0x85, 0x00, 0x84, 0xbc, 0x4c, 0x2c, 0xca, 0xba, 0xc6, 0x00 }, // 觅
    { 0xe8, 0xa7, 0x86, 0x00, 0x24, 0xf6, 0x2c, 0xbe, 0x7a, 0xc2, 0xbe, 0x00 }, // 视
    { 0xe8, 0xa7, 0x88, 0x00, 0x8c, 0xb0, 0x9e, 0x58, 0x96, 0xbc, 0xc4, 0x00 }, // 览
    { 0xe8, 0xa7, 0x89, 0x00, 0x8c, 0xb6, 0x94, 0x56, 0x94, 0xb6, 0xcc, 0x00 }, // 觉
    { 0xe8, 0xa7, 0x92, 0x00, 0x84, 0x7c, 0x2a, 0xfa, 0x2e, 0xa8, 0xf8, 0x00 }, // 角
    { 0xe8, 0xa7, 0xa3, 0x00, 0x84, 0x7a, 0xbe, 0xf8, 0x5a, 0xf6, 0x5e, 0x00 }, // 解
    { 0xe8, 0xa7, 0xa6, 0x00, 0x84, 0x7a, 0xfe, 0x94, 0xfe, 0x94, 0xdc, 0x00 }, // 触
    { 0xe8, 0xa8, 0x80, 0x00, 0x04, 0xc4, 0xd4, 0xd6, 0xd4, 0xc4, 0x04, 0x00 }, // 言
    { 0xe8, 0xaa, 0x89, 0x00, 0x14, 0xce, 0xd4, 0xd6, 0xd4, 0xce, 0x14, 0x00 }, // 誉
    { 0xe8, 0xaa, 0x8a, 0x00, 0x28, 0x5a, 0xcc, 0xee, 0xcc, 0x5a, 0x28, 0x00 }, // 誊
    { 0xe8, 0xaa, 0x93, 0x00, 0x54, 0x7e, 0xe0, 0xdc, 0xcc, 0x7a, 0x48, 0x00 }, // 誓
    { 0xe8, 0xad, 0xa6, 0x00, 0x54, 0x4e, 0xec, 0xfe, 0xd4, 0x4a, 0x56, 0x00 }, // 警
    { 0xe8, 0xad, 0xac, 0x00, 0x08, 0xde, 0xd6, 0xd0, 0xdc, 0xd6, 0x0c, 0x00 }, // 譬
    { 0xe8, 0xae, 0xa1, 0x00, 0x08, 0xfa, 0x40, 0x08, 0x08, 0xfe, 0x08, 0x00 }, // 计
    { 0xe8, 0xae, 0xa2, 0x00, 0x08, 0xfa, 0x40, 0x02, 0x82, 0xfe, 0x02, 0x00 }, // 订
    { 0xe8, 0xae, 0xa4, 0x00, 0x08, 0xfa, 0x40, 0x80, 0x40, 0x3e, 0xc0, 0x00 }, // 认
    { 0xe8, 0xae, 0xa5, 0x00, 0x08, 0xfa, 0x80, 0x7e, 0x02, 0xfe, 0x80, 0x00 }, // 讥
    { 0xe8, 0xae, 0xa8, 0x00, 0x08, 0xfa, 0x40, 0x14, 0xa4, 0xfe, 0x04, 0x00 }, // 讨
    { 0xe8, 0xae, 0xa9, 0x00, 0x08, 0xfa, 0x40, 0x80, 0xfe, 0x88, 0x88, 0x00 }, // 让
    { 0xe8, 0xae, 0xad, 0x00, 0x08, 0xfa, 0x80, 0x7e, 0x3c, 0x00, 0xfe, 0x00 }, // 训
    { 0xe8, 0xae, 0xae, 0x00, 0x08, 0xfa, 0x40, 0xb0, 0x46, 0xb0, 0x8c, 0x00 }, // 议
    { 0xe8, 0xae, 0xaf, 0x00, 0x0a, 0xf8, 0x52, 0xfe, 0x12, 0xfe, 0x80, 0x00 }, // 讯
    { 0xe8, 0xae, 0xb0, 0x00, 0x08, 0xfa, 0x40, 0xf2, 0x92, 0x92, 0xde, 0x00 }, // 记
    { 0xe8, 0xae, 0xb2, 0x00, 0x08, 0xfa, 0xa4, 0x7e, 0x24, 0xfe, 0x24, 0x00 }, // 讲
    { 0xe8, 0xae, 0xb3, 0x00, 0x08, 0xfa, 0x44, 0x54, 0xfe, 0x54, 0xc4, 0x00 }, // 讳
    { 0xe8, 0xae, 0xb6, 0x00, 0x0a, 0xf8, 0x5a, 0x56, 0xb2, 0xfe, 0x12, 0x00 }, // 讶
    { 0xe8, 0xae, 0xb8, 0x00, 0x08, 0xfa, 0xa8, 0x26, 0xfc, 0x24, 0x20, 0x00 }, // 许
    { 0xe8, 0xae, 0xb9, 0x00, 0x08, 0xfa, 0x48, 0xfc, 0x12, 0xfe, 0x88, 0x00 }, // 讹
    { 0xe8, 0xae, 0xba, 0x00, 0x08, 0xfa, 0x48, 0xf4, 0xa2, 0x94, 0xc8, 0x00 }, // 论
    { 0xe8, 0xae, 0xbc, 0x00, 0x08, 0xfa, 0x88, 0xc6, 0xb0, 0x46, 0x88, 0x00 }, // 讼
    { 0xe8, 0xae, 0xbd, 0x00, 0x0a, 0xf8, 0x7e, 0x12, 0x2a, 0xfe, 0x80, 0x00 }, // 讽
    { 0xe8, 0xae, 0xbe, 0x00, 0x08, 0xfa, 0x88, 0xb6, 0x52, 0xbe, 0x88, 0x00 }, // 设
    { 0xe8, 0xae, 0xbf, 0x00, 0x08, 0xfa, 0x84, 0x7c, 0x16, 0x94, 0xf4, 0x00 }, // 访
    { 0xe8, 0xaf, 0x80, 0x00, 0x08, 0xfa, 0x90, 0x94, 0x7e, 0x9c, 0x90, 0x00 }, // 诀
    { 0xe8, 0xaf, 0x81, 0x00, 0x08, 0xfa, 0x80, 0xf2, 0x82, 0xfe, 0x92, 0x00 }, // 证
    { 0xe8, 0xaf, 0x84, 0x00, 0x08, 0xfa, 0xa8, 0x22, 0xfe, 0x22, 0x2a, 0x00 }, // 评
    { 0xe8, 0xaf, 0x85, 0x00, 0x08, 0xfa, 0x80, 0xfe, 0xaa, 0xfe, 0x80, 0x00 }, // 诅
    { 0xe8, 0xaf, 0x86, 0x00, 0x08, 0xfa, 0x80, 0x5e, 0x12, 0x52, 0x9e, 0x00 }, // 识
    { 0xe8, 0xaf, 0x88, 0x00, 0x08, 0xfa, 0x48, 0x06, 0xfc, 0x54, 0x54, 0x00 }, // 诈
    { 0xe8, 0xaf, 0x89, 0x00, 0x08, 0xfa, 0x80, 0x7c, 0x34, 0xf2, 0x50, 0x00 }, // 诉
    { 0xe8, 0xaf, 0x8a, 0x00, 0x08, 0xfa, 0x48, 0x84, 0xaa, 0x54, 0x28, 0x00 }, // 诊
    { 0xe8, 0xaf, 0x8d, 0x00, 0x08, 0xfa, 0x80, 0x6a, 0x6a, 0x82, 0xfe, 0x00 }, // 词
    { 0xe8, 0xaf, 0x91, 0x00, 0x08, 0xfa, 0x50, 0x56, 0xea, 0x56, 0x50, 0x00 }, // 译
    { 0xe8, 0xaf, 0x95, 0x00, 0x08, 0xfa, 0xa8, 0xe8, 0xae, 0x78, 0x8a, 0x00 }, // 试
    { 0xe8, 0xaf, 0x97, 0x00, 0x08, 0xfa, 0x50, 0xd4, 0x5e, 0xf4, 0x50, 0x00 }, // 诗
    { 0xe8, 0xaf, 0x9a, 0x00, 0x08, 0x7a, 0xfc, 0x54, 0xb4, 0x7e, 0xa4, 0x00 }, // 诚
    { 0xe8, 0xaf, 0x9d, 0x00, 0x08, 0xfa, 0x48, 0xec, 0xbc, 0xea, 0x08, 0x00 }, // 话
    { 0xe8, 0xaf, 0x9e, 0x00, 0x0a, 0xf8, 0xaa, 0x76, 0xa4, 0xbc, 0xaa, 0x00 }, // 诞
    { 0xe8, 0xaf, 0xa1, 0x00, 0x08, 0xfa, 0x84, 0x7c, 0xfa, 0x9e, 0xb8, 0x00 }, // 诡
    { 0xe8, 0xaf, 0xa2, 0x00, 0x08, 0xfa, 0x88, 0x7e, 0x54, 0x7c, 0xfc, 0x00 }, // 询
    { 0xe8, 0xaf, 0xa5, 0x00, 0x08, 0xfa, 0x40, 0x94, 0xbc, 0x56, 0xac, 0x00 }, // 该
    { 0xe8, 0xaf, 0xa6, 0x00, 0x08, 0xfa, 0x44, 0x56, 0xfc, 0x56, 0x44, 0x00 }, // 详
    { 0xe8, 0xaf, 0xab, 0x00, 0x08, 0xfa, 0x94, 0x7c, 0x94, 0x7e, 0xa4, 0x00 }, // 诫
    { 0xe8, 0xaf, 0xac, 0x00, 0x08, 0xfa, 0xa0, 0x9a, 0xfe, 0x9a, 0xa2, 0x00 }, // 诬
    { 0xe8, 0xaf, 0xad, 0x00, 0x08, 0xfa, 0x28, 0xfa, 0xae, 0xfa, 0x20, 0x00 }, // 语
    { 0xe8, 0xaf, 0xaf, 0x00, 0x08, 0xfa, 0x40, 0xa8, 0xae, 0x7a, 0xae, 0x00 }, // 误
    { 0xe8, 0xaf, 0xb1, 0x00, 0x08, 0xfa, 0xb4, 0x6e, 0x3e, 0x6e, 0xd4, 0x00 }, // 诱
    { 0xe8, 0xaf, 0xb2, 0x00, 0x08, 0xfa, 0xa8, 0x66, 0x5c, 0xfc, 0x24, 0x00 }, // 诲
    { 0xe8, 0xaf, 0xb4, 0x00, 0x08, 0xfa, 0x9c, 0x76, 0x14, 0xf6, 0x9c, 0x00 }, // 说
    { 0xe8, 0xaf, 0xb5, 0x00, 0x08, 0x7a, 0xf8, 0x2a, 0xfa, 0x2e, 0xfa, 0x00 }, // 诵
    { 0xe8, 0xaf, 0xb7, 0x00, 0x08, 0xfa, 0x50, 0xf4, 0x5e, 0xf4, 0x10, 0x00 }, // 请
    { 0xe8, 0xaf, 0xb8, 0x00, 0x08, 0xfa, 0x50, 0x34, 0xde, 0xd4, 0xd2, 0x00 }, // 诸
    { 0xe8, 0xaf, 0xba, 0x00, 0x08, 0xfa, 0x54, 0x3e, 0xd4, 0xd6, 0xd4, 0x00 }, // 诺
    { 0xe8, 0xaf, 0xbb, 0x00, 0x08, 0xfa, 0xa8, 0xba, 0x6e, 0x3a, 0xb8, 0x00 }, // 读
    { 0xe8, 0xaf, 0xbd, 0x00, 0x08, 0xfa, 0x54, 0xfe, 0x00, 0xfe, 0x54, 0x00 }, // 诽
    { 0xe8, 0xaf, 0xbe, 0x00, 0x0a, 0xf8, 0xae, 0x6a, 0xfe, 0x6a, 0xae, 0x00 }, // 课
    { 0xe8, 0xb0, 0x81, 0x00, 0x08, 0xfa, 0x48, 0xfe, 0x94, 0xfe, 0x94, 0x00 }, // 谁
    { 0xe8, 0xb0, 0x83, 0x00, 0x0a, 0x78, 0xfe, 0x6a, 0x5e, 0x6a, 0xfe, 0x00 }, // 调
    { 0xe8, 0xb0, 0x85, 0x00, 0x08, 0xfa, 0x44, 0x9c, 0xf6, 0x1c, 0x44, 0x00 }, // 谅
    { 0xe8, 0xb0, 0x86, 0x00, 0x08, 0xfa, 0x44, 0x5c, 0xd6, 0x7c, 0x44, 0x00 }, // 谆
    { 0xe8, 0xb0, 0x88, 0x00, 0x0a, 0xf8, 0xaa, 0x44, 0x32, 0x44, 0xaa, 0x00 }, // 谈
    { 0xe8, 0xb0, 0x8a, 0x00, 0x08, 0xfa, 0x40, 0x8c, 0xf4, 0xf6, 0x8c, 0x00 }, // 谊
    { 0xe8, 0xb0, 0x8b, 0x00, 0x08, 0xfa, 0xa4, 0x7e, 0xf4, 0x7e, 0xa4, 0x00 }, // 谋
    { 0xe8, 0xb0, 0x8d, 0x00, 0x0a, 0xf8, 0xbe, 0x64, 0xee, 0x6c, 0xae, 0x00 }, // 谍
    { 0xe8, 0xb0, 0x8e, 0x00, 0x08, 0xfa, 0x84, 0x5e, 0xd4, 0x16, 0xc4, 0x00 }, // 谎
    { 0xe8, 0xb0, 0x90, 0x00, 0x0a, 0xf8, 0x5e, 0xd4, 0xe0, 0xde, 0x14, 0x00 }, // 谐
    { 0xe8, 0xb0, 0x92, 0x00, 0x08, 0xfa, 0xa0, 0x7e, 0x5a, 0x9e, 0xf0, 0x00 }, // 谒
    { 0xe8, 0xb0, 0x93, 0x00, 0x0a, 0xf8, 0x5e, 0xfa, 0x5e, 0xfa, 0x1e, 0x00 }, // 谓
    { 0xe8, 0xb0, 0x9a, 0x00, 0x08, 0x7a, 0xf4, 0x1c, 0xb6, 0x9c, 0x54, 0x00 }, // 谚
    { 0xe8, 0xb0, 0x9c, 0x00, 0x0a, 0x78, 0xf2, 0xa8, 0x9a, 0xfc, 0xaa, 0x00 }, // 谜
    { 0xe8, 0xb0, 0xa2, 0x00, 0x08, 0xfa, 0xbc, 0x56, 0xfc, 0x34, 0xfe, 0x00 }, // 谢
    { 0xe8, 0xb0, 0xa3, 0x00, 0x08, 0x7a, 0xc0, 0x94, 0xfc, 0x92, 0xd6, 0x00 }, // 谣
    { 0xe8, 0xb0, 0xa4, 0x00, 0x08, 0xfa, 0x34, 0x9c, 0x76, 0xdc, 0x34, 0x00 }, // 谤
    { 0xe8, 0xb0, 0xa6, 0x00, 0x08, 0xfa, 0xa4, 0x6e, 0xfc, 0x7e, 0x94, 0x00 }, // 谦
    { 0xe8, 0xb0, 0xa8, 0x00, 0x08, 0xfa, 0xb4, 0xbe, 0xf4, 0xbe, 0xb4, 0x00 }, // 谨
    { 0xe8, 0xb0, 0xac, 0x00, 0x0a, 0xf8, 0x22, 0x96, 0xa8, 0x52, 0x26, 0x00 }, // 谬
    { 0xe8, 0xb0, 0xad, 0x00, 0x0a, 0xf8, 0x42, 0x76, 0xd6, 0x76, 0x42, 0x00 }, // 谭
    { 0xe8, 0xb0, 0xb1, 0x00, 0x08, 0xfa, 0x54, 0xfe, 0xc4, 0xfe, 0x54, 0x00 }, // 谱
    { 0xe8, 0xb0, 0xb4, 0x00, 0x0a, 0x78, 0xf2, 0x9c, 0xf4, 0xfe, 0xdc, 0x00 }, // 谴
    { 0xe8, 0xb0, 0xb7, 0x00, 0x20, 0x24, 0xd2, 0xc8, 0xd2, 0x24, 0x20, 0x00 }, // 谷
    { 0xe8, 0xb1, 0x81, 0x00, 0x4c, 0xd4, 0xfe, 0xdc, 0x12, 0xc8, 0xd2, 0x00 }, // 豁
    { 0xe8, 0xb1, 0x86, 0x00, 0x82, 0xba, 0xea, 0xaa, 0xea, 0xba, 0x82, 0x00 }, // 豆
    { 0xe8, 0xb1, 0x8c, 0x00, 0x5a, 0x6a, 0x5a, 0xac, 0x54, 0xf6, 0xbc, 0x00 }, // 豌
    { 0xe8, 0xb1, 0xa1, 0x00, 0xa4, 0xa4, 0x5a, 0xba, 0xfe, 0x58, 0xa0, 0x00 }, // 象
    { 0xe8, 0xb1, 0xaa, 0x00, 0xb4, 0xbc, 0x54, 0xb6, 0xf4, 0x5c, 0xb4, 0x00 }, // 豪
    { 0xe8, 0xb1, 0xab, 0x00, 0x92, 0xfa, 0x56, 0xbc, 0xfa, 0x5e, 0xa0, 0x00 }, // 豫
    { 0xe8, 0xb1, 0xb9, 0x00, 0x54, 0xac, 0x7a, 0x08, 0x16, 0xa4, 0xfc, 0x00 }, // 豹
    { 0xe8, 0xb1, 0xba, 0x00, 0x54, 0xac, 0x7a, 0x24, 0x94, 0xfe, 0x04, 0x00 }, // 豺
    { 0xe8, 0xb2, 0x8c, 0x00, 0x54, 0xac, 0x7a, 0xbc, 0x56, 0xd4, 0xbc, 0x00 }, // 貌
    { 0xe8, 0xb4, 0x9d, 0x00, 0x80, 0xbe, 0x82, 0x7a, 0x02, 0xbe, 0x80, 0x00 }, // 贝
    { 0xe8, 0xb4, 0x9e, 0x00, 0x80, 0xb8, 0x88, 0x6e, 0x0c, 0xbc, 0x84, 0x00 }, // 贞
    { 0xe8, 0xb4, 0x9f, 0x00, 0x84, 0xbc, 0x8a, 0x6a, 0x0e, 0xb8, 0x80, 0x00 }, // 负
    { 0xe8, 0xb4, 0xa1, 0x00, 0x88, 0xba, 0x8a, 0x6e, 0x0a, 0xba, 0x88, 0x00 }, // 贡
    { 0xe8, 0xb4, 0xa2, 0x00, 0xbe, 0x7a, 0xbe, 0x24, 0x94, 0xfe, 0x04, 0x00 }, // 财
    { 0xe8, 0xb4, 0xa3, 0x00, 0x90, 0xb4, 0x94, 0x5e, 0x14, 0xb4, 0x90, 0x00 }, // 责
    { 0xe8, 0xb4, 0xa4, 0x00, 0x8c, 0xe0, 0xbe, 0x60, 0xb6, 0xea, 0x96, 0x00 }, // 贤
    { 0xe8, 0xb4, 0xa5, 0x00, 0xbe, 0x7a, 0xbe, 0x08, 0xbe, 0x44, 0xbc, 0x00 }, // 败
    { 0xe8, 0xb4, 0xa6, 0x00, 0xbe, 0x7a, 0xbe, 0x10, 0xfe, 0x54, 0x92, 0x00 }, // 账
    { 0xe8, 0xb4, 0xa7, 0x00, 0x88, 0xfc, 0xa2, 0x68, 0xbe, 0xf4, 0x94, 0x00 }, // 货
    { 0xe8, 0xb4, 0xa8, 0x00, 0x80, 0x7c, 0x8c, 0xbc, 0x6c, 0x0a, 0xba, 0x00 }, // 质
    { 0xe8, 0xb4, 0xa9, 0x00, 0xbe, 0x7a, 0xbe, 0x40, 0xbc, 0x54, 0xb2, 0x00 }, // 贩
    { 0xe8, 0xb4, 0xaa, 0x00, 0x88, 0xe8, 0xac, 0x6a, 0xbc, 0xe8, 0x88, 0x00 }, // 贪
    { 0xe8, 0xb4, 0xab, 0x00, 0x88, 0xec, 0xba, 0x68, 0xba, 0xe4, 0x88, 0x00 }, // 贫
    { 0xe8, 0xb4, 0xac, 0x00, 0xbe, 0x7a, 0xbe, 0x48, 0x4a, 0xae, 0x9a, 0x00 }, // 贬
    { 0xe8, 0xb4, 0xad, 0x00, 0xbe, 0x7a, 0xbe, 0x68, 0x56, 0x44, 0xfc, 0x00 }, // 购
    { 0xe8, 0xb4, 0xae, 0x00, 0xbe, 0x7a, 0xbe, 0x0c, 0x84, 0x86, 0x8c, 0x00 }, // 贮
    { 0xe8, 0xb4, 0xaf, 0x00, 0x84, 0xbe, 0x9a, 0x5e, 0x1a, 0xbe, 0x84, 0x00 }, // 贯
    { 0xe8, 0xb4, 0xb0, 0x00, 0x84, 0x6c, 0xac, 0x6c, 0x84, 0x7e, 0x84, 0x00 }, // 贰
    { 0xe8, 0xb4, 0xb1, 0x00, 0xbe, 0x7a, 0xbe, 0x14, 0xbe, 0x54, 0xa6, 0x00 }, // 贱
    { 0xe8, 0xb4, 0xb4, 0x00, 0xbe, 0x7a, 0xbe, 0xe0, 0xbe, 0xa8, 0xe8, 0x00 }, // 贴
    { 0xe8, 0xb4, 0xb5, 0x00, 0x90, 0xbc, 0x94, 0x5e, 0x14, 0xbc, 0x90, 0x00 }, // 贵
    { 0xe8, 0xb4, 0xb7, 0x00, 0x88, 0xfc, 0xa2, 0x64, 0xa6, 0xec, 0x96, 0x00 }, // 贷
    { 0xe8, 0xb4, 0xb8, 0x00, 0x8c, 0xbc, 0x9a, 0x50, 0x1a, 0xb6, 0x8e, 0x00 }, // 贸
    { 0xe8, 0xb4, 0xb9, 0x00, 0xb4, 0x94, 0xbe, 0x54, 0x1e, 0xb4, 0x9c, 0x00 }, // 费
    { 0xe8, 0xb4, 0xba, 0x00, 0x94, 0x8e, 0xb4, 0x5c, 0x1c, 0xb4, 0x9c, 0x00 }, // 贺
    { 0xe8, 0xb4, 0xbc, 0x00, 0xbe, 0x7e, 0x94, 0x3c, 0x94, 0x7e, 0xa4, 0x00 }, // 贼
    { 0xe8, 0xb4, 0xbe, 0x00, 0x82, 0xbe, 0x9a, 0x5e, 0x1a, 0xbe, 0x82, 0x00 }, // 贾
    { 0xe8, 0xb4, 0xbf, 0x00, 0xbe, 0x7a, 0xbe, 0x24, 0xfe, 0x54, 0xf4, 0x00 }, // 贿
    { 0xe8, 0xb5, 0x81, 0x00, 0x88, 0xfc, 0xaa, 0x6c, 0xbc, 0xea, 0x88, 0x00 }, // 赁
    { 0xe8, 0xb5, 0x82, 0x00, 0xbe, 0x7a, 0xbe, 0x10, 0xf4, 0xaa, 0xf6, 0x00 }, // 赂
    { 0xe8, 0xb5, 0x83, 0x00, 0xbe, 0x7a, 0xbe, 0x7c, 0x94, 0xfe, 0x94, 0x00 }, // 赃
    { 0xe8, 0xb5, 0x84, 0x00, 0x92, 0xe0, 0xa8, 0x76, 0xac, 0xf4, 0x8c, 0x00 }, // 资
    { 0xe8, 0xb5, 0x8a, 0x00, 0xbe, 0x7a, 0xbe, 0x24, 0xea, 0x2c, 0xa8, 0x00 }, // 赊
    { 0xe8, 0xb5, 0x8b, 0x00, 0xbe, 0x7e, 0xca, 0xfa, 0xa8, 0x7e, 0x8a, 0x00 }, // 赋
    { 0xe8, 0xb5, 0x8c, 0x00, 0xbe, 0x7a, 0xbe, 0x50, 0x34, 0xde, 0xd4, 0x00 }, // 赌
    { 0xe8, 0xb5, 0x8e, 0x00, 0xbe, 0x7a, 0xae, 0xba, 0x6e, 0x3a, 0xb8, 0x00 }, // 赎
    { 0xe8, 0xb5, 0x8f, 0x00, 0x8c, 0xb6, 0x9c, 0x56, 0x1c, 0xb6, 0x8c, 0x00 }, // 赏
    { 0xe8, 0xb5, 0x90, 0x00, 0xbe, 0x7a, 0xbe, 0x4e, 0xba, 0x6a, 0xee, 0x00 }, // 赐
    { 0xe8, 0xb5, 0x94, 0x00, 0xbe, 0x7a, 0xbe, 0x14, 0xfc, 0xb6, 0xfc, 0x00 }, // 赔
    { 0xe8, 0xb5, 0x96, 0x00, 0x84, 0x5c, 0xfe, 0x5c, 0xba, 0x6e, 0xb8, 0x00 }, // 赖
    { 0xe8, 0xb5, 0x98, 0x00, 0xa8, 0x9c, 0xfe, 0x68, 0xb4, 0xea, 0x96, 0x00 }, // 赘
    { 0xe8, 0xb5, 0x9a, 0x00, 0xbe, 0x7e, 0xa4, 0x6e, 0xfc, 0x7e, 0x94, 0x00 }, // 赚
    { 0xe8, 0xb5, 0x9b, 0x00, 0xac, 0xb4, 0x9c, 0x56, 0x1c, 0xb4, 0xac, 0x00 }, // 赛
    { 0xe8, 0xb5, 0x9e, 0x00, 0x94, 0xee, 0xbe, 0x74, 0xae, 0xfe, 0x94, 0x00 }, // 赞
    { 0xe8, 0xb5, 0xa0, 0x00, 0xbe, 0x7e, 0x9c, 0xf6, 0xbc, 0xf6, 0x1c, 0x00 }, // 赠
    { 0xe8, 0xb5, 0xa1, 0x00, 0xbe, 0x7a, 0xbe, 0x7c, 0xea, 0xfe, 0x58, 0x00 }, // 赡
    { 0xe8, 0xb5, 0xa2, 0x00, 0x84, 0x7c, 0xd4, 0x76, 0x94, 0xf4, 0xe4, 0x00 }, // 赢
    { 0xe8, 0xb5, 0xa4, 0x00, 0x50, 0x94, 0x74, 0x9e, 0xf4, 0x14, 0x50, 0x00 }, // 赤
    { 0xe8, 0xb5, 0xa6, 0x00, 0x50, 0xf4, 0x1e, 0xf4, 0xb8, 0x46, 0xbc, 0x00 }, // 赦
    { 0xe8, 0xb5, 0xab, 0x00, 0xb0, 0x74, 0xfe, 0x94, 0x74, 0xfe, 0x54, 0x00 }, // 赫
    { 0xe8, 0xb5, 0xb0, 0x00, 0x90, 0x54, 0x94, 0xfe, 0xb4, 0xb4, 0x90, 0x00 }, // 走
    { 0xe8, 0xb5, 0xb4, 0x00, 0x94, 0x74, 0x7e, 0xb4, 0x80, 0xbe, 0x88, 0x00 }, // 赴
    { 0xe8, 0xb5, 0xb5, 0x00, 0x94, 0x74, 0x7e, 0x94, 0xa4, 0x98, 0xa6, 0x00 }, // 赵
    { 0xe8, 0xb5, 0xb6, 0x00, 0x94, 0x74, 0x7e, 0x94, 0x8a, 0xbe, 0x8a, 0x00 }, // 赶
    { 0xe8, 0xb5, 0xb7, 0x00, 0x94, 0x74, 0x7e, 0x94, 0xba, 0xaa, 0xae, 0x00 }, // 起
    { 0xe8, 0xb6, 0x81, 0x00, 0xd4, 0x7e, 0x88, 0xd4, 0xca, 0xa4, 0x88, 0x00 }, // 趁
    { 0xe8, 0xb6, 0x85, 0x00, 0x94, 0x74, 0x7e, 0x94, 0xea, 0xa6, 0xee, 0x00 }, // 超
    { 0xe8, 0xb6, 0x8a, 0x00, 0xd4, 0x7e, 0x94, 0xfc, 0xc4, 0xbe, 0xd4, 0x00 }, // 越
    { 0xe8, 0xb6, 0x8b, 0x00, 0xd4, 0x7e, 0x94, 0xc8, 0xd6, 0xd4, 0xfc, 0x00 }, // 趋
    { 0xe8, 0xb6, 0x9f, 0x00, 0xd4, 0x7e, 0x94, 0xfa, 0xae, 0xb8, 0xfa, 0x00 }, // 趟
    { 0xe8, 0xb6, 0xa3, 0x00, 0xd4, 0x7e, 0x94, 0xaa, 0xfe, 0x94, 0xac, 0x00 }, // 趣
    { 0xe8, 0xb6, 0xb3, 0x00, 0x80, 0x6e, 0x8a, 0xfa, 0xaa, 0xae, 0x80, 0x00 }, // 足
    { 0xe8, 0xb6, 0xb4, 0x00, 0xee, 0xfa, 0xae, 0x7e, 0x00, 0x7e, 0x80, 0x00 }, // 趴
    { 0xe8, 0xb6, 0xbe, 0x00, 0xee, 0xfa, 0xae, 0xf8, 0x80, 0xfe, 0x88, 0x00 }, // 趾
    { 0xe8, 0xb7, 0x83, 0x00, 0xee, 0xfa, 0x6e, 0x90, 0x94, 0x7c, 0x92, 0x00 }, // 跃
    { 0xe8, 0xb7, 0x8b, 0x00, 0xee, 0xfa, 0xae, 0x44, 0xbe, 0x54, 0xb6, 0x00 }, // 跋
    { 0xe8, 0xb7, 0x8c, 0x00, 0xee, 0xfa, 0xae, 0x98, 0x96, 0x7e, 0x94, 0x00 }, // 跌
    { 0xe8, 0xb7, 0x91, 0x00, 0xee, 0xfa, 0xae, 0x08, 0xf6, 0xb4, 0xbc, 0x00 }, // 跑
    { 0xe8, 0xb7, 0x9b, 0x00, 0xee, 0xfa, 0xae, 0x7c, 0xb4, 0x5e, 0xbc, 0x00 }, // 跛
    { 0xe8, 0xb7, 0x9d, 0x00, 0xee, 0xfa, 0x56, 0xfe, 0xaa, 0xaa, 0xba, 0x00 }, // 距
    { 0xe8, 0xb7, 0x9f, 0x00, 0xee, 0xfa, 0x56, 0xfe, 0xaa, 0x6a, 0xbe, 0x00 }, // 跟
    { 0xe8, 0xb7, 0xa8, 0x00, 0xee, 0xfa, 0xae, 0x14, 0x3c, 0xae, 0xd4, 0x00 }, // 跨
    { 0xe8, 0xb7, 0xaa, 0x00, 0xee, 0xfa, 0xae, 0x7c, 0xfa, 0x9e, 0xb8, 0x00 }, // 跪
    { 0xe8, 0xb7, 0xaf, 0x00, 0xee, 0xfa, 0xae, 0x10, 0xf4, 0xaa, 0xf6, 0x00 }, // 路
    { 0xe8, 0xb7, 0xb3, 0x00, 0xee, 0xfa, 0xae, 0x7e, 0x00, 0xfe, 0x94, 0x00 }, // 跳
    { 0xe8, 0xb7, 0xb5, 0x00, 0xee, 0xfa, 0x6e, 0x94, 0xbe, 0x54, 0xa6, 0x00 }, // 践
    { 0xe8, 0xb7, 0xb7, 0x00, 0xee, 0xfa, 0x6e, 0xb4, 0x76, 0xec, 0xb4, 0x00 }, // 跷
    { 0xe8, 0xb7, 0xba, 0x00, 0xee, 0xfa, 0xac, 0x66, 0xf2, 0x6e, 0xa8, 0x00 }, // 跺
    { 0xe8, 0xb8, 0x8a, 0x00, 0xee, 0xfa, 0x56, 0xf8, 0x2a, 0xfe, 0xfa, 0x00 }, // 踊
    { 0xe8, 0xb8, 0x8f, 0x00, 0xee, 0xfa, 0x56, 0xec, 0xbe, 0xe8, 0x14, 0x00 }, // 踏
    { 0xe8, 0xb8, 0xa2, 0x00, 0xee, 0xfa, 0xae, 0x4e, 0xba, 0x6a, 0xee, 0x00 }, // 踢
    { 0xe8, 0xb8, 0xa9, 0x00, 0xee, 0xfa, 0xac, 0x64, 0xec, 0x72, 0xaa, 0x00 }, // 踩
    { 0xe8, 0xb8, 0xaa, 0x00, 0xee, 0xfa, 0xac, 0x24, 0xee, 0x2c, 0xac, 0x00 }, // 踪
    { 0xe8, 0xb8, 0xb1, 0x00, 0xee, 0xfa, 0x7c, 0x94, 0xbe, 0x5c, 0xb4, 0x00 }, // 踱
    { 0xe8, 0xb9, 0x82, 0x00, 0xee, 0xfa, 0xb4, 0x6e, 0xfe, 0x66, 0xac, 0x00 }, // 蹂
    { 0xe8, 0xb9, 0x84, 0x00, 0xee, 0xfa, 0x36, 0xdc, 0x76, 0xdc, 0x34, 0x00 }, // 蹄
    { 0xe8, 0xb9, 0x88, 0x00, 0xee, 0xfa, 0xe4, 0xd4, 0x84, 0xd2, 0xf6, 0x00 }, // 蹈
    { 0xe8, 0xb9, 0x8b, 0x00, 0xee, 0xfa, 0xae, 0x5e, 0xfa, 0x5e, 0xf0, 0x00 }, // 蹋
    { 0xe8, 0xb9, 0xa6, 0x00, 0xee, 0xfa, 0x76, 0xf4, 0x86, 0x74, 0xf6, 0x00 }, // 蹦
    { 0xe8, 0xb9, 0xac, 0x00, 0xee, 0xfa, 0x8c, 0xb6, 0xd2, 0xb4, 0x8a, 0x00 }, // 蹬
    { 0xe8, 0xb9, 0xad, 0x00, 0xee, 0xfa, 0x5c, 0xf6, 0xbc, 0xf6, 0x1c, 0x00 }, // 蹭
    { 0xe8, 0xb9, 0xb2, 0x00, 0xee, 0xfa, 0x3c, 0x6e, 0xa4, 0xee, 0x3c, 0x00 }, // 蹲
    { 0xe8, 0xba, 0x81, 0x00, 0xee, 0xfe, 0xb8, 0x6e, 0xfa, 0x6e, 0xb8, 0x00 }, // 躁
    { 0xe8, 0xba, 0x8f, 0x00, 0xee, 0xfa, 0xf4, 0x26, 0x74, 0x66, 0xfc, 0x00 }, // 躏
    { 0xe8, 0xba, 0xab, 0x00, 0x20, 0xa0, 0xbc, 0x76, 0xb4, 0xfc, 0x10, 0x00 }, // 身
    { 0xe8, 0xba, 0xac, 0x00, 0xa0, 0xbc, 0x56, 0xfc, 0x3a, 0xaa, 0xee, 0x00 }, // 躬
    { 0xe8, 0xba, 0xaf, 0x00, 0xa0, 0xbc, 0x56, 0xfc, 0xfe, 0x92, 0xaa, 0x00 }, // 躯
    { 0xe8, 0xba, 0xb2, 0x00, 0xbc, 0x56, 0xfc, 0x6e, 0xf2, 0x6e, 0xa8, 0x00 }, // 躲
    { 0xe8, 0xba, 0xba, 0x00, 0xbc, 0x56, 0xfc, 0xfa, 0x68, 0x6e, 0xfa, 0x00 }, // 躺
    { 0xe8, 0xbd, 0xa6, 0x00, 0x44, 0x54, 0x5c, 0xf6, 0x54, 0x54, 0x44, 0x00 }, // 车
    { 0xe8, 0xbd, 0xa7, 0x00, 0x5c, 0xf6, 0x54, 0x00, 0xfe, 0x80, 0xc0, 0x00 }, // 轧
    { 0xe8, 0xbd, 0xa8, 0x00, 0x5c, 0xf6, 0x84, 0x7e, 0x04, 0xfc, 0x80, 0x00 }, // 轨
    { 0xe8, 0xbd, 0xa9, 0x00, 0x5c, 0xf6, 0x54, 0x10, 0x12, 0xfe, 0x12, 0x00 }, // 轩
    { 0xe8, 0xbd, 0xac, 0x00, 0x5c, 0xf6, 0x10, 0x74, 0x5e, 0x54, 0xd0, 0x00 }, // 转
    { 0xe8, 0xbd, 0xae, 0x00, 0x5c, 0xf6, 0x08, 0xf4, 0xa2, 0x94, 0xc8, 0x00 }, // 轮
    { 0xe8, 0xbd, 0xaf, 0x00, 0x5c, 0xf6, 0x54, 0x88, 0x86, 0x7c, 0x8c, 0x00 }, // 软
    { 0xe8, 0xbd, 0xb0, 0x00, 0x94, 0xb4, 0x5c, 0xb6, 0xb4, 0x54, 0xb4, 0x00 }, // 轰
    { 0xe8, 0xbd, 0xb4, 0x00, 0x5c, 0xf6, 0x54, 0xfc, 0x94, 0xfe, 0xfc, 0x00 }, // 轴
    { 0xe8, 0xbd, 0xbb, 0x00, 0x5c, 0xf6, 0x54, 0x90, 0xb2, 0xea, 0xb6, 0x00 }, // 轻
    { 0xe8, 0xbd, 0xbd, 0x00, 0x70, 0x54, 0xfe, 0x54, 0x9e, 0x70, 0xb4, 0x00 }, // 载
    { 0xe8, 0xbd, 0xbf, 0x00, 0x5c, 0xf6, 0x94, 0x6e, 0x06, 0xee, 0x14, 0x00 }, // 轿
    { 0xe8, 0xbe, 0x83, 0x00, 0x5c, 0xf6, 0x94, 0xac, 0x46, 0xac, 0x94, 0x00 }, // 较
    { 0xe8, 0xbe, 0x85, 0x00, 0x5c, 0xf6, 0xf4, 0x54, 0xfe, 0x54, 0xf6, 0x00 }, // 辅
    { 0xe8, 0xbe, 0x86, 0x00, 0x5c, 0xf6, 0xfa, 0x3e, 0x4a, 0xbe, 0xfa, 0x00 }, // 辆
    { 0xe8, 0xbe, 0x88, 0x00, 0x54, 0x74, 0x5e, 0xf0, 0x5e, 0x54, 0x54, 0x00 }, // 辈
    { 0xe8, 0xbe, 0x89, 0x00, 0x94, 0x70, 0x7e, 0x4e, 0x7a, 0xee, 0x4e, 0x00 }, // 辉
    { 0xe8, 0xbe, 0x90, 0x00, 0x5c, 0xf6, 0x54, 0xe2, 0xae, 0xee, 0xe2, 0x00 }, // 辐
    { 0xe8, 0xbe, 0x91, 0x00, 0x5c, 0xf6, 0x48, 0x7e, 0x5a, 0xfe, 0x48, 0x00 }, // 辑
    { 0xe8, 0xbe, 0x93, 0x00, 0x5c, 0xf6, 0x54, 0xe4, 0xea, 0x0c, 0xe8, 0x00 }, // 输
    { 0xe8, 0xbe, 0x95, 0x00, 0x5c, 0xf6, 0x54, 0xfc, 0xae, 0x6c, 0xb8, 0x00 }, // 辕
    { 0xe8, 0xbe, 0x96, 0x00, 0x5c, 0xf6, 0x4c, 0xd4, 0xfe, 0xd4, 0x4c, 0x00 }, // 辖
    { 0xe8, 0xbe, 0x99, 0x00, 0x5c, 0xf6, 0x14, 0xee, 0xe4, 0x7e, 0xbc, 0x00 }, // 辙
    { 0xe8, 0xbe, 0x9b, 0x00, 0x10, 0x54, 0x5c, 0xf6, 0x5c, 0x54, 0x10, 0x00 }, // 辛
    { 0xe8, 0xbe, 0x9c, 0x00, 0x24, 0x74, 0x7c, 0xee, 0x7c, 0x74, 0x24, 0x00 }, // 辜
    { 0xe8, 0xbe, 0x9e, 0x00, 0xec, 0xbc, 0xea, 0x54, 0x5c, 0xf6, 0x5c, 0x00 }, // 辞
    { 0xe8, 0xbe, 0x9f, 0x00, 0x20, 0xfe, 0xee, 0x54, 0x5c, 0xf6, 0x5c, 0x00 }, // 辟
    { 0xe8, 0xbe, 0xa3, 0x00, 0xac, 0x76, 0xbc, 0x5c, 0xfe, 0x54, 0x9c, 0x00 }, // 辣
    { 0xe8, 0xbe, 0xa8, 0x00, 0xac, 0x76, 0xac, 0x7e, 0x2c, 0xf6, 0x2c, 0x00 }, // 辨
    { 0xe8, 0xbe, 0xa9, 0x00, 0xac, 0x7e, 0x08, 0xfa, 0x5c, 0xf6, 0x5c, 0x00 }, // 辩
    { 0xe8, 0xbe, 0xab, 0x00, 0xac, 0x76, 0xbc, 0xaa, 0x5c, 0xf6, 0x2c, 0x00 }, // 辫
    { 0xe8, 0xbe, 0xb0, 0x00, 0x80, 0x7e, 0xe2, 0xaa, 0x6a, 0xaa, 0xa2, 0x00 }, // 辰
    { 0xe8, 0xbe, 0xb1, 0x00, 0x30, 0x2e, 0x7a, 0xae, 0xfe, 0x2e, 0x2a, 0x00 }, // 辱
    { 0xe8, 0xbe, 0xb9, 0x00, 0x92, 0x74, 0xa0, 0x94, 0x8e, 0xa4, 0xbc, 0x00 }, // 边
    { 0xe8, 0xbe, 0xbd, 0x00, 0x92, 0x74, 0x80, 0x82, 0xa2, 0xba, 0x86, 0x00 }, // 辽
    { 0xe8, 0xbe, 0xbe, 0x00, 0x92, 0x70, 0xa4, 0x94, 0x8e, 0x94, 0xa4, 0x00 }, // 达
    { 0xe8, 0xbf, 0x81, 0x00, 0x92, 0x74, 0x90, 0x94, 0xfc, 0x92, 0x90, 0x00 }, // 迁
    { 0xe8, 0xbf, 0x82, 0x00, 0x92, 0x70, 0x88, 0xca, 0xfe, 0x8a, 0x88, 0x00 }, // 迂
    { 0xe8, 0xbf, 0x84, 0x00, 0x92, 0x70, 0x88, 0xa6, 0xdc, 0xcc, 0xe4, 0x00 }, // 迄
    { 0xe8, 0xbf, 0x85, 0x00, 0x92, 0x70, 0x8a, 0xbe, 0x8a, 0x9e, 0xa0, 0x00 }, // 迅
    { 0xe8, 0xbf, 0x87, 0x00, 0x92, 0x74, 0x80, 0x94, 0xc4, 0xfe, 0x84, 0x00 }, // 过
    { 0xe8, 0xbf, 0x88, 0x00, 0x92, 0x74, 0xa0, 0x92, 0x8e, 0xaa, 0xba, 0x00 }, // 迈
    { 0xe8, 0xbf, 0x8e, 0x00, 0x92, 0x70, 0xbc, 0xa2, 0xfc, 0x84, 0xbc, 0x00 }, // 迎
    { 0xe8, 0xbf, 0x90, 0x00, 0x92, 0x70, 0xa8, 0xba, 0xaa, 0x9a, 0xa8, 0x00 }, // 运
    { 0xe8, 0xbf, 0x91, 0x00, 0x92, 0x74, 0xc0, 0xbc, 0x94, 0xf2, 0x90, 0x00 }, // 近
    { 0xe8, 0xbf, 0x94, 0x00, 0x92, 0x74, 0xc0, 0xbc, 0xdc, 0xaa, 0xda, 0x00 }, // 返
    { 0xe8, 0xbf, 0x98, 0x00, 0x92, 0x70, 0x92, 0x8a, 0xfe, 0x8a, 0x92, 0x00 }, // 还
    { 0xe8, 0xbf, 0x99, 0x00, 0x92, 0x70, 0xc4, 0xd4, 0xa6, 0xdc, 0x84, 0x00 }, // 这
    { 0xe8, 0xbf, 0x9b, 0x00, 0x92, 0x70, 0xd4, 0xbe, 0x94, 0xfe, 0x94, 0x00 }, // 进
    { 0xe8, 0xbf, 0x9c, 0x00, 0x92, 0x70, 0xa8, 0x9a, 0x8a, 0xba, 0xa8, 0x00 }, // 远
    { 0xe8, 0xbf, 0x9d, 0x00, 0x92, 0x70, 0xa4, 0xac, 0xfe, 0xac, 0xe4, 0x00 }, // 违
    { 0xe8, 0xbf, 0x9e, 0x00, 0x92, 0x70, 0xa4, 0xbc, 0xf6, 0xb4, 0xa4, 0x00 }, // 连
    { 0xe8, 0xbf, 0x9f, 0x00, 0x92, 0x74, 0xa0, 0x9e, 0x8a, 0x9a, 0xae, 0x00 }, // 迟
    { 0xe8, 0xbf, 0xab, 0x00, 0x92, 0x74, 0x80, 0xfc, 0xd6, 0xd4, 0xfc, 0x00 }, // 迫
    { 0xe8, 0xbf, 0xb0, 0x00, 0x92, 0x70, 0xa4, 0x94, 0xfe, 0x94, 0xa6, 0x00 }, // 述
    { 0xe8, 0xbf, 0xb7, 0x00, 0x92, 0x70, 0xaa, 0x98, 0xfe, 0x98, 0xaa, 0x00 }, // 迷
    { 0xe8, 0xbf, 0xb9, 0x00, 0x92, 0x70, 0xd4, 0xbc, 0xc6, 0xfc, 0x94, 0x00 }, // 迹
    { 0xe8, 0xbf, 0xbd, 0x00, 0x92, 0x74, 0x80, 0xfc, 0xae, 0xac, 0xec, 0x00 }, // 追
    { 0xe9, 0x80, 0x80, 0x00, 0x92, 0x74, 0x80, 0xfe, 0xaa, 0xea, 0xde, 0x00 }, // 退
    { 0xe9, 0x80, 0x81, 0x00, 0x92, 0x70, 0x84, 0xd6, 0xbc, 0xd6, 0x84, 0x00 }, // 送
    { 0xe9, 0x80, 0x82, 0x00, 0x92, 0x70, 0x88, 0xec, 0xbc, 0xea, 0x88, 0x00 }, // 适
    { 0xe9, 0x80, 0x83, 0x00, 0x92, 0x70, 0xd4, 0xbe, 0x80, 0xfe, 0xd4, 0x00 }, // 逃
    { 0xe9, 0x80, 0x86, 0x00, 0x92, 0x70, 0xb4, 0xe6, 0xbc, 0xa6, 0xb4, 0x00 }, // 逆
    { 0xe9, 0x80, 0x89, 0x00, 0x92, 0x70, 0xd8, 0xb6, 0x9e, 0xf4, 0xd0, 0x00 }, // 选
    { 0xe9, 0x80, 0x8a, 0x00, 0x92, 0x70, 0xda, 0xe6, 0xd0, 0xfe, 0x98, 0x00 }, // 逊
    { 0xe9, 0x80, 0x8f, 0x00, 0x92, 0x70, 0x94, 0xce, 0xbe, 0xee, 0x94, 0x00 }, // 透
    { 0xe9, 0x80, 0x90, 0x00, 0x92, 0x74, 0xd2, 0xae, 0xfa, 0x92, 0xaa, 0x00 }, // 逐
    { 0xe9, 0x80, 0x92, 0x00, 0x92, 0x70, 0xc4, 0xb6, 0xfc, 0xae, 0xec, 0x00 }, // 递
    { 0xe9, 0x80, 0x94, 0x00, 0x92, 0x70, 0xa8, 0xcc, 0xfa, 0x8c, 0xa8, 0x00 }, // 途
    { 0xe9, 0x80, 0x97, 0x00, 0x92, 0x74, 0x80, 0xda, 0xea, 0xea, 0xda, 0x00 }, // 逗
    { 0xe9, 0x80, 0x9a, 0x00, 0x92, 0x70, 0xfa, 0xaa, 0xfa, 0xae, 0xfa, 0x00 }, // 通
    { 0xe9, 0x80, 0x9b, 0x00, 0x92, 0x70, 0xd6, 0xbc, 0xca, 0xfe, 0xca, 0x00 }, // 逛
    { 0xe9, 0x80, 0x9d, 0x00, 0x92, 0x70, 0xa4, 0xfe, 0xa4, 0x9c, 0xfa, 0x00 }, // 逝
    { 0xe9, 0x80, 0x9e, 0x00, 0x92, 0x70, 0x88, 0xde, 0xfa, 0xde, 0x88, 0x00 }, // 逞
    { 0xe9, 0x80, 0x9f, 0x00, 0x92, 0x74, 0xdc, 0xb4, 0xfe, 0xb4, 0xdc, 0x00 }, // 速
    { 0xe9, 0x80, 0xa0, 0x00, 0x92, 0x70, 0x98, 0xf6, 0xde, 0xf4, 0x90, 0x00 }, // 造
    { 0xe9, 0x80, 0xa2, 0x00, 0x92, 0x70, 0xa4, 0xac, 0xfa, 0xa6, 0xa8, 0x00 }, // 逢
    { 0xe9, 0x80, 0xae, 0x00, 0x92, 0x70, 0xd4, 0xac, 0xfe, 0xac, 0xd0, 0x00 }, // 逮
    { 0xe9, 0x80, 0xb8, 0x00, 0x92, 0x70, 0x84, 0xdc, 0xba, 0xee, 0xd8, 0x00 }, // 逸
    { 0xe9, 0x80, 0xbb, 0x00, 0x92, 0x70, 0xce, 0xda, 0xae, 0x9a, 0x8e, 0x00 }, // 逻
    { 0xe9, 0x80, 0xbc, 0x00, 0x92, 0x74, 0xe2, 0xae, 0xea, 0xae, 0xe2, 0x00 }, // 逼
    { 0xe9, 0x80, 0xbe, 0x00, 0x92, 0x70, 0x88, 0xe4, 0xea, 0x8c, 0xe8, 0x00 }, // 逾
    { 0xe9, 0x81, 0x82, 0x00, 0x92, 0x70, 0xa4, 0xd6, 0xfc, 0xa6, 0xd4, 0x00 }, // 遂
    { 0xe9, 0x81, 0x87, 0x00, 0x92, 0x74, 0xf0, 0xd6, 0xfe, 0xb6, 0xf0, 0x00 }, // 遇
    { 0xe9, 0x81, 0x8d, 0x00, 0x92, 0x74, 0xa0, 0x9c, 0xf6, 0xbc, 0xf0, 0x00 }, // 遍
    { 0xe9, 0x81, 0x8f, 0x00, 0x92, 0x74, 0x90, 0xbe, 0xaa, 0xce, 0xf8, 0x00 }, // 遏
    { 0xe9, 0x81, 0x93, 0x00, 0x92, 0x70, 0x84, 0xf6, 0xac, 0xf6, 0x84, 0x00 }, // 道
    { 0xe9, 0x81, 0x97, 0x00, 0x92, 0x70, 0xdc, 0xb4, 0xae, 0xb4, 0xdc, 0x00 }, // 遗
    { 0xe9, 0x81, 0xa3, 0x00, 0x92, 0x70, 0x9c, 0xf4, 0xfe, 0xf4, 0xdc, 0x00 }, // 遣
    { 0xe9, 0x81, 0xa5, 0x00, 0x92, 0x70, 0xd4, 0x94, 0xfc, 0x92, 0xd6, 0x00 }, // 遥
    { 0xe9, 0x81, 0xad, 0x00, 0x92, 0x70, 0xb4, 0xfe, 0xb4, 0xfe, 0xb4, 0x00 }, // 遭
    { 0xe9, 0x81, 0xae, 0x00, 0x92, 0x70, 0xdc, 0x94, 0xde, 0x9c, 0xd4, 0x00 }, // 遮
    { 0xe9, 0x81, 0xb5, 0x00, 0x92, 0x74, 0xbc, 0xae, 0xe4, 0xee, 0xbc, 0x00 }, // 遵
    { 0xe9, 0x81, 0xbf, 0x00, 0x92, 0x70, 0xbe, 0xb6, 0xac, 0xf6, 0xac, 0x00 }, // 避
    { 0xe9, 0x82, 0x80, 0x00, 0x92, 0x70, 0xac, 0xde, 0xf8, 0xa6, 0xdc, 0x00 }, // 邀
    { 0xe9, 0x82, 0x91, 0x00, 0x78, 0xae, 0xaa, 0xba, 0xae, 0xb8, 0xc0, 0x00 }, // 邑
    { 0xe9, 0x82, 0x93, 0x00, 0x5a, 0x22, 0x5e, 0x00, 0xfe, 0x4a, 0x36, 0x00 }, // 邓
    { 0xe9, 0x82, 0xa2, 0x00, 0x92, 0x7e, 0x12, 0xfe, 0x12, 0xfe, 0x36, 0x00 }, // 邢
    { 0xe9, 0x82, 0xa3, 0x00, 0xaa, 0x7e, 0xaa, 0xfe, 0x00, 0xfe, 0x36, 0x00 }, // 那
    { 0xe9, 0x82, 0xa6, 0x00, 0x54, 0xd4, 0x7e, 0x54, 0xfe, 0x4a, 0x36, 0x00 }, // 邦
    { 0xe9, 0x82, 0xaa, 0x00, 0x5a, 0xb6, 0xfe, 0x12, 0xfe, 0x4a, 0x36, 0x00 }, // 邪
    { 0xe9, 0x82, 0xae, 0x00, 0x7c, 0x54, 0x7e, 0x54, 0xfe, 0x4a, 0x36, 0x00 }, // 邮
    { 0xe9, 0x82, 0xbb, 0x00, 0x64, 0xaa, 0x64, 0x00, 0xfe, 0x4a, 0x36, 0x00 }, // 邻
    { 0xe9, 0x83, 0x81, 0x00, 0x24, 0xfe, 0x54, 0xf4, 0xfe, 0x4a, 0x36, 0x00 }, // 郁
    { 0xe9, 0x83, 0x8a, 0x00, 0x94, 0xac, 0x46, 0xac, 0xfe, 0x4a, 0x36, 0x00 }, // 郊
    { 0xe9, 0x83, 0x8e, 0x00, 0xfc, 0x96, 0xdc, 0x00, 0xfe, 0x4a, 0x36, 0x00 }, // 郎
    { 0xe9, 0x83, 0x91, 0x00, 0xa0, 0xaa, 0x78, 0xaa, 0xfe, 0x4a, 0x36, 0x00 }, // 郑
    { 0xe9, 0x83, 0xa8, 0x00, 0x14, 0xfc, 0xb6, 0xfc, 0xfe, 0x4a, 0x36, 0x00 }, // 部
    { 0xe9, 0x83, 0xad, 0x00, 0x44, 0x5c, 0xf6, 0x3c, 0xfe, 0x4a, 0x36, 0x00 }, // 郭
    { 0xe9, 0x83, 0xbd, 0x00, 0x50, 0x34, 0xde, 0xd4, 0xfe, 0x4a, 0x36, 0x00 }, // 都
    { 0xe9, 0x84, 0x99, 0x00, 0x10, 0xf6, 0xfa, 0xf6, 0x10, 0xfe, 0x36, 0x00 }, // 鄙
    { 0xe9, 0x85, 0x8c, 0x00, 0xfa, 0xde, 0xfa, 0x08, 0x16, 0xa4, 0xfc, 0x00 }, // 酌
    { 0xe9, 0x85, 0x8d, 0x00, 0xfa, 0xde, 0xfa, 0x00, 0xf2, 0x92, 0xde, 0x00 }, // 配
    { 0xe9, 0x85, 0x92, 0x00, 0xea, 0x00, 0xfa, 0xde, 0xca, 0xde, 0xfa, 0x00 }, // 酒
    { 0xe9, 0x85, 0x97, 0x00, 0xfa, 0xde, 0xfa, 0xfc, 0x90, 0xac, 0xfe, 0x00 }, // 酗
    { 0xe9, 0x85, 0x9d, 0x00, 0xfa, 0xde, 0xfa, 0x88, 0xca, 0xba, 0xca, 0x00 }, // 酝
    { 0xe9, 0x85, 0xa3, 0x00, 0xfa, 0xde, 0xfa, 0x04, 0xfe, 0x94, 0xfe, 0x00 }, // 酣
    { 0xe9, 0x85, 0xa5, 0x00, 0xfa, 0xde, 0xfa, 0x48, 0x2a, 0xfe, 0x4a, 0x00 }, // 酥
    { 0xe9, 0x85, 0xaa, 0x00, 0xfa, 0xde, 0xfa, 0x10, 0xf4, 0xaa, 0xf6, 0x00 }, // 酪
    { 0xe9, 0x85, 0xac, 0x00, 0xfa, 0xde, 0xfa, 0x18, 0xfe, 0x18, 0xfe, 0x00 }, // 酬
    { 0xe9, 0x85, 0xb1, 0x00, 0x1a, 0xf4, 0xbe, 0x90, 0xb4, 0xfa, 0x16, 0x00 }, // 酱
    { 0xe9, 0x85, 0xb5, 0x00, 0xfa, 0xfe, 0x52, 0x34, 0x5e, 0xf4, 0x52, 0x00 }, // 酵
    { 0xe9, 0x85, 0xb7, 0x00, 0xfa, 0xde, 0xfa, 0x18, 0xd6, 0xde, 0xd4, 0x00 }, // 酷
    { 0xe9, 0x85, 0xb8, 0x00, 0xfa, 0xde, 0xfa, 0x54, 0xae, 0x64, 0x9e, 0x00 }, // 酸
    { 0xe9, 0x85, 0xbf, 0x00, 0xfa, 0xde, 0xfa, 0xfc, 0xb4, 0x56, 0xbc, 0x00 }, // 酿
    { 0xe9, 0x86, 0x87, 0x00, 0xfa, 0xde, 0xfa, 0x44, 0x5c, 0xd6, 0x7c, 0x00 }, // 醇
    { 0xe9, 0x86, 0x89, 0x00, 0xfa, 0xde, 0xfa, 0x5c, 0xe6, 0x5c, 0x64, 0x00 }, // 醉
    { 0xe9, 0x86, 0x8b, 0x00, 0xfa, 0xde, 0xfa, 0x14, 0xfe, 0xb4, 0xfe, 0x00 }, // 醋
    { 0xe9, 0x86, 0x92, 0x00, 0xfa, 0xde, 0xfa, 0x90, 0xae, 0xfa, 0xae, 0x00 }, // 醒
    { 0xe9, 0x87, 0x87, 0x00, 0xa4, 0xac, 0x64, 0xec, 0x72, 0xaa, 0xa2, 0x00 }, // 采
    { 0xe9, 0x87, 0x8a, 0x00, 0xaa, 0x62, 0xfe, 0x52, 0x56, 0xea, 0x56, 0x00 }, // 释
    { 0xe9, 0x87, 0x8c, 0x00, 0x80, 0xbe, 0xaa, 0xfe, 0xaa, 0xbe, 0x80, 0x00 }, // 里
    { 0xe9, 0x87, 0x8d, 0x00, 0x84, 0xbc, 0xd6, 0xfe, 0xd6, 0xbc, 0x84, 0x00 }, // 重
    { 0xe9, 0x87, 0x8e, 0x00, 0xbe, 0xaa, 0xfe, 0xbe, 0x92, 0xfa, 0x36, 0x00 }, // 野
    { 0xe9, 0x87, 0x8f, 0x00, 0x88, 0xbe, 0xaa, 0xfa, 0xaa, 0xbe, 0x88, 0x00 }, // 量
    { 0xe9, 0x87, 0x91, 0x00, 0xa8, 0xe8, 0xac, 0xfa, 0xac, 0xe8, 0xa8, 0x00 }, // 金
    { 0xe9, 0x89, 0xb4, 0x00, 0xac, 0xe0, 0xbe, 0xe8, 0xb6, 0xec, 0xa4, 0x00 }, // 鉴
    { 0xe9, 0x92, 0x88, 0x00, 0x2c, 0xfa, 0xaa, 0x00, 0x08, 0xfe, 0x08, 0x00 }, // 针
    { 0xe9, 0x92, 0x89, 0x00, 0x2c, 0xfa, 0xaa, 0x00, 0x82, 0xfe, 0x02, 0x00 }, // 钉
    { 0xe9, 0x92, 0x93, 0x00, 0x2c, 0xfa, 0xaa, 0x08, 0x16, 0xa4, 0xfc, 0x00 }, // 钓
    { 0xe9, 0x92, 0x99, 0x00, 0x2c, 0xfa, 0xa8, 0x3a, 0x22, 0xbe, 0xea, 0x00 }, // 钙
    { 0xe9, 0x92, 0x9d, 0x00, 0x2c, 0xfa, 0xb4, 0x24, 0xfe, 0xa4, 0xb4, 0x00 }, // 钝
    { 0xe9, 0x92, 0x9e, 0x00, 0x2c, 0xfa, 0xaa, 0x0c, 0xbe, 0x44, 0x28, 0x00 }, // 钞
    { 0xe9, 0x92, 0x9f, 0x00, 0x2c, 0xfa, 0xaa, 0x3c, 0x24, 0xfe, 0x3c, 0x00 }, // 钟
    { 0xe9, 0x92, 0xa0, 0x00, 0x2c, 0x7a, 0xfc, 0x24, 0x1e, 0xa4, 0xfc, 0x00 }, // 钠
    { 0xe9, 0x92, 0xa2, 0x00, 0x2c, 0x7a, 0xfe, 0x2a, 0x12, 0xaa, 0xfe, 0x00 }, // 钢
    { 0xe9, 0x92, 0xa5, 0x00, 0x2c, 0xfa, 0xaa, 0x80, 0x7e, 0xaa, 0xfe, 0x00 }, // 钥
    { 0xe9, 0x92, 0xa6, 0x00, 0x2c, 0xfa, 0xaa, 0x08, 0x86, 0x7c, 0x8c, 0x00 }, // 钦
    { 0xe9, 0x92, 0xa7, 0x00, 0x2c, 0xfa, 0xaa, 0x08, 0x56, 0xa4, 0xfc, 0x00 }, // 钧
    { 0xe9, 0x92, 0xa9, 0x00, 0x2c, 0xfa, 0xaa, 0x68, 0x56, 0x44, 0xfc, 0x00 }, // 钩
    { 0xe9, 0x92, 0xae, 0x00, 0x2c, 0xfa, 0x92, 0xfe, 0x92, 0xfe, 0x80, 0x00 }, // 钮
    { 0xe9, 0x92, 0xb1, 0x00, 0x2c, 0xfa, 0xaa, 0x14, 0xbe, 0x54, 0xa6, 0x00 }, // 钱
    { 0xe9, 0x92, 0xb3, 0x00, 0x2c, 0xfa, 0xaa, 0x04, 0xfe, 0x94, 0xfe, 0x00 }, // 钳
    { 0xe9, 0x92, 0xbb, 0x00, 0x2c, 0xfa, 0xaa, 0xe0, 0xbe, 0xa8, 0xe8, 0x00 }, // 钻
    { 0xe9, 0x92, 0xbe, 0x00, 0x2c, 0xfa, 0xaa, 0x3e, 0x2a, 0xfe, 0x3e, 0x00 }, // 钾
    { 0xe9, 0x93, 0x81, 0x00, 0x2c, 0xfa, 0xaa, 0x18, 0x96, 0x7e, 0x94, 0x00 }, // 铁
    { 0xe9, 0x93, 0x83, 0x00, 0x2c, 0xfa, 0xaa, 0x64, 0xaa, 0xa4, 0x68, 0x00 }, // 铃
    { 0xe9, 0x93, 0x85, 0x00, 0x2c, 0xfa, 0xaa, 0x10, 0xee, 0xa2, 0xee, 0x00 }, // 铅
    { 0xe9, 0x93, 0x86, 0x00, 0x2c, 0xfa, 0xbc, 0x7a, 0x00, 0xfe, 0x3e, 0x00 }, // 铆
    { 0xe9, 0x93, 0x90, 0x00, 0x2c, 0xfa, 0x50, 0x34, 0x7e, 0x54, 0xd2, 0x00 }, // 铐
    { 0xe9, 0x93, 0x9b, 0x00, 0x2c, 0xfa, 0xa8, 0x02, 0xa8, 0xae, 0xfa, 0x00 }, // 铛
    { 0xe9, 0x93, 0x9c, 0x00, 0x2c, 0xfa, 0xaa, 0xfe, 0x6a, 0x6a, 0xfe, 0x00 }, // 铜
    { 0xe9, 0x93, 0x9d, 0x00, 0x2c, 0xfa, 0xaa, 0xee, 0xaa, 0xaa, 0xee, 0x00 }, // 铝
    { 0xe9, 0x93, 0xa1, 0x00, 0x2c, 0xfa, 0xbe, 0x7a, 0xbe, 0x1c, 0xfe, 0x00 }, // 铡
    { 0xe9, 0x93, 0xa3, 0x00, 0x2c, 0xfa, 0x98, 0x76, 0x1e, 0xf4, 0x90, 0x00 }, // 铣
    { 0xe9, 0x93, 0xad, 0x00, 0x2c, 0xfa, 0xaa, 0x28, 0xf6, 0xaa, 0xe6, 0x00 }, // 铭
    { 0xe9, 0x93, 0xb2, 0x00, 0x2c, 0xfa, 0x84, 0x7c, 0x16, 0x1c, 0x14, 0x00 }, // 铲
    { 0xe9, 0x93, 0xb6, 0x00, 0x2c, 0xfa, 0xaa, 0xfe, 0xaa, 0x6a, 0xbe, 0x00 }, // 银
    { 0xe9, 0x93, 0xb8, 0x00, 0x2c, 0xfa, 0x4a, 0xbc, 0x2e, 0xfc, 0x28, 0x00 }, // 铸
    { 0xe9, 0x93, 0xba, 0x00, 0x2c, 0x7a, 0xf4, 0x54, 0xfe, 0x54, 0xf6, 0x00 }, // 铺
    { 0xe9, 0x93, 0xbe, 0x00, 0x2c, 0xfa, 0xa8, 0xf2, 0xac, 0xfe, 0xa4, 0x00 }, // 链
    { 0xe9, 0x94, 0x80, 0x00, 0x2c, 0xfa, 0xa8, 0xfa, 0x28, 0xae, 0xfa, 0x00 }, // 销
    { 0xe9, 0x94, 0x81, 0x00, 0x2c, 0xfa, 0xa8, 0xba, 0x68, 0x0e, 0xba, 0x00 }, // 锁
    { 0xe9, 0x94, 0x84, 0x00, 0x2c, 0x7a, 0xfc, 0x54, 0xfc, 0x3e, 0xf8, 0x00 }, // 锄
    { 0xe9, 0x94, 0x85, 0x00, 0x2c, 0xfa, 0xaa, 0xe0, 0xae, 0x7a, 0xee, 0x00 }, // 锅
    { 0xe9, 0x94, 0x88, 0x00, 0x2c, 0xfa, 0xb4, 0x6e, 0x3e, 0x6e, 0xd4, 0x00 }, // 锈
    { 0xe9, 0x94, 0x89, 0x00, 0x2c, 0xfa, 0x88, 0xa6, 0xf8, 0xa6, 0x88, 0x00 }, // 锉
    { 0xe9, 0x94, 0x8b, 0x00, 0x2c, 0xfa, 0xaa, 0x50, 0x54, 0xea, 0x56, 0x00 }, // 锋
    { 0xe9, 0x94, 0x8c, 0x00, 0x2c, 0xfa, 0xaa, 0x54, 0x5c, 0xf6, 0x5c, 0x00 }, // 锌
    { 0xe9, 0x94, 0x90, 0x00, 0x2c, 0xfa, 0x9c, 0x76, 0x14, 0xf6, 0x9c, 0x00 }, // 锐
    { 0xe9, 0x94, 0x99, 0x00, 0x2c, 0xfa, 0x94, 0xfe, 0xb4, 0xfe, 0x14, 0x00 }, // 错
    { 0xe9, 0x94, 0x9a, 0x00, 0x2c, 0x7a, 0xf4, 0xbe, 0xf4, 0xbe, 0xf4, 0x00 }, // 锚
    { 0xe9, 0x94, 0xa1, 0x00, 0x2c, 0xfa, 0xaa, 0x4e, 0xba, 0x6a, 0xee, 0x00 }, // 锡
    { 0xe9, 0x94, 0xa3, 0x00, 0x2c, 0xfa, 0x8e, 0xaa, 0x5e, 0x3a, 0x0e, 0x00 }, // 锣
    { 0xe9, 0x94, 0xa4, 0x00, 0x2c, 0xfa, 0xa8, 0xba, 0xee, 0xba, 0xa8, 0x00 }, // 锤
    { 0xe9, 0x94, 0xa5, 0x00, 0x2c, 0xfa, 0xaa, 0xfe, 0x94, 0xfe, 0x94, 0x00 }, // 锥
    { 0xe9, 0x94, 0xa6, 0x00, 0x2c, 0xfa, 0x6a, 0x3c, 0xf6, 0x3c, 0x60, 0x00 }, // 锦
    { 0xe9, 0x94, 0xa8, 0x00, 0x2c, 0xfa, 0x3c, 0xfa, 0x88, 0x76, 0x8c, 0x00 }, // 锨
    { 0xe9, 0x94, 0xad, 0x00, 0x2c, 0xfa, 0x8c, 0x64, 0x8c, 0xfe, 0xac, 0x00 }, // 锭
    { 0xe9, 0x94, 0xae, 0x00, 0x2c, 0xfa, 0xaa, 0x76, 0xac, 0xfe, 0xac, 0x00 }, // 键
    { 0xe9, 0x94, 0xaf, 0x00, 0x2c, 0xfa, 0xaa, 0x7e, 0xd6, 0xbe, 0xd6, 0x00 }, // 锯
    { 0xe9, 0x94, 0xb0, 0x00, 0x2c, 0xfa, 0x88, 0xea, 0xfa, 0xee, 0x88, 0x00 }, // 锰
    { 0xe9, 0x94, 0xb9, 0x00, 0x2c, 0xfa, 0xaa, 0xfe, 0x98, 0x7e, 0x88, 0x00 }, // 锹
    { 0xe9, 0x94, 0xbb, 0x00, 0x2c, 0xfa, 0xaa, 0xfc, 0xaa, 0x56, 0xb6, 0x00 }, // 锻
    { 0xe9, 0x95, 0x80, 0x00, 0x2c, 0xfa, 0x7c, 0x94, 0xbe, 0x5c, 0xb4, 0x00 }, // 镀
    { 0xe9, 0x95, 0x87, 0x00, 0x2c, 0xfa, 0xaa, 0x24, 0xbc, 0x3e, 0xa4, 0x00 }, // 镇
    { 0xe9, 0x95, 0x8a, 0x00, 0x2c, 0xfa, 0xb2, 0x5e, 0xb2, 0x5e, 0xb2, 0x00 }, // 镊
    { 0xe9, 0x95, 0x90, 0x00, 0x2c, 0x7a, 0xe4, 0x3c, 0xb6, 0x3c, 0xe4, 0x00 }, // 镐
    { 0xe9, 0x95, 0x9c, 0x00, 0x2c, 0xfa, 0x94, 0x7c, 0x76, 0xfc, 0x94, 0x00 }, // 镜
    { 0xe9, 0x95, 0xa3, 0x00, 0x2c, 0xfa, 0x94, 0x3c, 0xd6, 0x3c, 0x94, 0x00 }, // 镣
    { 0xe9, 0x95, 0xb0, 0x00, 0x2c, 0xfa, 0xbc, 0x6c, 0xfe, 0x7c, 0x94, 0x00 }, // 镰
    { 0xe9, 0x95, 0xb6, 0x00, 0x2c, 0xfa, 0xac, 0xfc, 0xb6, 0x7c, 0xac, 0x00 }, // 镶
    { 0xe9, 0x95, 0xbf, 0x00, 0x10, 0xfe, 0x90, 0x34, 0x54, 0x92, 0x90, 0x00 }, // 长
    { 0xe9, 0x97, 0xa8, 0x00, 0xfa, 0x00, 0x02, 0x02, 0x02, 0x82, 0xfe, 0x00 }, // 门
    { 0xe9, 0x97, 0xaa, 0x00, 0xfa, 0x40, 0x22, 0x1a, 0x22, 0x42, 0xfe, 0x00 }, // 闪
    { 0xe9, 0x97, 0xad, 0x00, 0xfa, 0x80, 0x52, 0xb2, 0xfa, 0x12, 0xfe, 0x00 }, // 闭
    { 0xe9, 0x97, 0xae, 0x00, 0xfa, 0x00, 0x3a, 0x2a, 0x3a, 0x82, 0xfe, 0x00 }, // 问
    { 0xe9, 0x97, 0xaf, 0x00, 0xfa, 0x80, 0xba, 0xaa, 0x3a, 0xe2, 0xfe, 0x00 }, // 闯
    { 0xe9, 0x97, 0xb0, 0x00, 0xfa, 0x00, 0xaa, 0xfa, 0xaa, 0x02, 0xfe, 0x00 }, // 闰
    { 0xe9, 0x97, 0xb2, 0x00, 0xfa, 0x50, 0x32, 0xfa, 0x32, 0x52, 0xfe, 0x00 }, // 闲
    { 0xe9, 0x97, 0xb4, 0x00, 0xfa, 0x00, 0xfa, 0xaa, 0xfa, 0x02, 0xfe, 0x00 }, // 间
    { 0xe9, 0x97, 0xb7, 0x00, 0xfa, 0x20, 0xf2, 0x8a, 0xc2, 0x22, 0xfe, 0x00 }, // 闷
    { 0xe9, 0x97, 0xb8, 0x00, 0xfa, 0x00, 0x3a, 0xfa, 0x3a, 0x02, 0xfe, 0x00 }, // 闸
    { 0xe9, 0x97, 0xb9, 0x00, 0xfa, 0x10, 0x72, 0xfa, 0x32, 0x72, 0xfe, 0x00 }, // 闹
    { 0xe9, 0x97, 0xba, 0x00, 0xfa, 0x90, 0xba, 0xfe, 0xba, 0x92, 0xfe, 0x00 }, // 闺
    { 0xe9, 0x97, 0xbb, 0x00, 0xfa, 0x48, 0x7a, 0x5a, 0xfa, 0x4a, 0xfe, 0x00 }, // 闻
    { 0xe9, 0x97, 0xbd, 0x00, 0xfa, 0x80, 0xb2, 0xfa, 0xb2, 0xc2, 0xfe, 0x00 }, // 闽
    { 0xe9, 0x98, 0x80, 0x00, 0xfa, 0x10, 0xfa, 0xa2, 0x7a, 0x92, 0xfe, 0x00 }, // 阀
    { 0xe9, 0x98, 0x81, 0x00, 0xfa, 0x40, 0xd2, 0xaa, 0xda, 0x42, 0xfe, 0x00 }, // 阁
    { 0xe9, 0x98, 0x85, 0x00, 0xfa, 0x80, 0xba, 0x52, 0xfa, 0x82, 0xfe, 0x00 }, // 阅
    { 0xe9, 0x98, 0x8e, 0x00, 0xfa, 0x00, 0xea, 0x96, 0xae, 0xe2, 0xfe, 0x00 }, // 阎
    { 0xe9, 0x98, 0x90, 0x00, 0xfa, 0x40, 0x7a, 0xf2, 0x7a, 0x42, 0xfe, 0x00 }, // 阐
    { 0xe9, 0x98, 0x94, 0x00, 0xfa, 0xa8, 0x12, 0xda, 0xba, 0xd6, 0xfe, 0x00 }, // 阔
    { 0xe9, 0x98, 0x9f, 0x00, 0xfe, 0x4a, 0xb6, 0x40, 0x3e, 0x40, 0x80, 0x00 }, // 队
    { 0xe9, 0x98, 0xb1, 0x00, 0xfe, 0x36, 0xa4, 0x7e, 0x24, 0xfe, 0x24, 0x00 }, // 阱
    { 0xe9, 0x98, 0xb2, 0x00, 0xfe, 0x4a, 0x36, 0x84, 0x7c, 0x96, 0xf4, 0x00 }, // 防
    { 0xe9, 0x98, 0xb3, 0x00, 0xfe, 0x36, 0x00, 0xfe, 0x92, 0x92, 0xfe, 0x00 }, // 阳
    { 0xe9, 0x98, 0xb4, 0x00, 0xfe, 0x36, 0x80, 0x7e, 0x2a, 0xaa, 0xfe, 0x00 }, // 阴
    { 0xe9, 0x98, 0xb5, 0x00, 0xfe, 0x36, 0x54, 0x5c, 0xf6, 0x54, 0x54, 0x00 }, // 阵
    { 0xe9, 0x98, 0xb6, 0x00, 0xfe, 0x36, 0x88, 0x74, 0x02, 0xf4, 0x08, 0x00 }, // 阶
    { 0xe9, 0x98, 0xbb, 0x00, 0xfe, 0x36, 0x80, 0xfe, 0xaa, 0xfe, 0x80, 0x00 }, // 阻
    { 0xe9, 0x98, 0xbf, 0x00, 0xfe, 0x4a, 0x36, 0x3a, 0x2a, 0xba, 0xfe, 0x00 }, // 阿
    { 0xe9, 0x99, 0x84, 0x00, 0xfe, 0x4a, 0x36, 0xfc, 0x12, 0x84, 0xfe, 0x00 }, // 附
    { 0xe9, 0x99, 0x85, 0x00, 0xfe, 0x36, 0x68, 0x8a, 0xfa, 0x0a, 0x68, 0x00 }, // 际
    { 0xe9, 0x99, 0x86, 0x00, 0xfe, 0x36, 0xd0, 0x94, 0xfe, 0x94, 0xd0, 0x00 }, // 陆
    { 0xe9, 0x99, 0x88, 0x00, 0xfe, 0x36, 0x54, 0x9c, 0xf6, 0x14, 0x54, 0x00 }, // 陈
    { 0xe9, 0x99, 0x8b, 0x00, 0xfe, 0x4a, 0x36, 0xf8, 0xaa, 0x9e, 0xba, 0x00 }, // 陋
    { 0xe9, 0x99, 0x8c, 0x00, 0xfe, 0x36, 0x00, 0xfa, 0xae, 0xaa, 0xfa, 0x00 }, // 陌
    { 0xe9, 0x99, 0x8d, 0x00, 0xfe, 0x36, 0x50, 0x74, 0x6a, 0xf6, 0x50, 0x00 }, // 降
    { 0xe9, 0x99, 0x90, 0x00, 0xfe, 0x4a, 0x36, 0xfe, 0xaa, 0x6a, 0xbe, 0x00 }, // 限
    { 0xe9, 0x99, 0x95, 0x00, 0xfe, 0x36, 0xac, 0xa4, 0x7e, 0xa4, 0xac, 0x00 }, // 陕
    { 0xe9, 0x99, 0xa1, 0x00, 0xfe, 0x36, 0x90, 0x54, 0xfe, 0xb4, 0x90, 0x00 }, // 陡
    { 0xe9, 0x99, 0xa2, 0x00, 0xfe, 0x36, 0xac, 0x64, 0x2e, 0xec, 0xac, 0x00 }, // 院
    { 0xe9, 0x99, 0xa4, 0x00, 0xfe, 0x36, 0xa8, 0x2c, 0xfa, 0x2c, 0xa8, 0x00 }, // 除
    { 0xe9, 0x99, 0xa8, 0x00, 0xfe, 0x36, 0xb8, 0x8e, 0x6a, 0x0e, 0xb8, 0x00 }, // 陨
    { 0xe9, 0x99, 0xa9, 0x00, 0xfe, 0x36, 0xa8, 0xc4, 0xaa, 0xcc, 0xa8, 0x00 }, // 险
    { 0xe9, 0x99, 0xaa, 0x00, 0xfe, 0x36, 0x14, 0xfc, 0xb6, 0xfc, 0x14, 0x00 }, // 陪
    { 0xe9, 0x99, 0xb5, 0x00, 0xfe, 0x36, 0x50, 0xb4, 0x5e, 0xb4, 0x90, 0x00 }, // 陵
    { 0xe9, 0x99, 0xb6, 0x00, 0xfe, 0x36, 0xc8, 0x96, 0xfc, 0xd4, 0xfc, 0x00 }, // 陶
    { 0xe9, 0x99, 0xb7, 0x00, 0xfe, 0x4a, 0x36, 0xf4, 0x82, 0xda, 0xf6, 0x00 }, // 陷
    { 0xe9, 0x9a, 0x85, 0x00, 0xfe, 0x36, 0xf0, 0x96, 0xfe, 0x56, 0xf0, 0x00 }, // 隅
    { 0xe9, 0x9a, 0x86, 0x00, 0xfe, 0x36, 0x90, 0xb4, 0xea, 0xb6, 0x90, 0x00 }, // 隆
    { 0xe9, 0x9a, 0x8f, 0x00, 0xfe, 0x4a, 0xb6, 0x72, 0x94, 0xee, 0xe4, 0x00 }, // 随
    { 0xe9, 0x9a, 0x90, 0x00, 0xfe, 0x36, 0xc4, 0x6a, 0xae, 0xb8, 0xc0, 0x00 }, // 隐
    { 0xe9, 0x9a, 0x94, 0x00, 0xfe, 0x4a, 0x36, 0xf2, 0x5e, 0xde, 0xf2, 0x00 }, // 隔
    { 0xe9, 0x9a, 0x98, 0x00, 0xfe, 0x36, 0x94, 0xee, 0xe4, 0xee, 0x94, 0x00 }, // 隘
    { 0xe9, 0x9a, 0x99, 0x00, 0xfe, 0x4a, 0x36, 0x44, 0x98, 0xfe, 0x44, 0x00 }, // 隙
    { 0xe9, 0x9a, 0x9c, 0x00, 0xfe, 0x36, 0x54, 0x7c, 0xf6, 0x7c, 0x54, 0x00 }, // 障
    { 0xe9, 0x9a, 0xa7, 0x00, 0xfe, 0x36, 0xf2, 0xa8, 0xda, 0xfc, 0xaa, 0x00 }, // 隧
    { 0xe9, 0x9a, 0xb6, 0x00, 0x90, 0xb4, 0x54, 0xfe, 0x54, 0xbc, 0x88, 0x00 }, // 隶
    { 0xe9, 0x9a, 0xbe, 0x00, 0x54, 0x24, 0x5c, 0xfe, 0x94, 0xfe, 0x94, 0x00 }, // 难
    { 0xe9, 0x9b, 0x80, 0x00, 0x28, 0x24, 0xf0, 0xbe, 0xe8, 0xa4, 0xa8, 0x00 }, // 雀
    { 0xe9, 0x9b, 0x81, 0x00, 0x80, 0x7e, 0xfa, 0x16, 0xfa, 0xfe, 0xaa, 0x00 }, // 雁
    { 0xe9, 0x9b, 0x84, 0x00, 0x44, 0xb4, 0xce, 0xa4, 0xfe, 0xfc, 0x96, 0x00 }, // 雄
    { 0xe9, 0x9b, 0x85, 0x00, 0x5a, 0xb6, 0xfe, 0x08, 0xfe, 0xfc, 0x96, 0x00 }, // 雅
    { 0xe9, 0x9b, 0x86, 0x00, 0xa8, 0xa4, 0x7e, 0xf4, 0x7e, 0xb4, 0xa0, 0x00 }, // 集
    { 0xe9, 0x9b, 0x87, 0x00, 0x80, 0x7c, 0x4c, 0xfe, 0xac, 0xfc, 0xa0, 0x00 }, // 雇
    { 0xe9, 0x9b, 0x8c, 0x00, 0xf8, 0xfe, 0x48, 0xfe, 0x94, 0xfe, 0x94, 0x00 }, // 雌
    { 0xe9, 0x9b, 0x8f, 0x00, 0x84, 0xaa, 0xaa, 0xfe, 0x94, 0xfe, 0x94, 0x00 }, // 雏
    { 0xe9, 0x9b, 0x95, 0x00, 0xfe, 0x6a, 0x5e, 0x6a, 0xfe, 0xfc, 0x96, 0x00 }, // 雕
    { 0xe9, 0x9b, 0xa8, 0x00, 0xfa, 0x0a, 0xaa, 0xfe, 0x0a, 0xaa, 0xfa, 0x00 }, // 雨
    { 0xe9, 0x9b, 0xaa, 0x00, 0x0c, 0xa4, 0xae, 0xae, 0xa6, 0xec, 0x0c, 0x00 }, // 雪
    { 0xe9, 0x9b, 0xb3, 0x00, 0x8c, 0x74, 0x9e, 0xbe, 0x76, 0xbc, 0xfc, 0x00 }, // 雳
    { 0xe9, 0x9b, 0xb6, 0x00, 0x2c, 0x24, 0x7e, 0xae, 0xb6, 0x6c, 0x2c, 0x00 }, // 零
    { 0xe9, 0x9b, 0xb7, 0x00, 0x0c, 0xe4, 0xae, 0xee, 0xa6, 0xec, 0x0c, 0x00 }, // 雷
    { 0xe9, 0x9b, 0xb9, 0x00, 0x2c, 0x24, 0xde, 0xde, 0xd6, 0x9c, 0xbc, 0x00 }, // 雹
    { 0xe9, 0x9b, 0xbe, 0x00, 0x2c, 0xa4, 0xbe, 0x5e, 0xb6, 0xec, 0x2c, 0x00 }, // 雾
    { 0xe9, 0x9c, 0x80, 0x00, 0xcc, 0x54, 0xde, 0x7e, 0xd6, 0x5c, 0xcc, 0x00 }, // 需
    { 0xe9, 0x9c, 0x87, 0x00, 0x8c, 0x74, 0xfe, 0xbe, 0x76, 0xbc, 0xac, 0x00 }, // 震
    { 0xe9, 0x9c, 0x89, 0x00, 0x2c, 0x74, 0x5e, 0x7e, 0xd6, 0xfc, 0x2c, 0x00 }, // 霉
    { 0xe9, 0x9c, 0x8d, 0x00, 0x4c, 0x24, 0xfe, 0xae, 0xf6, 0xac, 0xac, 0x00 }, // 霍
    { 0xe9, 0x9c, 0x8e, 0x00, 0xac, 0xa4, 0xfe, 0xae, 0x76, 0xac, 0xac, 0x00 }, // 霎
    { 0xe9, 0x9c, 0x9c, 0x00, 0xac, 0x64, 0xfe, 0x6e, 0xf6, 0x9c, 0xfc, 0x00 }, // 霜
    { 0xe9, 0x9c, 0x9e, 0x00, 0xfc, 0x54, 0x5e, 0x0e, 0xb6, 0x5c, 0xbc, 0x00 }, // 霞
    { 0xe9, 0x9c, 0xb2, 0x00, 0xbc, 0xd4, 0xbe, 0x4e, 0xd6, 0xac, 0xdc, 0x00 }, // 露
    { 0xe9, 0x9c, 0xb8, 0x00, 0x4c, 0x74, 0xee, 0x7e, 0x86, 0x6c, 0xec, 0x00 }, // 霸
    { 0xe9, 0x9c, 0xb9, 0x00, 0x4c, 0xf4, 0xfe, 0x5e, 0x76, 0xdc, 0x7c, 0x00 }, // 霹
    { 0xe9, 0x9d, 0x92, 0x00, 0x10, 0xf4, 0x54, 0x5e, 0x54, 0xf4, 0x10, 0x00 }, // 青
    { 0xe9, 0x9d, 0x96, 0x00, 0x54, 0x66, 0x5c, 0x10, 0xf4, 0x5e, 0xf4, 0x00 }, // 靖
    { 0xe9, 0x9d, 0x99, 0x00, 0x10, 0xf4, 0x5e, 0xf4, 0x54, 0xfa, 0x76, 0x00 }, // 静
    { 0xe9, 0x9d, 0x9e, 0x00, 0x54, 0x54, 0xfe, 0x00, 0xfe, 0x54, 0x54, 0x00 }, // 非
    { 0xe9, 0x9d, 0xa0, 0x00, 0x48, 0x7e, 0xec, 0x2e, 0xec, 0x7c, 0x48, 0x00 }, // 靠
    { 0xe9, 0x9d, 0xa1, 0x00, 0x80, 0x7c, 0x54, 0xfc, 0x16, 0xfc, 0x54, 0x00 }, // 靡
    { 0xe9, 0x9d, 0xa2, 0x00, 0xfa, 0x8a, 0xfa, 0xae, 0xfa, 0x8a, 0xfa, 0x00 }, // 面
    { 0xe9, 0x9d, 0xa9, 0x00, 0x44, 0x74, 0x5e, 0xf4, 0x5e, 0x74, 0x44, 0x00 }, // 革
    { 0xe9, 0x9d, 0xb4, 0x00, 0x6e, 0xfc, 0x6e, 0xfc, 0x12, 0xfe, 0x88, 0x00 }, // 靴
    { 0xe9, 0x9d, 0xb6, 0x00, 0x6e, 0xfc, 0x6e, 0xfe, 0x92, 0x9e, 0xde, 0x00 }, // 靶
    { 0xe9, 0x9e, 0x8b, 0x00, 0x6e, 0xfc, 0x6e, 0x90, 0xb4, 0xfe, 0xb4, 0x00 }, // 鞋
    { 0xe9, 0x9e, 0x8d, 0x00, 0x6e, 0xfc, 0x9e, 0xb4, 0x5e, 0x74, 0x9c, 0x00 }, // 鞍
    { 0xe9, 0x9e, 0xa0, 0x00, 0x6e, 0xfc, 0x6e, 0xae, 0x74, 0xac, 0xfc, 0x00 }, // 鞠
    { 0xe9, 0x9e, 0xad, 0x00, 0x6e, 0xfc, 0x6e, 0xfc, 0xba, 0x7e, 0x9a, 0x00 }, // 鞭
    { 0xe9, 0x9f, 0xa7, 0x00, 0x2a, 0xfe, 0x6a, 0x92, 0x7e, 0x82, 0xfe, 0x00 }, // 韧
    { 0xe9, 0x9f, 0xa9, 0x00, 0x5a, 0xee, 0x5a, 0x54, 0xfe, 0x54, 0xc4, 0x00 }, // 韩
    { 0xe9, 0x9f, 0xad, 0x00, 0xa8, 0xa8, 0xfe, 0x80, 0xfe, 0xa8, 0xa8, 0x00 }, // 韭
    { 0xe9, 0x9f, 0xb3, 0x00, 0x10, 0xf4, 0xbc, 0xb6, 0xbc, 0xf4, 0x10, 0x00 }, // 音
    { 0xe9, 0x9f, 0xb5, 0x00, 0x14, 0xdc, 0xd6, 0x1c, 0x56, 0xa4, 0xfc, 0x00 }, // 韵
    { 0xe9, 0xa1, 0xb5, 0x00, 0x82, 0xba, 0x8a, 0x6e, 0x0a, 0xba, 0x82, 0x00 }, // 页
    { 0xe9, 0xa1, 0xb6, 0x00, 0x42, 0x7e, 0x02, 0xba, 0x6e, 0x0a, 0xba, 0x00 }, // 顶
    { 0xe9, 0xa1, 0xb7, 0x00, 0x7e, 0x48, 0x28, 0xba, 0x6e, 0x0a, 0xba, 0x00 }, // 顷
    { 0xe9, 0xa1, 0xb9, 0x00, 0x44, 0x7c, 0x24, 0xba, 0x6e, 0x0a, 0xba, 0x00 }, // 项
    { 0xe9, 0xa1, 0xba, 0x00, 0x80, 0x7e, 0x3c, 0xfe, 0xba, 0x6e, 0xba, 0x00 }, // 顺
    { 0xe9, 0xa1, 0xbb, 0x00, 0x94, 0x4a, 0x00, 0xba, 0x6e, 0x0a, 0xba, 0x00 }, // 须
    { 0xe9, 0xa1, 0xbd, 0x00, 0x48, 0x3a, 0x7a, 0x48, 0xba, 0x6e, 0xba, 0x00 }, // 顽
    { 0xe9, 0xa1, 0xbe, 0x00, 0xfe, 0x7a, 0x4a, 0x58, 0xba, 0x6e, 0xba, 0x00 }, // 顾
    { 0xe9, 0xa1, 0xbf, 0x00, 0x34, 0x24, 0xfe, 0xa4, 0xba, 0x6e, 0xba, 0x00 }, // 顿
    { 0xe9, 0xa2, 0x81, 0x00, 0x88, 0x76, 0x90, 0xf6, 0xba, 0x6e, 0xba, 0x00 }, // 颁
    { 0xe9, 0xa2, 0x82, 0x00, 0x88, 0xc6, 0xb0, 0x46, 0xba, 0x6e, 0xba, 0x00 }, // 颂
    { 0xe9, 0xa2, 0x84, 0x00, 0x92, 0xfa, 0x36, 0x80, 0xba, 0x6e, 0xba, 0x00 }, // 预
    { 0xe9, 0xa2, 0x85, 0x00, 0x80, 0x78, 0x2e, 0x3a, 0xba, 0x6e, 0xba, 0x00 }, // 颅
    { 0xe9, 0xa2, 0x86, 0x00, 0x64, 0xaa, 0x64, 0x82, 0xba, 0x6e, 0xba, 0x00 }, // 领
    { 0xe9, 0xa2, 0x87, 0x00, 0xfc, 0xb4, 0x5e, 0xb4, 0xba, 0x6e, 0xba, 0x00 }, // 颇
    { 0xe9, 0xa2, 0x88, 0x00, 0x90, 0xb2, 0x6a, 0x56, 0xba, 0x6e, 0xba, 0x00 }, // 颈
    { 0xe9, 0xa2, 0x8a, 0x00, 0xac, 0xa4, 0x7e, 0xac, 0xba, 0x6e, 0xba, 0x00 }, // 颊
    { 0xe9, 0xa2, 0x91, 0x00, 0xbc, 0x90, 0x7e, 0x34, 0xba, 0x6e, 0xba, 0x00 }, // 频
    { 0xe9, 0xa2, 0x93, 0x00, 0x94, 0x6e, 0x3e, 0xec, 0xba, 0x6e, 0xba, 0x00 }, // 颓
    { 0xe9, 0xa2, 0x96, 0x00, 0xae, 0x74, 0xf4, 0x60, 0xba, 0x6e, 0xba, 0x00 }, // 颖
    { 0xe9, 0xa2, 0x97, 0x00, 0xae, 0x6a, 0xfe, 0x6e, 0xba, 0x6e, 0xba, 0x00 }, // 颗
    { 0xe9, 0xa2, 0x98, 0x00, 0x88, 0x6e, 0x7e, 0xa8, 0xda, 0xbe, 0xda, 0x00 }, // 题
    { 0xe9, 0xa2, 0x9c, 0x00, 0xf4, 0x1c, 0xb6, 0x5c, 0xba, 0x6e, 0xba, 0x00 }, // 颜
    { 0xe9, 0xa2, 0x9d, 0x00, 0x4c, 0xd4, 0xae, 0xdc, 0xba, 0x6e, 0xba, 0x00 }, // 额
    { 0xe9, 0xa2, 0xa0, 0x00, 0xa4, 0x3c, 0x3e, 0xa4, 0xba, 0x6e, 0xba, 0x00 }, // 颠
    { 0xe9, 0xa2, 0xa4, 0x00, 0x9c, 0xfc, 0xf6, 0x5c, 0xba, 0x6e, 0xba, 0x00 }, // 颤
    { 0xe9, 0xa3, 0x8e, 0x00, 0x80, 0x7e, 0x2a, 0x12, 0x2a, 0xfe, 0x80, 0x00 }, // 风
    { 0xe9, 0xa3, 0x92, 0x00, 0x54, 0x66, 0xfe, 0x12, 0x2a, 0xfe, 0x80, 0x00 }, // 飒
    { 0xe9, 0xa3, 0x98, 0x00, 0xa2, 0x2e, 0xee, 0x7e, 0x12, 0x2a, 0xfe, 0x00 }, // 飘
    { 0xe9, 0xa3, 0x9e, 0x00, 0x02, 0x02, 0x02, 0x02, 0x7e, 0x88, 0xd4, 0x00 }, // 飞
    { 0xe9, 0xa3, 0x9f, 0x00, 0x08, 0x08, 0xf4, 0xba, 0xb4, 0x48, 0xa8, 0x00 }, // 食
    { 0xe9, 0xa4, 0x90, 0x00, 0x48, 0x28, 0xf6, 0xbc, 0x56, 0xaa, 0x56, 0x00 }, // 餐
    { 0xe9, 0xa5, 0xa5, 0x00, 0x08, 0xf6, 0x8c, 0x7e, 0x02, 0xfe, 0x80, 0x00 }, // 饥
    { 0xe9, 0xa5, 0xad, 0x00, 0x08, 0xf6, 0x84, 0x7c, 0xb4, 0x52, 0xb2, 0x00 }, // 饭
    { 0xe9, 0xa5, 0xae, 0x00, 0x08, 0xf6, 0x4c, 0x08, 0x86, 0x7c, 0x8c, 0x00 }, // 饮
    { 0xe9, 0xa5, 0xb0, 0x00, 0x08, 0xf6, 0x8c, 0x68, 0x26, 0xfc, 0x64, 0x00 }, // 饰
    { 0xe9, 0xa5, 0xb1, 0x00, 0x08, 0xf6, 0x4c, 0x08, 0xf6, 0xb4, 0xbc, 0x00 }, // 饱
    { 0xe9, 0xa5, 0xb2, 0x00, 0x08, 0xf6, 0x8c, 0x6a, 0x6a, 0x82, 0xfe, 0x00 }, // 饲
    { 0xe9, 0xa5, 0xb5, 0x00, 0x08, 0xf6, 0x8c, 0x42, 0x7e, 0x5a, 0xfe, 0x00 }, // 饵
    { 0xe9, 0xa5, 0xb6, 0x00, 0x08, 0xf6, 0xac, 0x74, 0x36, 0xec, 0xb4, 0x00 }, // 饶
    { 0xe9, 0xa5, 0xba, 0x00, 0xf6, 0x4c, 0x94, 0xac, 0x46, 0xac, 0x94, 0x00 }, // 饺
    { 0xe9, 0xa5, 0xbc, 0x00, 0x08, 0xf6, 0xac, 0x7a, 0x28, 0xfa, 0x28, 0x00 }, // 饼
    { 0xe9, 0xa5, 0xbf, 0x00, 0x08, 0xf6, 0x44, 0xfc, 0x4a, 0x7e, 0xaa, 0x00 }, // 饿
    { 0xe9, 0xa6, 0x81, 0x00, 0x08, 0xf6, 0xa4, 0xec, 0xb4, 0x6a, 0xa6, 0x00 }, // 馁
    { 0xe9, 0xa6, 0x85, 0x00, 0x08, 0xf6, 0x4c, 0xf4, 0x82, 0xda, 0xf6, 0x00 }, // 馅
    { 0xe9, 0xa6, 0x86, 0x00, 0x08, 0xf6, 0x44, 0x0c, 0xf4, 0xb6, 0xec, 0x00 }, // 馆
    { 0xe9, 0xa6, 0x8b, 0x00, 0x08, 0xf6, 0x4c, 0x24, 0x5a, 0xbe, 0x2c, 0x00 }, // 馋
    { 0xe9, 0xa6, 0x8d, 0x00, 0xf6, 0x4c, 0xa4, 0xbe, 0x6c, 0xbe, 0xa4, 0x00 }, // 馍
    { 0xe9, 0xa6, 0x8f, 0x00, 0x08, 0xf6, 0x5c, 0xf4, 0xf2, 0xee, 0x1e, 0x00 }, // 馏
    { 0xe9, 0xa6, 0x92, 0x00, 0x08, 0xf6, 0x5c, 0xbe, 0x5a, 0xbe, 0x98, 0x00 }, // 馒
    { 0xe9, 0xa6, 0x96, 0x00, 0x04, 0xf6, 0xb4, 0xbc, 0xb4, 0xf6, 0x04, 0x00 }, // 首
    { 0xe9, 0xa6, 0x99, 0x00, 0x28, 0xec, 0xdc, 0xfc, 0xda, 0xea, 0x28, 0x00 }, // 香
    { 0xe9, 0xa9, 0xac, 0x00, 0x40, 0x5a, 0x52, 0x52, 0x52, 0x9e, 0xf0, 0x00 }, // 马
    { 0xe9, 0xa9, 0xae, 0x00, 0x5a, 0x92, 0xf6, 0x80, 0x88, 0x7e, 0x88, 0x00 }, // 驮
    { 0xe9, 0xa9, 0xaf, 0x00, 0x5a, 0x92, 0xfe, 0x00, 0x7c, 0x00, 0xfe, 0x00 }, // 驯
    { 0xe9, 0xa9, 0xb0, 0x00, 0x5a, 0x92, 0xf6, 0xfc, 0x88, 0xbe, 0xd8, 0x00 }, // 驰
    { 0xe9, 0xa9, 0xb1, 0x00, 0x5a, 0x92, 0xf6, 0x00, 0xfe, 0x92, 0xaa, 0x00 }, // 驱
    { 0xe9, 0xa9, 0xb3, 0x00, 0x5a, 0x92, 0xf6, 0x80, 0xaa, 0x44, 0xaa, 0x00 }, // 驳
    { 0xe9, 0xa9, 0xb4, 0x00, 0x5a, 0x92, 0xf6, 0x80, 0x7c, 0x16, 0x1c, 0x00 }, // 驴
    { 0xe9, 0xa9, 0xb6, 0x00, 0x5a, 0x92, 0xf6, 0x9c, 0xb4, 0x7e, 0x9c, 0x00 }, // 驶
    { 0xe9, 0xa9, 0xb9, 0x00, 0x5a, 0x92, 0xf6, 0x08, 0x36, 0xb4, 0xfc, 0x00 }, // 驹
    { 0xe9, 0xa9, 0xbb, 0x00, 0x5a, 0x92, 0xf6, 0x00, 0xaa, 0xfc, 0xa8, 0x00 }, // 驻
    { 0xe9, 0xa9, 0xbc, 0x00, 0x5a, 0x92, 0xf6, 0x0c, 0xf4, 0xa6, 0xac, 0x00 }, // 驼
    { 0xe9, 0xa9, 0xbe, 0x00, 0x94, 0x8e, 0xb4, 0xac, 0xbc, 0x34, 0xfc, 0x00 }, // 驾
    { 0xe9, 0xaa, 0x82, 0x00, 0x8e, 0xba, 0xae, 0xa8, 0xae, 0x3a, 0xee, 0x00 }, // 骂
    { 0xe9, 0xaa, 0x84, 0x00, 0x5a, 0x92, 0xf6, 0x94, 0x6e, 0x06, 0xec, 0x00 }, // 骄
    { 0xe9, 0xaa, 0x86, 0x00, 0x5a, 0x92, 0xf6, 0x10, 0xf4, 0xaa, 0xf6, 0x00 }, // 骆
    { 0xe9, 0xaa, 0x87, 0x00, 0x5a, 0x92, 0xf6, 0x94, 0xbc, 0x56, 0xac, 0x00 }, // 骇
    { 0xe9, 0xaa, 0x8c, 0x00, 0x5a, 0x92, 0xf6, 0xc4, 0xaa, 0xcc, 0xa8, 0x00 }, // 验
    { 0xe9, 0xaa, 0x8f, 0x00, 0x5a, 0x92, 0xf6, 0x54, 0xae, 0x64, 0x9e, 0x00 }, // 骏
    { 0xe9, 0xaa, 0x91, 0x00, 0x5a, 0x92, 0xf6, 0x24, 0xb4, 0x2e, 0xf4, 0x00 }, // 骑
    { 0xe9, 0xaa, 0x97, 0x00, 0x5a, 0x92, 0xf6, 0x40, 0xfc, 0x6e, 0xec, 0x00 }, // 骗
    { 0xe9, 0xaa, 0x9a, 0x00, 0x5a, 0x92, 0xf6, 0x90, 0xf6, 0xea, 0xb6, 0x00 }, // 骚
    { 0xe9, 0xaa, 0xa1, 0x00, 0x5a, 0x92, 0xf6, 0x3a, 0xee, 0x2a, 0xae, 0x00 }, // 骡
    { 0xe9, 0xaa, 0xa4, 0x00, 0x5a, 0x92, 0xf6, 0x56, 0xfe, 0x4a, 0x96, 0x00 }, // 骤
    { 0xe9, 0xaa, 0xa8, 0x00, 0x18, 0xfe, 0x2e, 0x2a, 0xaa, 0xfe, 0x18, 0x00 }, // 骨
    { 0xe9, 0xab, 0x93, 0x00, 0x18, 0xee, 0xfe, 0xfa, 0x94, 0xfe, 0xf4, 0x00 }, // 髓
    { 0xe9, 0xab, 0x98, 0x00, 0xe4, 0x24, 0xfc, 0xb6, 0xfc, 0x24, 0xe4, 0x00 }, // 高
    { 0xe9, 0xac, 0x93, 0x00, 0x58, 0xce, 0x7a, 0x5a, 0x78, 0xdc, 0x5a, 0x00 }, // 鬓
    { 0xe9, 0xac, 0xbc, 0x00, 0x80, 0xbc, 0x74, 0x3e, 0xf4, 0xdc, 0xa0, 0x00 }, // 鬼
    { 0xe9, 0xad, 0x81, 0x00, 0x9c, 0x7e, 0xfc, 0xaa, 0xa0, 0xfe, 0x90, 0x00 }, // 魁
    { 0xe9, 0xad, 0x82, 0x00, 0x6a, 0x5a, 0x6a, 0xbc, 0x7e, 0xf4, 0xbc, 0x00 }, // 魂
    { 0xe9, 0xad, 0x84, 0x00, 0x7c, 0x56, 0x7c, 0xbc, 0x7e, 0xf4, 0xbc, 0x00 }, // 魄
    { 0xe9, 0xad, 0x8f, 0x00, 0xb4, 0xee, 0x7e, 0xac, 0x7e, 0xf4, 0xbc, 0x00 }, // 魏
    { 0xe9, 0xad, 0x94, 0x00, 0x80, 0x7c, 0x94, 0x7c, 0x76, 0xfc, 0x94, 0x00 }, // 魔
    { 0xe9, 0xb1, 0xbc, 0x00, 0x84, 0xbc, 0xaa, 0xba, 0xae, 0xb8, 0x80, 0x00 }, // 鱼
    { 0xe9, 0xb2, 0x81, 0x00, 0x24, 0xfc, 0xaa, 0xba, 0xae, 0xf8, 0x20, 0x00 }, // 鲁
    { 0xe9, 0xb2, 0x9c, 0x00, 0x84, 0xba, 0xbe, 0x44, 0x56, 0xfc, 0x56, 0x00 }, // 鲜
    { 0xe9, 0xb2, 0xa4, 0x00, 0x84, 0xba, 0x3e, 0xaa, 0xfe, 0xaa, 0xbe, 0x00 }, // 鲤
    { 0xe9, 0xb2, 0xab, 0x00, 0xba, 0xbe, 0xfc, 0x94, 0x5c, 0xfe, 0x3e, 0x00 }, // 鲫
    { 0xe9, 0xb2, 0xb8, 0x00, 0x84, 0xba, 0x3e, 0x44, 0x9c, 0xf6, 0x5c, 0x00 }, // 鲸
    { 0xe9, 0xb3, 0x84, 0x00, 0x84, 0xba, 0xbe, 0x16, 0x3e, 0xb8, 0xd6, 0x00 }, // 鳄
    { 0xe9, 0xb3, 0x8d, 0x00, 0x84, 0xba, 0xbe, 0x14, 0xce, 0xfc, 0xea, 0x00 }, // 鳍
    { 0xe9, 0xb3, 0x96, 0x00, 0xba, 0xec, 0xbc, 0xea, 0xb4, 0xea, 0x96, 0x00 }, // 鳖
    { 0xe9, 0xb3, 0x9e, 0x00, 0xba, 0x7e, 0xaa, 0x64, 0x4e, 0xe4, 0x4a, 0x00 }, // 鳞
    { 0xe9, 0xb8, 0x9f, 0x00, 0x80, 0xbc, 0xa4, 0xb6, 0xa4, 0x3c, 0xe0, 0x00 }, // 鸟
    { 0xe9, 0xb8, 0xa0, 0x00, 0x44, 0x3e, 0x7c, 0x40, 0xbc, 0x36, 0xec, 0x00 }, // 鸠
    { 0xe9, 0xb8, 0xa1, 0x00, 0x54, 0x24, 0x5c, 0xbc, 0xb6, 0x3c, 0xe0, 0x00 }, // 鸡
    { 0xe9, 0xb8, 0xa3, 0x00, 0x3c, 0x3c, 0x80, 0xbc, 0xb6, 0x3c, 0xe0, 0x00 }, // 鸣
    { 0xe9, 0xb8, 0xa5, 0x00, 0xfe, 0xaa, 0x92, 0x28, 0xbc, 0x36, 0xec, 0x00 }, // 鸥
    { 0xe9, 0xb8, 0xa6, 0x00, 0x5a, 0xb6, 0xfe, 0x12, 0xbc, 0x36, 0xec, 0x00 }, // 鸦
    { 0xe9, 0xb8, 0xad, 0x00, 0x1e, 0xfe, 0x1e, 0xbc, 0xb6, 0x3c, 0xe0, 0x00 }, // 鸭
    { 0xe9, 0xb8, 0xaf, 0x00, 0xa8, 0x9c, 0xac, 0xbe, 0xac, 0x3c, 0xe8, 0x00 }, // 鸯
    { 0xe9, 0xb8, 0xb3, 0x00, 0x94, 0x96, 0xba, 0xb6, 0xbe, 0x32, 0xf6, 0x00 }, // 鸳
    { 0xe9, 0xb8, 0xb5, 0x00, 0xbc, 0x36, 0xec, 0x0c, 0xf4, 0xa6, 0xac, 0x00 }, // 鸵
    { 0xe9, 0xb8, 0xbd, 0x00, 0xec, 0xaa, 0xec, 0x00, 0xbc, 0x36, 0xec, 0x00 }, // 鸽
    { 0xe9, 0xb8, 0xbf, 0x00, 0xea, 0x44, 0x7c, 0xa4, 0xbc, 0x36, 0xec, 0x00 }, // 鸿
    { 0xe9, 0xb9, 0x83, 0x00, 0xf0, 0x56, 0x56, 0xf0, 0xbc, 0x36, 0xec, 0x00 }, // 鹃
    { 0xe9, 0xb9, 0x85, 0x00, 0x4c, 0xfc, 0x4a, 0xfe, 0xbc, 0x36, 0xec, 0x00 }, // 鹅
    { 0xe9, 0xb9, 0x89, 0x00, 0xea, 0xca, 0x7c, 0x8a, 0xbc, 0x36, 0xec, 0x00 }, // 鹉
    { 0xe9, 0xb9, 0x8a, 0x00, 0x14, 0xde, 0xd4, 0x1e, 0xbc, 0x36, 0xec, 0x00 }, // 鹊
    { 0xe9, 0xb9, 0x8f, 0x00, 0xfe, 0x2a, 0xfe, 0xfe, 0xbc, 0x36, 0xec, 0x00 }, // 鹏
    { 0xe9, 0xb9, 0xa4, 0x00, 0x2c, 0xf4, 0xfe, 0x94, 0xbc, 0x36, 0xec, 0x00 }, // 鹤
    { 0xe9, 0xb9, 0xa6, 0x00, 0xb6, 0xea, 0xb6, 0x6a, 0xbe, 0x34, 0xee, 0x00 }, // 鹦
    { 0xe9, 0xb9, 0xb0, 0x00, 0x80, 0x7c, 0x9c, 0xa4, 0xbe, 0x3c, 0xf4, 0x00 }, // 鹰
    { 0xe9, 0xb9, 0xbf, 0x00, 0x80, 0x7c, 0xf4, 0xbc, 0x16, 0xfc, 0xa4, 0x00 }, // 鹿
    { 0xe9, 0xba, 0xa6, 0x00, 0x90, 0x54, 0xb4, 0x5e, 0xb4, 0x94, 0x90, 0x00 }, // 麦
    { 0xe9, 0xba, 0xb8, 0x00, 0xa4, 0x5e, 0xb4, 0x00, 0x94, 0x7e, 0x94, 0x00 }, // 麸
    { 0xe9, 0xba, 0xbb, 0x00, 0x80, 0x7c, 0x54, 0xfc, 0x56, 0xfc, 0x54, 0x00 }, // 麻
    { 0xe9, 0xbb, 0x84, 0x00, 0x94, 0xf4, 0x5e, 0x74, 0x5e, 0xf4, 0x94, 0x00 }, // 黄
    { 0xe9, 0xbb, 0x8d, 0x00, 0x54, 0xd4, 0x6e, 0xde, 0x6e, 0xd4, 0x54, 0x00 }, // 黍
    { 0xe9, 0xbb, 0x8e, 0x00, 0x54, 0xce, 0x7e, 0xd4, 0x6e, 0xd4, 0x5c, 0x00 }, // 黎
    { 0xe9, 0xbb, 0x91, 0x00, 0x80, 0x2e, 0xaa, 0x3e, 0xaa, 0x2e, 0x80, 0x00 }, // 黑
    { 0xe9, 0xbb, 0x94, 0x00, 0xae, 0x3e, 0xae, 0x24, 0xaa, 0x64, 0x28, 0x00 }, // 黔
    { 0xe9, 0xbb, 0x98, 0x00, 0xae, 0x3e, 0xae, 0x48, 0x3e, 0x48, 0x8a, 0x00 }, // 默
    { 0xe9, 0xbc, 0x8e, 0x00, 0x9c, 0x50, 0xfe, 0x0e, 0xfe, 0x50, 0xdc, 0x00 }, // 鼎
    { 0xe9, 0xbc, 0x93, 0x00, 0xb4, 0xee, 0x54, 0x80, 0xb4, 0x5e, 0xb4, 0x00 }, // 鼓
    { 0xe9, 0xbc, 0xa0, 0x00, 0x00, 0xfc, 0xaa, 0x58, 0xaa, 0x7e, 0x80, 0x00 }, // 鼠
    { 0xe9, 0xbc, 0xbb, 0x00, 0x40, 0xf0, 0x5c, 0x76, 0xdc, 0x70, 0x40, 0x00 }, // 鼻
    { 0xe9, 0xbd, 0x90, 0x00, 0x24, 0xa4, 0x6c, 0x16, 0xec, 0x24, 0x24, 0x00 }, // 齐
    { 0xe9, 0xbd, 0xbf, 0x00, 0xf0, 0x9c, 0xd0, 0xbe, 0xd4, 0x94, 0xe0, 0x00 }, // 齿
    { 0xe9, 0xbe, 0x84, 0x00, 0xfc, 0xd0, 0xbe, 0xf4, 0x64, 0xaa, 0x64, 0x00 }, // 龄
    { 0xe9, 0xbe, 0x99, 0x00, 0x84, 0x44, 0x3e, 0x44, 0xfc, 0xa6, 0xd4, 0x00 }, // 龙
    { 0xe9, 0xbe, 0x9f, 0x00, 0x04, 0x3c, 0x2a, 0x7a, 0xae, 0xb8, 0xc0, 0x00 }, // 龟
    { 0xef, 0xbc, 0x81, 0x00, 0x00, 0xbe, 0x00, 0x00, 0x00, 0x00, 0x00, 0x00 }, // ！
    { 0xef, 0xbc, 0x88, 0x00, 0x00, 0x00, 0x00, 0x38, 0x44, 0x82, 0x00, 0x00 }, // （
    { 0xef, 0xbc, 0x89, 0x00, 0x00, 0x82, 0x44, 0x38, 0x00, 0x00, 0x00, 0x00 }, // ）
    { 0xef, 0xbc, 0x8c, 0x00, 0x00, 0xa0, 0x60, 0x00, 0x00, 0x00, 0x00, 0x00 }, // ，
    { 0xef, 0xbc, 0x9a, 0x00, 0x00, 0x6c, 0x6c, 0x00, 0x00, 0x00, 0x00, 0x00 }, // ：
    { 0xef, 0xbc, 0x9b, 0x00, 0x00, 0xac, 0x6c, 0x00, 0x00, 0x00, 0x00, 0x00 }, // ；
    { 0xef, 0xbc, 0x9f, 0x00, 0x04, 0x02, 0xa2, 0x12, 0x0c, 0x00, 0x00, 0x00 }, // ？
    { 0xef, 0xbf, 0xa5, 0x00, 0x00, 0x56, 0x58, 0xf0, 0x58, 0x56, 0x00, 0x00 }, // ￥
};

const UnicodeFont fontu = {
    .h = 8,
    .w = 8,
    .len = 3523,
    .chars = (const uint8_t *)fontu_data
};
